solid OpenSCAD_Model
  facet normal 0 0 -1
    outer loop
      vertex -43.41296537965536 -19.185556516051292 0
      vertex -35.026363998651505 -15.5 0
      vertex -43.25117892771959 -19.301873058080673 0
    endloop
  endfacet
  facet normal 0 0 -1
    outer loop
      vertex -42.911231979727745 -19.509610317647457 0
      vertex -35.026363998651505 -15.5 0
      vertex -42.733916491270065 -19.60051466524601 0
    endloop
  endfacet
  facet normal 0 0 -1
    outer loop
      vertex -43.25117892771959 -19.301873058080673 0
      vertex -35.026363998651505 -15.5 0
      vertex -43.08379566669464 -19.40998063236475 0
    endloop
  endfacet
  facet normal 0 0 -1
    outer loop
      vertex -42.911231979727745 -19.509610317647457 0
      vertex -43.08379566669464 -19.40998063236475 0
      vertex -35.026363998651505 -15.5 0
    endloop
  endfacet
  facet normal 0 0 -1
    outer loop
      vertex -43.86079705506563 -18.79034271836281 0
      vertex -43.996327966451645 -18.64427513629198 0
      vertex -35.026363998651505 -15.5 0
    endloop
  endfacet
  facet normal 0 0 -1
    outer loop
      vertex -44.12440949678421 -18.491633504629135 0
      vertex -35.026363998651505 -15.5 0
      vertex -43.996327966451645 -18.64427513629198 0
    endloop
  endfacet
  facet normal 0 0 -1
    outer loop
      vertex -44.244723334908485 -18.332797184586525 0
      vertex -35.026363998651505 -15.5 0
      vertex -44.12440949678421 -18.491633504629135 0
    endloop
  endfacet
  facet normal 0 0 -1
    outer loop
      vertex -44.244723334908485 -18.332797184586525 0
      vertex -44.356970243155956 -18.16816121339798 0
      vertex -35.026363998651505 -15.5 0
    endloop
  endfacet
  facet normal 0 0 -1
    outer loop
      vertex -43.568752750754356 -19.0613202303648 0
      vertex -43.71815375983715 -18.92947306483984 0
      vertex -35.026363998651505 -15.5 0
    endloop
  endfacet
  facet normal 0 0 -1
    outer loop
      vertex -43.568752750754356 -19.0613202303648 0
      vertex -35.026363998651505 -15.5 0
      vertex -43.41296537965536 -19.185556516051292 0
    endloop
  endfacet
  facet normal 0 0 -1
    outer loop
      vertex -43.86079705506563 -18.79034271836281 0
      vertex -35.026363998651505 -15.5 0
      vertex -43.71815375983715 -18.92947306483984 0
    endloop
  endfacet
  facet normal 0 0 -1
    outer loop
      vertex -42.36680480837822 -19.755265220999718 0
      vertex -35.026363998651505 -15.5 0
      vertex -42.17792120575905 -19.818726740777493 0
    endloop
  endfacet
  facet normal 0 0 -1
    outer loop
      vertex -42.17792120575905 -19.818726740777493 0
      vertex -35.026363998651505 -15.5 0
      vertex -41.98610918223858 -19.87269426882267 0
    endloop
  endfacet
  facet normal 0 0 -1
    outer loop
      vertex -41.98610918223858 -19.87269426882267 0
      vertex -35.026363998651505 -15.5 0
      vertex -41.7918454259634 -19.917033709585667 0
    endloop
  endfacet
  facet normal 0 0 -1
    outer loop
      vertex -41.7918454259634 -19.917033709585667 0
      vertex -35.026363998651505 -15.5 0
      vertex -41.59561301767826 -19.951634779572487 0
    endloop
  endfacet
  facet normal 0 0 -1
    outer loop
      vertex -42.552290208637714 -19.682467557489872 0
      vertex -42.733916491270065 -19.60051466524601 0
      vertex -35.026363998651505 -15.5 0
    endloop
  endfacet
  facet normal 0 0 -1
    outer loop
      vertex -42.552290208637714 -19.682467557489872 0
      vertex -35.026363998651505 -15.5 0
      vertex -42.36680480837822 -19.755265220999718 0
    endloop
  endfacet
  facet normal 0 0 -1
    outer loop
      vertex -41.397899970412254 -19.976411439478397 0
      vertex -35.026363998651505 -15.5 0
      vertex -41.17432228475809 -19.993166267871857 0
    endloop
  endfacet
  facet normal 0 0 -1
    outer loop
      vertex -41.59561301767826 -19.951634779572487 0
      vertex -35.026363998651505 -15.5 0
      vertex -41.397899970412254 -19.976411439478397 0
    endloop
  endfacet
  facet normal 0 0 -1
    outer loop
      vertex -41.17432228475809 -19.993166267871857 0
      vertex -35.026363998651505 -15.5 0
      vertex -41.02491416037083 -19.998756729066372 0
    endloop
  endfacet
  facet normal 0 0 -1
    outer loop
      vertex -44.965255565941334 -16.496910966932774 0
      vertex -44.98509541898966 -16.29864151030779 0
      vertex -35.026363998651505 -15.5 0
    endloop
  endfacet
  facet normal 0 0 -1
    outer loop
      vertex -44.460871145129204 -17.998134925961494 0
      vertex -44.55616784095764 -17.8231408521533 0
      vertex -35.026363998651505 -15.5 0
    endloop
  endfacet
  facet normal 0 0 -1
    outer loop
      vertex -44.64262329787016 -17.64361423999071 0
      vertex -35.026363998651505 -15.5 0
      vertex -44.55616784095764 -17.8231408521533 0
    endloop
  endfacet
  facet normal 0 0 -1
    outer loop
      vertex -44.356970243155956 -18.16816121339798 0
      vertex -44.460871145129204 -17.998134925961494 0
      vertex -35.026363998651505 -15.5 0
    endloop
  endfacet
  facet normal 0 0 -1
    outer loop
      vertex -44.64262329787016 -17.64361423999071 0
      vertex -44.72002266347408 -17.46000125259161 0
      vertex -35.026363998651505 -15.5 0
    endloop
  endfacet
  facet normal 0 0 -1
    outer loop
      vertex -44.72002266347408 -17.46000125259161 0
      vertex -44.78817340731621 -17.27275860309601 0
      vertex -35.026363998651505 -15.5 0
    endloop
  endfacet
  facet normal 0 0 -1
    outer loop
      vertex -44.78817340731621 -17.27275860309601 0
      vertex -44.84690622240305 -17.082351505756378 0
      vertex -35.026363998651505 -15.5 0
    endloop
  endfacet
  facet normal 0 0 -1
    outer loop
      vertex -44.84690622240305 -17.082351505756378 0
      vertex -44.89607494324446 -16.88925378769636 0
      vertex -35.026363998651505 -15.5 0
    endloop
  endfacet
  facet normal 0 0 -1
    outer loop
      vertex -44.89607494324446 -16.88925378769636 0
      vertex -44.93555746972561 -16.693944983184338 0
      vertex -35.026363998651505 -15.5 0
    endloop
  endfacet
  facet normal 0 0 -1
    outer loop
      vertex -44.93555746972561 -16.693944983184338 0
      vertex -44.965255565941334 -16.496910966932774 0
      vertex -35.026363998651505 -15.5 0
    endloop
  endfacet
  facet normal 0 0 -1
    outer loop
      vertex -44.98509541898966 -16.29864151030779 0
      vertex -44.99502768367529 -16.099629811942577 0
      vertex -35.026363998651505 -15.5 0
    endloop
  endfacet
  facet normal -0.5425462722332239 -0.8400259177464898 0
    outer loop
      vertex -43.25117892771959 -19.301873058080673 0
      vertex -43.08379566669464 -19.40998063236475 0
      vertex -43.25117892771959 -19.301873058080673 2
    endloop
  endfacet
  facet normal -0.7330518681240406 -0.6801727417648067 0
    outer loop
      vertex -43.86079705506563 -18.79034271836281 0
      vertex -43.996327966451645 -18.64427513629198 2
      vertex -43.996327966451645 -18.64427513629198 0
    endloop
  endfacet
  facet normal -0.6234898107889876 -0.7818314753463897 0
    outer loop
      vertex -43.568752750754356 -19.0613202303648 0
      vertex -43.41296537965536 -19.185556516051292 0
      vertex -43.568752750754356 -19.0613202303648 2
    endloop
  endfacet
  facet normal -0.5837436868888095 -0.8119379951803336 0
    outer loop
      vertex -43.41296537965536 -19.185556516051292 0
      vertex -43.25117892771959 -19.301873058080673 0
      vertex -43.41296537965536 -19.185556516051292 2
    endloop
  endfacet
  facet normal -0.6982368259441671 -0.7158668415951496 0
    outer loop
      vertex -43.86079705506563 -18.79034271836281 0
      vertex -43.71815375983715 -18.92947306483984 0
      vertex -43.86079705506563 -18.79034271836281 2
    endloop
  endfacet
  facet normal -0.6616858170608877 -0.7497812210908362 0
    outer loop
      vertex -43.568752750754356 -19.0613202303648 0
      vertex -43.71815375983715 -18.92947306483984 2
      vertex -43.71815375983715 -18.92947306483984 0
    endloop
  endfacet
  facet normal -0.9009688736025301 -0.4338837272811556 0
    outer loop
      vertex -44.64262329787016 -17.64361423999071 0
      vertex -44.55616784095764 -17.8231408521533 0
      vertex -44.64262329787016 -17.64361423999071 2
    endloop
  endfacet
  facet normal -0.9214762101859033 -0.3884348002708112 0
    outer loop
      vertex -44.64262329787016 -17.64361423999071 0
      vertex -44.72002266347408 -17.46000125259161 2
      vertex -44.72002266347408 -17.46000125259161 0
    endloop
  endfacet
  facet normal -0.9396926323336212 -0.3420201115985866 0
    outer loop
      vertex -44.72002266347408 -17.46000125259161 0
      vertex -44.78817340731621 -17.27275860309601 2
      vertex -44.78817340731621 -17.27275860309601 0
    endloop
  endfacet
  facet normal -0.7660444591766996 -0.6427875905496915 0
    outer loop
      vertex -44.12440949678421 -18.491633504629135 0
      vertex -43.996327966451645 -18.64427513629198 0
      vertex -44.12440949678421 -18.491633504629135 2
    endloop
  endfacet
  facet normal -0.797132504568374 -0.603804413829968 0
    outer loop
      vertex -44.244723334908485 -18.332797184586525 0
      vertex -44.12440949678421 -18.491633504629135 0
      vertex -44.244723334908485 -18.332797184586525 2
    endloop
  endfacet
  facet normal -0.8262387657164589 -0.5633200706768244 0
    outer loop
      vertex -44.244723334908485 -18.332797184586525 0
      vertex -44.356970243155956 -18.16816121339798 2
      vertex -44.356970243155956 -18.16816121339798 0
    endloop
  endfacet
  facet normal -0.8532908803817549 -0.5214352054256881 0
    outer loop
      vertex -44.356970243155956 -18.16816121339798 0
      vertex -44.460871145129204 -17.998134925961494 2
      vertex -44.460871145129204 -17.998134925961494 0
    endloop
  endfacet
  facet normal -0.8782215682974672 -0.4782539879364699 0
    outer loop
      vertex -44.460871145129204 -17.998134925961494 0
      vertex -44.55616784095764 -17.8231408521533 2
      vertex -44.55616784095764 -17.8231408521533 0
    endloop
  endfacet
  facet normal -0.9555728002850473 -0.2947551922450104 0
    outer loop
      vertex -44.78817340731621 -17.27275860309601 0
      vertex -44.84690622240305 -17.082351505756378 2
      vertex -44.84690622240305 -17.082351505756378 0
    endloop
  endfacet
  facet normal -0.9690772860409408 -0.24675739842915462 0
    outer loop
      vertex -44.84690622240305 -17.082351505756378 0
      vertex -44.89607494324446 -16.88925378769636 2
      vertex -44.89607494324446 -16.88925378769636 0
    endloop
  endfacet
  facet normal -0.9801724879871314 -0.19814614251384477 0
    outer loop
      vertex -44.89607494324446 -16.88925378769636 0
      vertex -44.93555746972561 -16.693944983184338 2
      vertex -44.93555746972561 -16.693944983184338 0
    endloop
  endfacet
  facet normal -0.9950307746059053 -0.09956785418583765 0
    outer loop
      vertex -44.965255565941334 -16.496910966932774 0
      vertex -44.98509541898966 -16.29864151030779 2
      vertex -44.98509541898966 -16.29864151030779 0
    endloop
  endfacet
  facet normal -0.9888308286767222 -0.1490422499109121 0
    outer loop
      vertex -44.93555746972561 -16.693944983184338 0
      vertex -44.965255565941334 -16.496910966932774 2
      vertex -44.965255565941334 -16.496910966932774 0
    endloop
  endfacet
  facet normal -0.9987569202842657 -0.049845904388316355 0
    outer loop
      vertex -44.98509541898966 -16.29864151030779 0
      vertex -44.99502768367529 -16.099629811942577 2
      vertex -44.99502768367529 -16.099629811942577 0
    endloop
  endfacet
  facet normal -0.3653410607499632 -0.9308737343647051 0
    outer loop
      vertex -42.552290208637714 -19.682467557489872 0
      vertex -42.36680480837822 -19.755265220999718 0
      vertex -42.552290208637714 -19.682467557489872 2
    endloop
  endfacet
  facet normal -0.45621066038182073 -0.8898718072587664 0
    outer loop
      vertex -42.911231979727745 -19.509610317647457 0
      vertex -42.733916491270065 -19.60051466524601 0
      vertex -42.911231979727745 -19.509610317647457 2
    endloop
  endfacet
  facet normal -0.4999999780186586 -0.8660254164753716 0
    outer loop
      vertex -42.911231979727745 -19.509610317647457 0
      vertex -43.08379566669464 -19.40998063236475 2
      vertex -43.08379566669464 -19.40998063236475 0
    endloop
  endfacet
  facet normal -0.41128707228914796 -0.9115058662278709 0
    outer loop
      vertex -42.552290208637714 -19.682467557489872 0
      vertex -42.733916491270065 -19.60051466524601 2
      vertex -42.733916491270065 -19.60051466524601 0
    endloop
  endfacet
  facet normal -0.2708404333525069 -0.9626242567385398 0
    outer loop
      vertex -42.17792120575905 -19.818726740777493 0
      vertex -41.98610918223858 -19.87269426882267 0
      vertex -42.17792120575905 -19.818726740777493 2
    endloop
  endfacet
  facet normal -0.3184866699515882 -0.9479273395483159 0
    outer loop
      vertex -42.36680480837822 -19.755265220999718 0
      vertex -42.17792120575905 -19.818726740777493 0
      vertex -42.36680480837822 -19.755265220999718 2
    endloop
  endfacet
  facet normal -0.22252096297113635 -0.9749279055593794 0
    outer loop
      vertex -41.98610918223858 -19.87269426882267 0
      vertex -41.7918454259634 -19.917033709585667 0
      vertex -41.98610918223858 -19.87269426882267 2
    endloop
  endfacet
  facet normal -0.1736481869962342 -0.9848077513672 0
    outer loop
      vertex -41.7918454259634 -19.917033709585667 0
      vertex -41.59561301767826 -19.951634779572487 0
      vertex -41.7918454259634 -19.917033709585667 2
    endloop
  endfacet
  facet normal -0.12434370770022168 -0.9922392062176145 0
    outer loop
      vertex -41.59561301767826 -19.951634779572487 0
      vertex -41.397899970412254 -19.976411439478397 0
      vertex -41.59561301767826 -19.951634779572487 2
    endloop
  endfacet
  facet normal -0.07473008078718472 -0.9972037981403505 0
    outer loop
      vertex -41.397899970412254 -19.976411439478397 0
      vertex -41.17432228475809 -19.993166267871857 0
      vertex -41.397899970412254 -19.976411439478397 2
    endloop
  endfacet
  facet normal -0.03739121838012594 -0.9993007038864977 0
    outer loop
      vertex -41.17432228475809 -19.993166267871857 0
      vertex -41.02491416037083 -19.998756729066372 0
      vertex -41.17432228475809 -19.993166267871857 2
    endloop
  endfacet
  facet normal 0 0 -1
    outer loop
      vertex -41.02491416037083 -19.998756729066372 0
      vertex -35.026363998651505 -15.5 0
      vertex -29.165405824780464 -15.5 0
    endloop
  endfacet
  facet normal 0 0 -1
    outer loop
      vertex -41.02491416037083 -19.998756729066372 0
      vertex -29.165405824780464 -15.5 0
      vertex -20.857003681361675 -15.5 0
    endloop
  endfacet
  facet normal 0 0 -1
    outer loop
      vertex -41.02491416037083 -19.998756729066372 0
      vertex -20.857003681361675 -15.5 0
      vertex -14.892786219716072 -15.5 0
    endloop
  endfacet
  facet normal 0 1 0
    outer loop
      vertex -35.026363998651505 -15.5 0
      vertex -35.026363998651505 -15.5 2
      vertex -29.165405824780464 -15.5 0
    endloop
  endfacet
  facet normal -0.5425462722332239 -0.8400259177464898 0
    outer loop
      vertex -43.08379566669464 -19.40998063236475 0
      vertex -43.08379566669464 -19.40998063236475 2
      vertex -43.25117892771959 -19.301873058080673 2
    endloop
  endfacet
  facet normal -0.7330518681240406 -0.6801727417648067 0
    outer loop
      vertex -43.86079705506563 -18.79034271836281 0
      vertex -43.86079705506563 -18.79034271836281 2
      vertex -43.996327966451645 -18.64427513629198 2
    endloop
  endfacet
  facet normal -0.6616858170608877 -0.7497812210908362 0
    outer loop
      vertex -43.568752750754356 -19.0613202303648 0
      vertex -43.568752750754356 -19.0613202303648 2
      vertex -43.71815375983715 -18.92947306483984 2
    endloop
  endfacet
  facet normal -0.5837436868888095 -0.8119379951803336 0
    outer loop
      vertex -43.25117892771959 -19.301873058080673 0
      vertex -43.25117892771959 -19.301873058080673 2
      vertex -43.41296537965536 -19.185556516051292 2
    endloop
  endfacet
  facet normal -0.6234898107889876 -0.7818314753463897 0
    outer loop
      vertex -43.41296537965536 -19.185556516051292 0
      vertex -43.41296537965536 -19.185556516051292 2
      vertex -43.568752750754356 -19.0613202303648 2
    endloop
  endfacet
  facet normal -0.6982368259441671 -0.7158668415951496 0
    outer loop
      vertex -43.71815375983715 -18.92947306483984 0
      vertex -43.71815375983715 -18.92947306483984 2
      vertex -43.86079705506563 -18.79034271836281 2
    endloop
  endfacet
  facet normal -0.9214762101859033 -0.3884348002708112 0
    outer loop
      vertex -44.64262329787016 -17.64361423999071 0
      vertex -44.64262329787016 -17.64361423999071 2
      vertex -44.72002266347408 -17.46000125259161 2
    endloop
  endfacet
  facet normal -0.9396926323336212 -0.3420201115985866 0
    outer loop
      vertex -44.72002266347408 -17.46000125259161 0
      vertex -44.72002266347408 -17.46000125259161 2
      vertex -44.78817340731621 -17.27275860309601 2
    endloop
  endfacet
  facet normal -0.7660444591766996 -0.6427875905496915 0
    outer loop
      vertex -43.996327966451645 -18.64427513629198 0
      vertex -43.996327966451645 -18.64427513629198 2
      vertex -44.12440949678421 -18.491633504629135 2
    endloop
  endfacet
  facet normal -0.797132504568374 -0.603804413829968 0
    outer loop
      vertex -44.12440949678421 -18.491633504629135 0
      vertex -44.12440949678421 -18.491633504629135 2
      vertex -44.244723334908485 -18.332797184586525 2
    endloop
  endfacet
  facet normal -0.8262387657164589 -0.5633200706768244 0
    outer loop
      vertex -44.244723334908485 -18.332797184586525 0
      vertex -44.244723334908485 -18.332797184586525 2
      vertex -44.356970243155956 -18.16816121339798 2
    endloop
  endfacet
  facet normal -0.8532908803817549 -0.5214352054256881 0
    outer loop
      vertex -44.356970243155956 -18.16816121339798 0
      vertex -44.356970243155956 -18.16816121339798 2
      vertex -44.460871145129204 -17.998134925961494 2
    endloop
  endfacet
  facet normal -0.8782215682974672 -0.4782539879364699 0
    outer loop
      vertex -44.460871145129204 -17.998134925961494 0
      vertex -44.460871145129204 -17.998134925961494 2
      vertex -44.55616784095764 -17.8231408521533 2
    endloop
  endfacet
  facet normal -0.9009688736025301 -0.4338837272811556 0
    outer loop
      vertex -44.55616784095764 -17.8231408521533 0
      vertex -44.55616784095764 -17.8231408521533 2
      vertex -44.64262329787016 -17.64361423999071 2
    endloop
  endfacet
  facet normal -0.9555728002850473 -0.2947551922450104 0
    outer loop
      vertex -44.78817340731621 -17.27275860309601 0
      vertex -44.78817340731621 -17.27275860309601 2
      vertex -44.84690622240305 -17.082351505756378 2
    endloop
  endfacet
  facet normal -0.9690772860409408 -0.24675739842915462 0
    outer loop
      vertex -44.84690622240305 -17.082351505756378 0
      vertex -44.84690622240305 -17.082351505756378 2
      vertex -44.89607494324446 -16.88925378769636 2
    endloop
  endfacet
  facet normal -0.9801724879871314 -0.19814614251384477 0
    outer loop
      vertex -44.89607494324446 -16.88925378769636 0
      vertex -44.89607494324446 -16.88925378769636 2
      vertex -44.93555746972561 -16.693944983184338 2
    endloop
  endfacet
  facet normal -0.9950307746059053 -0.09956785418583765 0
    outer loop
      vertex -44.965255565941334 -16.496910966932774 0
      vertex -44.965255565941334 -16.496910966932774 2
      vertex -44.98509541898966 -16.29864151030779 2
    endloop
  endfacet
  facet normal -0.9888308286767222 -0.1490422499109121 0
    outer loop
      vertex -44.93555746972561 -16.693944983184338 0
      vertex -44.93555746972561 -16.693944983184338 2
      vertex -44.965255565941334 -16.496910966932774 2
    endloop
  endfacet
  facet normal -0.9987569202842657 -0.049845904388316355 0
    outer loop
      vertex -44.98509541898966 -16.29864151030779 0
      vertex -44.98509541898966 -16.29864151030779 2
      vertex -44.99502768367529 -16.099629811942577 2
    endloop
  endfacet
  facet normal -0.3653410607499632 -0.9308737343647051 0
    outer loop
      vertex -42.36680480837822 -19.755265220999718 0
      vertex -42.36680480837822 -19.755265220999718 2
      vertex -42.552290208637714 -19.682467557489872 2
    endloop
  endfacet
  facet normal -0.45621066038182073 -0.8898718072587664 0
    outer loop
      vertex -42.733916491270065 -19.60051466524601 0
      vertex -42.733916491270065 -19.60051466524601 2
      vertex -42.911231979727745 -19.509610317647457 2
    endloop
  endfacet
  facet normal -0.4999999780186586 -0.8660254164753716 0
    outer loop
      vertex -42.911231979727745 -19.509610317647457 0
      vertex -42.911231979727745 -19.509610317647457 2
      vertex -43.08379566669464 -19.40998063236475 2
    endloop
  endfacet
  facet normal -0.41128707228914796 -0.9115058662278709 0
    outer loop
      vertex -42.552290208637714 -19.682467557489872 0
      vertex -42.552290208637714 -19.682467557489872 2
      vertex -42.733916491270065 -19.60051466524601 2
    endloop
  endfacet
  facet normal -0.2708404333525069 -0.9626242567385398 0
    outer loop
      vertex -41.98610918223858 -19.87269426882267 0
      vertex -41.98610918223858 -19.87269426882267 2
      vertex -42.17792120575905 -19.818726740777493 2
    endloop
  endfacet
  facet normal -0.3184866699515882 -0.9479273395483159 0
    outer loop
      vertex -42.17792120575905 -19.818726740777493 0
      vertex -42.17792120575905 -19.818726740777493 2
      vertex -42.36680480837822 -19.755265220999718 2
    endloop
  endfacet
  facet normal -0.22252096297113635 -0.9749279055593794 0
    outer loop
      vertex -41.7918454259634 -19.917033709585667 0
      vertex -41.7918454259634 -19.917033709585667 2
      vertex -41.98610918223858 -19.87269426882267 2
    endloop
  endfacet
  facet normal -0.1736481869962342 -0.9848077513672 0
    outer loop
      vertex -41.59561301767826 -19.951634779572487 0
      vertex -41.59561301767826 -19.951634779572487 2
      vertex -41.7918454259634 -19.917033709585667 2
    endloop
  endfacet
  facet normal -0.12434370770022168 -0.9922392062176145 0
    outer loop
      vertex -41.397899970412254 -19.976411439478397 0
      vertex -41.397899970412254 -19.976411439478397 2
      vertex -41.59561301767826 -19.951634779572487 2
    endloop
  endfacet
  facet normal -0.07473008078718472 -0.9972037981403505 0
    outer loop
      vertex -41.17432228475809 -19.993166267871857 0
      vertex -41.17432228475809 -19.993166267871857 2
      vertex -41.397899970412254 -19.976411439478397 2
    endloop
  endfacet
  facet normal -0.03739121838012594 -0.9993007038864977 0
    outer loop
      vertex -41.02491416037083 -19.998756729066372 0
      vertex -41.02491416037083 -19.998756729066372 2
      vertex -41.17432228475809 -19.993166267871857 2
    endloop
  endfacet
  facet normal 0 1 0
    outer loop
      vertex -29.165405824780464 -15.5 0
      vertex -35.026363998651505 -15.5 2
      vertex -29.165405824780464 -15.5 2
    endloop
  endfacet
  facet normal 0 0 -1
    outer loop
      vertex -44.99502768367529 -16.099629811942577 0
      vertex -44.99502768367529 6.0526429414749146 0
      vertex -35.026363998651505 -15.5 0
    endloop
  endfacet
  facet normal 0 0 -1
    outer loop
      vertex -35.026363998651505 -15.5 0
      vertex -44.99502768367529 6.0526429414749146 0
      vertex -44.99999998509884 6.252026200294495 0
    endloop
  endfacet
  facet normal 0 0 -1
    outer loop
      vertex -35.026363998651505 -15.5 0
      vertex -44.99999998509884 6.252026200294495 0
      vertex -45.0397043377161 6.648811720311642 0
    endloop
  endfacet
  facet normal 0 0 -1
    outer loop
      vertex -35.026363998651505 -15.5 0
      vertex -45.0397043377161 6.648811720311642 0
      vertex -45.1187184676528 7.039672255516052 0
    endloop
  endfacet
  facet normal 0 0 -1
    outer loop
      vertex -35.026363998651505 -15.5 0
      vertex -45.1187184676528 7.039672255516052 0
      vertex -45.23625710606575 7.420723244547844 0
    endloop
  endfacet
  facet normal 0 0 -1
    outer loop
      vertex -35.026363998651505 -15.5 0
      vertex -45.23625710606575 7.420723244547844 0
      vertex -45.39115209132433 7.788177639245987 0
    endloop
  endfacet
  facet normal -1 0 0
    outer loop
      vertex -44.99502768367529 -16.099629811942577 0
      vertex -44.99502768367529 6.0526429414749146 2
      vertex -44.99502768367529 6.0526429414749146 0
    endloop
  endfacet
  facet normal 0 0 -1
    outer loop
      vertex -29.165405824780464 -15.5 0
      vertex -28.407095335423946 2.0885357707738876 0
      vertex -21.581059873104095 -13.44675824046135 0
    endloop
  endfacet
  facet normal -1 0 0
    outer loop
      vertex -29.165405824780464 -15.5 0
      vertex -29.165405824780464 -15.5 2
      vertex -29.165405824780464 15.182868152856827 0
    endloop
  endfacet
  facet normal 0 0 -1
    outer loop
      vertex -29.165405824780464 -15.5 0
      vertex -28.407095335423946 12.7809574380517 0
      vertex -28.407095335423946 2.0885357707738876 0
    endloop
  endfacet
  facet normal 0.9155211593549606 0.40226981837238146 5.561322298924355e-17
    outer loop
      vertex -21.581059873104095 -13.44675824046135 0
      vertex -28.407095335423946 2.0885357707738876 0
      vertex -28.407095335423946 2.0885357707738876 2
    endloop
  endfacet
  facet normal -1 0 0
    outer loop
      vertex -44.99502768367529 -16.099629811942577 0
      vertex -44.99502768367529 -16.099629811942577 2
      vertex -44.99502768367529 6.0526429414749146 2
    endloop
  endfacet
  facet normal 1 0 0
    outer loop
      vertex -35.026363998651505 -15.5 0
      vertex -35.026363998651505 15.182868152856827 2
      vertex -35.026363998651505 -15.5 2
    endloop
  endfacet
  facet normal 0 0 -1
    outer loop
      vertex -29.165405824780464 -15.5 0
      vertex -21.581059873104095 -13.44675824046135 0
      vertex -20.857003681361675 -15.5 0
    endloop
  endfacet
  facet normal 0 0 -1
    outer loop
      vertex -41.02491416037083 -19.998756729066372 0
      vertex -14.892786219716072 -15.5 0
      vertex -11.480016708374023 -15.5 0
    endloop
  endfacet
  facet normal 0 1 0
    outer loop
      vertex -20.857003681361675 -15.5 0
      vertex -20.857003681361675 -15.5 2
      vertex -14.892786219716072 -15.5 0
    endloop
  endfacet
  facet normal 0 0 -1
    outer loop
      vertex -20.857003681361675 -15.5 0
      vertex -21.581059873104095 -13.44675824046135 0
      vertex -21.581059873104095 -2.8703735917806625 0
    endloop
  endfacet
  facet normal -1 0 0
    outer loop
      vertex -21.581059873104095 -13.44675824046135 0
      vertex -21.581059873104095 -13.44675824046135 2
      vertex -21.581059873104095 -2.8703735917806625 0
    endloop
  endfacet
  facet normal 0 0 -1
    outer loop
      vertex -41.02491416037083 -19.998756729066372 0
      vertex -11.480016708374023 -15.5 0
      vertex 40.87534376978874 -19.998756729066372 0
    endloop
  endfacet
  facet normal 0 -1 0
    outer loop
      vertex -41.02491416037083 -19.998756729066372 0
      vertex 40.87534376978874 -19.998756729066372 0
      vertex -41.02491416037083 -19.998756729066372 2
    endloop
  endfacet
  facet normal 0 1 0
    outer loop
      vertex -11.480016708374023 -15.5 0
      vertex -11.480016708374023 -15.5 2
      vertex -5.033012375235558 -15.5 0
    endloop
  endfacet
  facet normal 0 0 -1
    outer loop
      vertex -5.033012375235558 -15.5 0
      vertex -0.6669752299785614 -12.132511869072914 0
      vertex -0.33270861208438873 -12.686206944286823 0
    endloop
  endfacet
  facet normal 0 0 -1
    outer loop
      vertex -5.033012375235558 -15.5 0
      vertex -0.9565883949398994 -11.537380948662758 0
      vertex -0.6669752299785614 -12.132511869072914 0
    endloop
  endfacet
  facet normal 0 0 -1
    outer loop
      vertex -5.033012375235558 -15.5 0
      vertex -1.2015741914510727 -10.900755748152733 0
      vertex -0.9565883949398994 -11.537380948662758 0
    endloop
  endfacet
  facet normal 0 0 -1
    outer loop
      vertex -5.033012375235558 -15.5 0
      vertex -1.4019586592912674 -10.222577922046185 0
      vertex -1.2015741914510727 -10.900755748152733 0
    endloop
  endfacet
  facet normal 0 0 -1
    outer loop
      vertex -5.033012375235558 -15.5 0
      vertex -1.5577678754925728 -9.502789109945297 0
      vertex -1.4019586592912674 -10.222577922046185 0
    endloop
  endfacet
  facet normal 0 0 -1
    outer loop
      vertex -5.033012375235558 -15.5 0
      vertex -1.669027917087078 -8.741330936551094 0
      vertex -1.5577678754925728 -9.502789109945297 0
    endloop
  endfacet
  facet normal 0 0 -1
    outer loop
      vertex -5.033012375235558 -15.5 0
      vertex -1.7357648387551308 -7.938145041465759 0
      vertex -1.669027917087078 -8.741330936551094 0
    endloop
  endfacet
  facet normal 0 0 -1
    outer loop
      vertex -5.033012375235558 -15.5 0
      vertex -1.7580046728253365 -7.093173071742058 0
      vertex -1.7357648387551308 -7.938145041465759 0
    endloop
  endfacet
  facet normal 0 1 0
    outer loop
      vertex -14.892786219716072 -15.5 0
      vertex -20.857003681361675 -15.5 2
      vertex -14.892786219716072 -15.5 2
    endloop
  endfacet
  facet normal 0 1 0
    outer loop
      vertex -5.033012375235558 -15.5 0
      vertex -11.480016708374023 -15.5 2
      vertex -5.033012375235558 -15.5 2
    endloop
  endfacet
  facet normal 0 0 -1
    outer loop
      vertex -14.892786219716072 -15.5 0
      vertex -14.892786219716072 15.182868152856827 0
      vertex -11.480016708374023 -15.5 0
    endloop
  endfacet
  facet normal -1 0 0
    outer loop
      vertex -14.892786219716072 -15.5 0
      vertex -14.892786219716072 -15.5 2
      vertex -14.892786219716072 15.182868152856827 0
    endloop
  endfacet
  facet normal 0 0 -1
    outer loop
      vertex -20.857003681361675 -15.5 0
      vertex -21.581059873104095 -2.8703735917806625 0
      vertex -20.857003681361675 15.182868152856827 0
    endloop
  endfacet
  facet normal 0 0 -1
    outer loop
      vertex -5.033012375235558 -15.5 0
      vertex -1.7580046728253365 7.473379135131836 0
      vertex -1.7580046728253365 -7.093173071742058 0
    endloop
  endfacet
  facet normal -1 0 0
    outer loop
      vertex -5.033012375235558 -15.5 0
      vertex -5.033012375235558 -15.5 2
      vertex -5.033012375235558 15.182868152856827 0
    endloop
  endfacet
  facet normal 0.9155211593549606 0.40226981837238146 0
    outer loop
      vertex -21.581059873104095 -13.44675824046135 0
      vertex -28.407095335423946 2.0885357707738876 2
      vertex -21.581059873104095 -13.44675824046135 2
    endloop
  endfacet
  facet normal -1 0 0
    outer loop
      vertex -21.581059873104095 -2.8703735917806625 0
      vertex -21.581059873104095 -13.44675824046135 2
      vertex -21.581059873104095 -2.8703735917806625 2
    endloop
  endfacet
  facet normal 1 0 0
    outer loop
      vertex -20.857003681361675 -15.5 0
      vertex -20.857003681361675 15.182868152856827 2
      vertex -20.857003681361675 -15.5 2
    endloop
  endfacet
  facet normal 1 0 0
    outer loop
      vertex -11.480016708374023 -15.5 0
      vertex -11.480016708374023 15.182868152856827 2
      vertex -11.480016708374023 -15.5 2
    endloop
  endfacet
  facet normal 0 0 1
    outer loop
      vertex -35.026363998651505 -15.5 2
      vertex -41.71252875030041 -16.694981016218662 2
      vertex -41.677001148462296 -16.729633659124374 2
    endloop
  endfacet
  facet normal 0 0 1
    outer loop
      vertex -35.026363998651505 -15.5 2
      vertex -41.74628495424986 -16.658600486814976 2
      vertex -41.71252875030041 -16.694981016218662 2
    endloop
  endfacet
  facet normal 0 0 1
    outer loop
      vertex -35.026363998651505 -15.5 2
      vertex -41.7781857997179 -16.620582535862923 2
      vertex -41.74628495424986 -16.658600486814976 2
    endloop
  endfacet
  facet normal 0 0 1
    outer loop
      vertex -35.026363998651505 -15.5 2
      vertex -41.80815199762583 -16.581021659076214 2
      vertex -41.7781857997179 -16.620582535862923 2
    endloop
  endfacet
  facet normal 0 0 1
    outer loop
      vertex -35.026363998651505 -15.5 2
      vertex -41.86198715865612 -16.497668527066708 2
      vertex -41.836108945310116 -16.54001635313034 2
    endloop
  endfacet
  facet normal 0 0 1
    outer loop
      vertex -35.026363998651505 -15.5 2
      vertex -41.836108945310116 -16.54001635313034 2
      vertex -41.80815199762583 -16.581021659076214 2
    endloop
  endfacet
  facet normal 0 0 1
    outer loop
      vertex -35.026363998651505 -15.5 2
      vertex -41.88572238385677 -16.45408334583044 2
      vertex -41.86198715865612 -16.497668527066708 2
    endloop
  endfacet
  facet normal 0 0 1
    outer loop
      vertex -35.026363998651505 -15.5 2
      vertex -41.95813561230898 -16.269577398896217 2
      vertex -41.94350714236498 -16.317001722753048 2
    endloop
  endfacet
  facet normal 0 0 1
    outer loop
      vertex -35.026363998651505 -15.5 2
      vertex -41.97038185596466 -16.22148337215185 2
      vertex -41.95813561230898 -16.269577398896217 2
    endloop
  endfacet
  facet normal 0 0 1
    outer loop
      vertex -35.026363998651505 -15.5 2
      vertex -41.90725554525852 -16.40936927497387 2
      vertex -41.88572238385677 -16.45408334583044 2
    endloop
  endfacet
  facet normal 0 0 1
    outer loop
      vertex -35.026363998651505 -15.5 2
      vertex -41.92653314769268 -16.363637410104275 2
      vertex -41.90725554525852 -16.40936927497387 2
    endloop
  endfacet
  facet normal 0 0 1
    outer loop
      vertex -35.026363998651505 -15.5 2
      vertex -41.94350714236498 -16.317001722753048 2
      vertex -41.92653314769268 -16.363637410104275 2
    endloop
  endfacet
  facet normal 0 0 1
    outer loop
      vertex -35.026363998651505 -15.5 2
      vertex -41.293380826711655 -16.951116986572742 2
      vertex -41.245606765151024 -16.96455852687359 2
    endloop
  endfacet
  facet normal 0 0 1
    outer loop
      vertex -35.026363998651505 -15.5 2
      vertex -41.245606765151024 -16.96455852687359 2
      vertex -41.19722220301628 -16.975601986050606 2
    endloop
  endfacet
  facet normal 0 0 1
    outer loop
      vertex -35.026363998651505 -15.5 2
      vertex -41.19722220301628 -16.975601986050606 2
      vertex -41.148347198963165 -16.98421996831894 2
    endloop
  endfacet
  facet normal 0 0 1
    outer loop
      vertex -35.026363998651505 -15.5 2
      vertex -41.148347198963165 -16.98421996831894 2
      vertex -41.09910345822573 -16.99039100855589 2
    endloop
  endfacet
  facet normal 0 0 1
    outer loop
      vertex -35.026363998651505 -15.5 2
      vertex -41.56069324910641 -16.822386108338833 2
      vertex -41.519003704190254 -16.84931207448244 2
    endloop
  endfacet
  facet normal 0 0 1
    outer loop
      vertex -35.026363998651505 -15.5 2
      vertex -41.431860506534576 -16.89676771312952 2
      vertex -41.38662352412939 -16.91717941313982 2
    endloop
  endfacet
  facet normal 0 0 1
    outer loop
      vertex -35.026363998651505 -15.5 2
      vertex -41.519003704190254 -16.84931207448244 2
      vertex -41.47602408379316 -16.874126367270947 2
    endloop
  endfacet
  facet normal 0 0 1
    outer loop
      vertex -35.026363998651505 -15.5 2
      vertex -41.47602408379316 -16.874126367270947 2
      vertex -41.431860506534576 -16.89676771312952 2
    endloop
  endfacet
  facet normal 0 0 1
    outer loop
      vertex -35.026363998651505 -15.5 2
      vertex -41.639790423214436 -16.762472316622734 2
      vertex -41.6009888574481 -16.793415538966656 2
    endloop
  endfacet
  facet normal 0 0 1
    outer loop
      vertex -35.026363998651505 -15.5 2
      vertex -41.6009888574481 -16.793415538966656 2
      vertex -41.56069324910641 -16.822386108338833 2
    endloop
  endfacet
  facet normal 0 0 1
    outer loop
      vertex -35.026363998651505 -15.5 2
      vertex -41.677001148462296 -16.729633659124374 2
      vertex -41.639790423214436 -16.762472316622734 2
    endloop
  endfacet
  facet normal 0 0 1
    outer loop
      vertex -35.026363998651505 -15.5 2
      vertex -41.34042524546385 -16.935310900211334 2
      vertex -41.293380826711655 -16.951116986572742 2
    endloop
  endfacet
  facet normal 0 0 1
    outer loop
      vertex -35.026363998651505 -15.5 2
      vertex -41.38662352412939 -16.91717941313982 2
      vertex -41.34042524546385 -16.935310900211334 2
    endloop
  endfacet
  facet normal 0 0 1
    outer loop
      vertex -35.026363998651505 -15.5 2
      vertex -41.09910345822573 -16.99039100855589 2
      vertex -41.0060815513134 -16.997362039983273 2
    endloop
  endfacet
  facet normal 0 0 1
    outer loop
      vertex -35.026363998651505 -15.5 2
      vertex -41.0060815513134 -16.997362039983273 2
      vertex -40.96880775690079 -16.998756729066372 2
    endloop
  endfacet
  facet normal 0 0 1
    outer loop
      vertex -35.026363998651505 -15.5 2
      vertex -41.987612433731556 -16.123763903975487 2
      vertex -41.98021561652422 -16.17283857613802 2
    endloop
  endfacet
  facet normal 0 0 1
    outer loop
      vertex -35.026363998651505 -15.5 2
      vertex -41.98021561652422 -16.17283857613802 2
      vertex -41.97038185596466 -16.22148337215185 2
    endloop
  endfacet
  facet normal 0 0 1
    outer loop
      vertex -35.026363998651505 -15.5 2
      vertex -41.992553897202015 -16.074381411075592 2
      vertex -41.987612433731556 -16.123763903975487 2
    endloop
  endfacet
  facet normal 0 0 1
    outer loop
      vertex -35.026363998651505 -15.5 2
      vertex -41.99502768367529 -16.024814449250698 2
      vertex -41.992553897202015 -16.074381411075592 2
    endloop
  endfacet
  facet normal 0 0 1
    outer loop
      vertex -35.026363998651505 -15.5 2
      vertex -41.99502768367529 6.0526429414749146 2
      vertex -41.99502768367529 -16.024814449250698 2
    endloop
  endfacet
  facet normal 0 0 1
    outer loop
      vertex -35.026363998651505 -15.5 2
      vertex -41.995960138738155 6.1274349167943 2
      vertex -41.99502768367529 6.0526429414749146 2
    endloop
  endfacet
  facet normal 0 0 1
    outer loop
      vertex -35.026363998651505 -15.5 2
      vertex -42.000932440161705 6.32681817561388 2
      vertex -41.995960138738155 6.1274349167943 2
    endloop
  endfacet
  facet normal 0 0 1
    outer loop
      vertex -35.026363998651505 -15.5 2
      vertex -42.014907635748386 6.550729535520077 2
      vertex -42.000932440161705 6.32681817561388 2
    endloop
  endfacet
  facet normal 0 0 1
    outer loop
      vertex -35.026363998651505 -15.5 2
      vertex -42.05461198836565 6.947515055537224 2
      vertex -42.014907635748386 6.550729535520077 2
    endloop
  endfacet
  facet normal 0 0 1
    outer loop
      vertex -35.026363998651505 -15.5 2
      vertex -42.09918683022261 7.243249922990799 2
      vertex -42.05461198836565 6.947515055537224 2
    endloop
  endfacet
  facet normal 0 0 1
    outer loop
      vertex -35.026363998651505 -15.5 2
      vertex -42.1782009601593 7.6341104581952095 2
      vertex -42.09918683022261 7.243249922990799 2
    endloop
  endfacet
  facet normal 0 0 1
    outer loop
      vertex -35.026363998651505 -15.5 2
      vertex -42.65809639543295 10.282933503389359 2
      vertex -42.1782009601593 7.6341104581952095 2
    endloop
  endfacet
  facet normal 0 0 1
    outer loop
      vertex -29.165405824780464 -15.5 2
      vertex -21.581059873104095 -13.44675824046135 2
      vertex -28.407095335423946 2.0885357707738876 2
    endloop
  endfacet
  facet normal 0 0 1
    outer loop
      vertex -29.165405824780464 -15.5 2
      vertex -28.407095335423946 2.0885357707738876 2
      vertex -28.407095335423946 12.7809574380517 2
    endloop
  endfacet
  facet normal 0 0 1
    outer loop
      vertex -29.165405824780464 -15.5 2
      vertex -20.857003681361675 -15.5 2
      vertex -21.581059873104095 -13.44675824046135 2
    endloop
  endfacet
  facet normal 0 0 1
    outer loop
      vertex -35.026363998651505 -15.5 2
      vertex -40.96880775690079 -16.998756729066372 2
      vertex 19.222248365761846 -16.998756729066372 2
    endloop
  endfacet
  facet normal 0 0 1
    outer loop
      vertex -35.026363998651505 -15.5 2
      vertex 19.222248365761846 -16.998756729066372 2
      vertex -29.165405824780464 -15.5 2
    endloop
  endfacet
  facet normal 0 0 1
    outer loop
      vertex -20.857003681361675 -15.5 2
      vertex -21.581059873104095 -2.8703735917806625 2
      vertex -21.581059873104095 -13.44675824046135 2
    endloop
  endfacet
  facet normal 0 0 1
    outer loop
      vertex -29.165405824780464 -15.5 2
      vertex 19.222248365761846 -16.998756729066372 2
      vertex -20.857003681361675 -15.5 2
    endloop
  endfacet
  facet normal 0 0 1
    outer loop
      vertex -20.857003681361675 -15.5 2
      vertex 19.222248365761846 -16.998756729066372 2
      vertex -14.892786219716072 -15.5 2
    endloop
  endfacet
  facet normal 0 0 1
    outer loop
      vertex -14.892786219716072 -15.5 2
      vertex 19.222248365761846 -16.998756729066372 2
      vertex -11.480016708374023 -15.5 2
    endloop
  endfacet
  facet normal 0 0 1
    outer loop
      vertex -5.033012375235558 -15.5 2
      vertex -0.33270861208438873 -12.686206944286823 2
      vertex -0.6669752299785614 -12.132511869072914 2
    endloop
  endfacet
  facet normal 0 0 1
    outer loop
      vertex -5.033012375235558 -15.5 2
      vertex -0.6669752299785614 -12.132511869072914 2
      vertex -0.9565883949398994 -11.537380948662758 2
    endloop
  endfacet
  facet normal 0 0 1
    outer loop
      vertex -5.033012375235558 -15.5 2
      vertex -0.9565883949398994 -11.537380948662758 2
      vertex -1.2015741914510727 -10.900755748152733 2
    endloop
  endfacet
  facet normal 0 0 1
    outer loop
      vertex -5.033012375235558 -15.5 2
      vertex -1.2015741914510727 -10.900755748152733 2
      vertex -1.4019586592912674 -10.222577922046185 2
    endloop
  endfacet
  facet normal 0 0 1
    outer loop
      vertex -5.033012375235558 -15.5 2
      vertex -1.4019586592912674 -10.222577922046185 2
      vertex -1.5577678754925728 -9.502789109945297 2
    endloop
  endfacet
  facet normal 0 0 1
    outer loop
      vertex -5.033012375235558 -15.5 2
      vertex -1.5577678754925728 -9.502789109945297 2
      vertex -1.669027917087078 -8.741330936551094 2
    endloop
  endfacet
  facet normal 0 0 1
    outer loop
      vertex -5.033012375235558 -15.5 2
      vertex -1.669027917087078 -8.741330936551094 2
      vertex -1.7357648387551308 -7.938145041465759 2
    endloop
  endfacet
  facet normal 0 0 1
    outer loop
      vertex -5.033012375235558 -15.5 2
      vertex -1.7357648387551308 -7.938145041465759 2
      vertex -1.7580046728253365 -7.093173071742058 2
    endloop
  endfacet
  facet normal 0 0 1
    outer loop
      vertex -14.892786219716072 -15.5 2
      vertex -11.480016708374023 -15.5 2
      vertex -14.892786219716072 15.182868152856827 2
    endloop
  endfacet
  facet normal 0 0 1
    outer loop
      vertex -20.857003681361675 -15.5 2
      vertex -20.857003681361675 15.182868152856827 2
      vertex -21.581059873104095 -2.8703735917806625 2
    endloop
  endfacet
  facet normal 0 0 1
    outer loop
      vertex -5.033012375235558 -15.5 2
      vertex -1.7580046728253365 -7.093173071742058 2
      vertex -1.7580046728253365 7.473379135131836 2
    endloop
  endfacet
  facet normal 0 0 -1
    outer loop
      vertex -35.026363998651505 -15.5 0
      vertex -45.39115209132433 7.788177639245987 0
      vertex -45.346601374447346 12.52875405550003 0
    endloop
  endfacet
  facet normal 0 0 -1
    outer loop
      vertex -35.026363998651505 -15.5 0
      vertex -44.05037572979927 11.038282200694084 0
      vertex -43.72597385942936 10.808452971279621 0
    endloop
  endfacet
  facet normal 0 0 -1
    outer loop
      vertex -35.026363998651505 -15.5 0
      vertex -43.02762660384178 10.429580941796303 0
      vertex -42.65809639543295 10.282933503389359 0
    endloop
  endfacet
  facet normal 0 0 -1
    outer loop
      vertex -35.026363998651505 -15.5 0
      vertex -43.72597385942936 10.808452971279621 0
      vertex -43.38433750718832 10.605124048888683 0
    endloop
  endfacet
  facet normal 0 0 -1
    outer loop
      vertex -35.026363998651505 -15.5 0
      vertex -43.38433750718832 10.605124048888683 0
      vertex -43.02762660384178 10.429580941796303 0
    endloop
  endfacet
  facet normal 0 0 -1
    outer loop
      vertex -35.026363998651505 -15.5 0
      vertex -44.584154646969886 11.517319198232085 0
      vertex -44.410315996392136 11.346903152701412 0
    endloop
  endfacet
  facet normal 0 0 -1
    outer loop
      vertex -35.026363998651505 -15.5 0
      vertex -44.32441481248234 11.267198500459536 0
      vertex -44.05037572979927 11.038282200694084 0
    endloop
  endfacet
  facet normal 0 0 -1
    outer loop
      vertex -35.026363998651505 -15.5 0
      vertex -44.410315996392136 11.346903152701412 0
      vertex -44.355492144823074 11.293158695101738 0
    endloop
  endfacet
  facet normal 0 0 -1
    outer loop
      vertex -35.026363998651505 -15.5 0
      vertex -44.355492144823074 11.293158695101738 0
      vertex -44.32441481248234 11.267198500459536 0
    endloop
  endfacet
  facet normal 0 0 -1
    outer loop
      vertex -35.026363998651505 -15.5 0
      vertex -44.86228876535589 11.827767678106005 0
      vertex -44.66181748754539 11.597254732145867 0
    endloop
  endfacet
  facet normal 0 0 -1
    outer loop
      vertex -35.026363998651505 -15.5 0
      vertex -44.63939405232668 11.571471028029919 0
      vertex -44.584154646969886 11.517319198232085 0
    endloop
  endfacet
  facet normal 0 0 -1
    outer loop
      vertex -35.026363998651505 -15.5 0
      vertex -44.66181748754539 11.597254732145867 0
      vertex -44.63939405232668 11.571471028029919 0
    endloop
  endfacet
  facet normal 0 0 -1
    outer loop
      vertex -35.026363998651505 -15.5 0
      vertex -44.90028654038906 11.871459618210793 0
      vertex -44.86228876535589 11.827767678106005 0
    endloop
  endfacet
  facet normal 0 0 -1
    outer loop
      vertex -35.026363998651505 -15.5 0
      vertex -44.939983120731874 11.925193314677658 0
      vertex -44.90028654038906 11.871459618210793 0
    endloop
  endfacet
  facet normal 0 0 -1
    outer loop
      vertex -35.026363998651505 -15.5 0
      vertex -45.104952706625035 12.14849783053511 0
      vertex -44.939983120731874 11.925193314677658 0
    endloop
  endfacet
  facet normal 0 0 -1
    outer loop
      vertex -35.026363998651505 -15.5 0
      vertex -45.13652016222477 12.191227860748768 0
      vertex -45.104952706625035 12.14849783053511 0
    endloop
  endfacet
  facet normal 0 0 -1
    outer loop
      vertex -35.026363998651505 -15.5 0
      vertex -45.17315198403261 12.250082240399372 0
      vertex -45.13652016222477 12.191227860748768 0
    endloop
  endfacet
  facet normal 0 0 -1
    outer loop
      vertex -35.026363998651505 -15.5 0
      vertex -45.346601374447346 12.52875405550003 0
      vertex -45.308696377807905 12.46785413426283 0
    endloop
  endfacet
  facet normal 0 0 -1
    outer loop
      vertex -35.026363998651505 -15.5 0
      vertex -45.308696377807905 12.46785413426283 0
      vertex -45.17315198403261 12.250082240399372 0
    endloop
  endfacet
  facet normal 0 0 -1
    outer loop
      vertex -35.026363998651505 -15.5 0
      vertex -42.65809639543295 10.282933503389359 0
      vertex -42.2780831605196 10.16610886901617 0
    endloop
  endfacet
  facet normal 0 0 -1
    outer loop
      vertex -35.026363998651505 -15.5 0
      vertex -42.2780831605196 10.16610886901617 0
      vertex -41.889989480376244 10.079845659434795 0
    endloop
  endfacet
  facet normal 0 0 -1
    outer loop
      vertex -35.026363998651505 -15.5 0
      vertex -41.889989480376244 10.079845659434795 0
      vertex -41.49626899510622 10.024689249694347 0
    endloop
  endfacet
  facet normal 0 0 -1
    outer loop
      vertex -35.026363998651505 -15.5 0
      vertex -41.49626899510622 10.024689249694347 0
      vertex -41.09941093623638 10.000988349318504 0
    endloop
  endfacet
  facet normal 0 0 -1
    outer loop
      vertex -35.026363998651505 -15.5 0
      vertex -41.09941093623638 10.000988349318504 0
      vertex -40.70192437618971 10.008892819285393 0
    endloop
  endfacet
  facet normal 0 0 -1
    outer loop
      vertex -35.026363998651505 -15.5 0
      vertex -40.70192437618971 10.008892819285393 0
      vertex -40.30632234364748 10.048352666199207 0
    endloop
  endfacet
  facet normal 0 0 -1
    outer loop
      vertex -35.026363998651505 -15.5 0
      vertex -40.30632234364748 10.048352666199207 0
      vertex -39.91510596126318 10.119118429720402 0
    endloop
  endfacet
  facet normal 0 0 -1
    outer loop
      vertex -35.026363998651505 -15.5 0
      vertex -39.91510596126318 10.119118429720402 0
      vertex -39.53074862807989 10.22074269503355 0
    endloop
  endfacet
  facet normal 0 0 -1
    outer loop
      vertex -35.026363998651505 -15.5 0
      vertex -39.53074862807989 10.22074269503355 0
      vertex -39.15568038076162 10.352582961320877 0
    endloop
  endfacet
  facet normal 0 0 -1
    outer loop
      vertex -35.026363998651505 -15.5 0
      vertex -39.15568038076162 10.352582961320877 0
      vertex -38.79227250814438 10.513805694878101 0
    endloop
  endfacet
  facet normal 0 0 -1
    outer loop
      vertex -35.026363998651505 -15.5 0
      vertex -38.79227250814438 10.513805694878101 0
      vertex -38.442822605371475 10.70339159667492 0
    endloop
  endfacet
  facet normal -0.9996891828283911 -0.024930658553348178 0
    outer loop
      vertex -44.99502768367529 6.0526429414749146 0
      vertex -44.99999998509884 6.252026200294495 2
      vertex -44.99999998509884 6.252026200294495 0
    endloop
  endfacet
  facet normal -0.9950307821115955 -0.0995677791777363 0
    outer loop
      vertex -44.99999998509884 6.252026200294495 0
      vertex -45.0397043377161 6.648811720311642 2
      vertex -45.0397043377161 6.648811720311642 0
    endloop
  endfacet
  facet normal 0 0 -1
    outer loop
      vertex -46.06282000243664 8.773333683609962 0
      vertex -46.29515767842531 8.999949485063553 0
      vertex -46.29348669946194 9.001750379800797 0
    endloop
  endfacet
  facet normal 0 0 -1
    outer loop
      vertex -45.39115209132433 7.788177639245987 0
      vertex -45.58186400681734 8.138383507728577 0
      vertex -45.346601374447346 12.52875405550003 0
    endloop
  endfacet
  facet normal 0 0 -1
    outer loop
      vertex -46.29348669946194 9.001750379800797 0
      vertex -46.54933798313141 9.239145681262016 0
      vertex -45.346601374447346 12.52875405550003 0
    endloop
  endfacet
  facet normal 0 0 -1
    outer loop
      vertex -46.620714887976646 9.3087647408247 0
      vertex -45.346601374447346 12.52875405550003 0
      vertex -46.54933798313141 9.239145681262016 0
    endloop
  endfacet
  facet normal 0 0 -1
    outer loop
      vertex -46.829594604671 9.522918537259102 0
      vertex -45.346601374447346 12.52875405550003 0
      vertex -46.620714887976646 9.3087647408247 0
    endloop
  endfacet
  facet normal 0 0 -1
    outer loop
      vertex -46.829594604671 9.522918537259102 0
      vertex -46.89741262793541 9.596008986234665 0
      vertex -45.346601374447346 12.52875405550003 0
    endloop
  endfacet
  facet normal 0 0 -1
    outer loop
      vertex -46.89741262793541 9.596008986234665 0
      vertex -47.09535779803991 9.82030813395977 0
      vertex -45.346601374447346 12.52875405550003 0
    endloop
  endfacet
  facet normal 0 0 -1
    outer loop
      vertex -47.159448482096195 9.896688431501389 0
      vertex -47.34596721082926 10.130575515329838 0
      vertex -45.346601374447346 12.52875405550003 0
    endloop
  endfacet
  facet normal 0 0 -1
    outer loop
      vertex -47.09535779803991 9.82030813395977 0
      vertex -47.159448482096195 9.896688431501389 0
      vertex -45.346601374447346 12.52875405550003 0
    endloop
  endfacet
  facet normal 0 0 -1
    outer loop
      vertex -47.58079944550991 10.452948942780495 0
      vertex -47.636966459453106 10.535330824553967 0
      vertex -45.346601374447346 12.52875405550003 0
    endloop
  endfacet
  facet normal 0 0 -1
    outer loop
      vertex -47.79927074164152 10.786627009510994 0
      vertex -47.851261638104916 10.87170634418726 0
      vertex -45.346601374447346 12.52875405550003 0
    endloop
  endfacet
  facet normal 0 0 -1
    outer loop
      vertex -47.636966459453106 10.535330824553967 0
      vertex -47.79927074164152 10.786627009510994 0
      vertex -45.346601374447346 12.52875405550003 0
    endloop
  endfacet
  facet normal 0 0 -1
    outer loop
      vertex -47.851261638104916 10.87170634418726 0
      vertex -48.00083804875612 11.130780287086964 0
      vertex -45.346601374447346 12.52875405550003 0
    endloop
  endfacet
  facet normal 0 0 -1
    outer loop
      vertex -47.40617076307535 10.210055246949196 0
      vertex -45.346601374447346 12.52875405550003 0
      vertex -47.34596721082926 10.130575515329838 0
    endloop
  endfacet
  facet normal 0 0 -1
    outer loop
      vertex -47.58079944550991 10.452948942780495 0
      vertex -45.346601374447346 12.52875405550003 0
      vertex -47.40617076307535 10.210055246949196 0
    endloop
  endfacet
  facet normal 0 0 -1
    outer loop
      vertex -48.048523373901844 11.21834522485733 0
      vertex -48.18500018119812 11.484553083777428 0
      vertex -45.346601374447346 12.52875405550003 0
    endloop
  endfacet
  facet normal 0 0 -1
    outer loop
      vertex -48.00083804875612 11.130780287086964 0
      vertex -48.048523373901844 11.21834522485733 0
      vertex -45.346601374447346 12.52875405550003 0
    endloop
  endfacet
  facet normal 0 0 -1
    outer loop
      vertex -48.18500018119812 11.484553083777428 0
      vertex -48.22826138883829 11.574385911226273 0
      vertex -45.529201969504356 12.881904266774654 0
    endloop
  endfacet
  facet normal 0 0 -1
    outer loop
      vertex -48.22826138883829 11.574385911226273 0
      vertex -48.35129916667938 11.847065635025501 0
      vertex -45.529201969504356 12.881904266774654 0
    endloop
  endfacet
  facet normal 0 0 -1
    outer loop
      vertex -48.35129916667938 11.847065635025501 0
      vertex -48.390028946101665 11.938943512737751 0
      vertex -45.529201969504356 12.881904266774654 0
    endloop
  endfacet
  facet normal 0 0 -1
    outer loop
      vertex -48.18500018119812 11.484553083777428 0
      vertex -45.37013884220406 12.574275603272408 0
      vertex -45.346601374447346 12.52875405550003 0
    endloop
  endfacet
  facet normal 0 0 -1
    outer loop
      vertex -45.58186400681734 8.138383507728577 0
      vertex -45.80649748444557 8.467860355973244 0
      vertex -45.346601374447346 12.52875405550003 0
    endloop
  endfacet
  facet normal 0 0 -1
    outer loop
      vertex -46.06282000243664 8.773333683609962 0
      vertex -45.346601374447346 12.52875405550003 0
      vertex -45.80649748444557 8.467860355973244 0
    endloop
  endfacet
  facet normal 0 0 -1
    outer loop
      vertex -46.06282000243664 8.773333683609962 0
      vertex -46.29348669946194 9.001750379800797 0
      vertex -45.346601374447346 12.52875405550003 0
    endloop
  endfacet
  facet normal -0.6801727420221084 -0.7330518678852993 0
    outer loop
      vertex -46.29348669946194 9.001750379800797 0
      vertex -46.54933798313141 9.239145681262016 2
      vertex -46.54933798313141 9.239145681262016 0
    endloop
  endfacet
  facet normal -0.6982368625863516 -0.7158668058553688 0
    outer loop
      vertex -46.06282000243664 8.773333683609962 0
      vertex -46.29515767842531 8.999949485063553 2
      vertex -46.29515767842531 8.999949485063553 0
    endloop
  endfacet
  facet normal -0.6982367742438376 -0.7158668920222252 0
    outer loop
      vertex -46.620714887976646 9.3087647408247 0
      vertex -46.54933798313141 9.239145681262016 0
      vertex -46.620714887976646 9.3087647408247 2
    endloop
  endfacet
  facet normal -0.7158668509849493 -0.6982368163172811 0
    outer loop
      vertex -46.829594604671 9.522918537259102 0
      vertex -46.620714887976646 9.3087647408247 0
      vertex -46.829594604671 9.522918537259102 2
    endloop
  endfacet
  facet normal -0.9801725033837093 -0.198146066351347 0
    outer loop
      vertex -45.0397043377161 6.648811720311642 0
      vertex -45.1187184676528 7.039672255516052 2
      vertex -45.1187184676528 7.039672255516052 0
    endloop
  endfacet
  facet normal -0.9555728236998079 -0.2947551163362153 0
    outer loop
      vertex -45.1187184676528 7.039672255516052 0
      vertex -45.23625710606575 7.420723244547844 2
      vertex -45.23625710606575 7.420723244547844 0
    endloop
  endfacet
  facet normal -0.9214762398180204 -0.3884347299751172 0
    outer loop
      vertex -45.23625710606575 7.420723244547844 0
      vertex -45.39115209132433 7.788177639245987 2
      vertex -45.39115209132433 7.788177639245987 0
    endloop
  endfacet
  facet normal -0.8782216110935356 -0.4782539093497038 0
    outer loop
      vertex -45.39115209132433 7.788177639245987 0
      vertex -45.58186400681734 8.138383507728577 2
      vertex -45.58186400681734 8.138383507728577 0
    endloop
  endfacet
  facet normal -0.8262388139521293 -0.5633199999280858 0
    outer loop
      vertex -45.58186400681734 8.138383507728577 0
      vertex -45.80649748444557 8.467860355973244 2
      vertex -45.80649748444557 8.467860355973244 0
    endloop
  endfacet
  facet normal -0.7660444907376711 -0.6427875529367865 0
    outer loop
      vertex -46.06282000243664 8.773333683609962 0
      vertex -45.80649748444557 8.467860355973244 0
      vertex -46.06282000243664 8.773333683609962 2
    endloop
  endfacet
  facet normal -0.8262387837319072 -0.5633200442530149 0
    outer loop
      vertex -47.58079944550991 10.452948942780495 0
      vertex -47.636966459453106 10.535330824553967 2
      vertex -47.636966459453106 10.535330824553967 0
    endloop
  endfacet
  facet normal -0.8400259264071184 -0.542546258823948 0
    outer loop
      vertex -47.636966459453106 10.535330824553967 0
      vertex -47.79927074164152 10.786627009510994 2
      vertex -47.79927074164152 10.786627009510994 0
    endloop
  endfacet
  facet normal -0.853290893661497 -0.5214351836943533 0
    outer loop
      vertex -47.79927074164152 10.786627009510994 0
      vertex -47.851261638104916 10.87170634418726 2
      vertex -47.851261638104916 10.87170634418726 0
    endloop
  endfacet
  facet normal -0.7330518847013122 -0.6801727238987566 0
    outer loop
      vertex -46.829594604671 9.522918537259102 0
      vertex -46.89741262793541 9.596008986234665 2
      vertex -46.89741262793541 9.596008986234665 0
    endloop
  endfacet
  facet normal -0.7497812066662846 -0.6616858334058925 0
    outer loop
      vertex -46.89741262793541 9.596008986234665 0
      vertex -47.09535779803991 9.82030813395977 2
      vertex -47.09535779803991 9.82030813395977 0
    endloop
  endfacet
  facet normal -0.7660444205999667 -0.6427876365236511 0
    outer loop
      vertex -47.09535779803991 9.82030813395977 0
      vertex -47.159448482096195 9.896688431501389 2
      vertex -47.159448482096195 9.896688431501389 0
    endloop
  endfacet
  facet normal -0.7818314769659773 -0.6234898087580889 0
    outer loop
      vertex -47.159448482096195 9.896688431501389 0
      vertex -47.34596721082926 10.130575515329838 2
      vertex -47.34596721082926 10.130575515329838 0
    endloop
  endfacet
  facet normal -0.7971325310681721 -0.6038043788453755 0
    outer loop
      vertex -47.40617076307535 10.210055246949196 0
      vertex -47.34596721082926 10.130575515329838 0
      vertex -47.40617076307535 10.210055246949196 2
    endloop
  endfacet
  facet normal -0.8119379936382288 -0.5837436890337466 0
    outer loop
      vertex -47.58079944550991 10.452948942780495 0
      vertex -47.40617076307535 10.210055246949196 0
      vertex -47.58079944550991 10.452948942780495 2
    endloop
  endfacet
  facet normal -0.8660254038162175 -0.4999999999449575 0
    outer loop
      vertex -47.851261638104916 10.87170634418726 0
      vertex -48.00083804875612 11.130780287086964 2
      vertex -48.00083804875612 11.130780287086964 0
    endloop
  endfacet
  facet normal -0.8782215666562501 -0.47825399095025006 0
    outer loop
      vertex -48.00083804875612 11.130780287086964 0
      vertex -48.048523373901844 11.21834522485733 2
      vertex -48.048523373901844 11.21834522485733 0
    endloop
  endfacet
  facet normal -0.8898718071964311 -0.4562106605034103 0
    outer loop
      vertex -48.048523373901844 11.21834522485733 0
      vertex -48.18500018119812 11.484553083777428 2
      vertex -48.18500018119812 11.484553083777428 0
    endloop
  endfacet
  facet normal -0.9009688757237552 -0.43388372287638616 0
    outer loop
      vertex -48.18500018119812 11.484553083777428 0
      vertex -48.22826138883829 11.574385911226273 2
      vertex -48.22826138883829 11.574385911226273 0
    endloop
  endfacet
  facet normal -0.9115058511104243 -0.41128710579285227 0
    outer loop
      vertex -48.22826138883829 11.574385911226273 0
      vertex -48.35129916667938 11.847065635025501 2
      vertex -48.35129916667938 11.847065635025501 0
    endloop
  endfacet
  facet normal -0.9214761895971736 -0.3884348491130448 0
    outer loop
      vertex -48.35129916667938 11.847065635025501 0
      vertex -48.390028946101665 11.938943512737751 2
      vertex -48.390028946101665 11.938943512737751 0
    endloop
  endfacet
  facet normal -0.9308737547327313 -0.36534100885308096 0
    outer loop
      vertex -48.390028946101665 11.938943512737751 0
      vertex -48.49932178109884 12.217417128384113 2
      vertex -48.49932178109884 12.217417128384113 0
    endloop
  endfacet
  facet normal 0.4415455069271327 0.897238856332282 0
    outer loop
      vertex -43.38433750718832 10.605124048888683 0
      vertex -43.38433750718832 10.605124048888683 2
      vertex -43.02762660384178 10.429580941796303 0
    endloop
  endfacet
  facet normal 0.5114354786968313 0.8593216808216484 0
    outer loop
      vertex -43.72597385942936 10.808452971279621 0
      vertex -43.72597385942936 10.808452971279621 2
      vertex -43.38433750718832 10.605124048888683 0
    endloop
  endfacet
  facet normal 0.7545646138975898 0.6562257564692056 2.7141851127581463e-18
    outer loop
      vertex -44.66181748754539 11.597254732145867 0
      vertex -44.86228876535589 11.827767678106005 0
      vertex -44.86228876535589 11.827767678106005 2
    endloop
  endfacet
  facet normal 0.804316570400497 0.5942010220280529 0
    outer loop
      vertex -45.104952706625035 12.14849783053511 2
      vertex -44.939983120731874 11.925193314677658 0
      vertex -45.104952706625035 12.14849783053511 0
    endloop
  endfacet
  facet normal 0.6410936418173732 0.767462665164461 2.8255183509153923e-18
    outer loop
      vertex -44.05037572979927 11.038282200694084 0
      vertex -44.32441481248234 11.267198500459536 0
      vertex -44.32441481248234 11.267198500459536 2
    endloop
  endfacet
  facet normal 0.5780919923033226 0.8159715978113301 0
    outer loop
      vertex -43.72597385942936 10.808452971279621 0
      vertex -44.05037572979927 11.038282200694084 0
      vertex -44.05037572979927 11.038282200694084 2
    endloop
  endfacet
  facet normal 0.7000420776037546 0.7141015961221616 0
    outer loop
      vertex -44.584154646969886 11.517319198232085 2
      vertex -44.410315996392136 11.346903152701412 0
      vertex -44.584154646969886 11.517319198232085 0
    endloop
  endfacet
  facet normal 0.21697880282233697 0.9761763155935436 0
    outer loop
      vertex -42.2780831605196 10.16610886901617 0
      vertex -42.2780831605196 10.16610886901617 2
      vertex -41.889989480376244 10.079845659434795 0
    endloop
  endfacet
  facet normal 0.13873552414710807 0.9903294675710843 0
    outer loop
      vertex -41.889989480376244 10.079845659434795 0
      vertex -41.889989480376244 10.079845659434795 2
      vertex -41.49626899510622 10.024689249694347 0
    endloop
  endfacet
  facet normal 0.3688639195599133 0.9294834096673796 0
    outer loop
      vertex -43.02762660384178 10.429580941796303 0
      vertex -43.02762660384178 10.429580941796303 2
      vertex -42.65809639543295 10.282933503389359 0
    endloop
  endfacet
  facet normal 0.29385028434561317 0.9558514583291707 0
    outer loop
      vertex -42.2780831605196 10.16610886901617 0
      vertex -42.65809639543295 10.282933503389359 0
      vertex -42.65809639543295 10.282933503389359 2
    endloop
  endfacet
  facet normal 0.05961513514292187 0.9982214361863259 0
    outer loop
      vertex -41.49626899510622 10.024689249694347 0
      vertex -41.49626899510622 10.024689249694347 2
      vertex -41.09941093623638 10.000988349318504 0
    endloop
  endfacet
  facet normal -0.019882200508982442 0.99980232951465 0
    outer loop
      vertex -41.09941093623638 10.000988349318504 0
      vertex -41.09941093623638 10.000988349318504 2
      vertex -40.70192437618971 10.008892819285393 0
    endloop
  endfacet
  facet normal -0.09925378775462775 0.9950621516349415 0
    outer loop
      vertex -40.70192437618971 10.008892819285393 0
      vertex -40.70192437618971 10.008892819285393 2
      vertex -40.30632234364748 10.048352666199207 0
    endloop
  endfacet
  facet normal -0.17799790281073447 0.9840308666881239 0
    outer loop
      vertex -40.30632234364748 10.048352666199207 0
      vertex -40.30632234364748 10.048352666199207 2
      vertex -39.91510596126318 10.119118429720402 0
    endloop
  endfacet
  facet normal -0.2556166317615519 0.9667782256375447 0
    outer loop
      vertex -39.91510596126318 10.119118429720402 0
      vertex -39.91510596126318 10.119118429720402 2
      vertex -39.53074862807989 10.22074269503355 0
    endloop
  endfacet
  facet normal -0.3316192763473325 0.9434133004971211 0
    outer loop
      vertex -39.53074862807989 10.22074269503355 0
      vertex -39.53074862807989 10.22074269503355 2
      vertex -39.15568038076162 10.352582961320877 0
    endloop
  endfacet
  facet normal -0.40552531308267054 0.9140838147835252 0
    outer loop
      vertex -39.15568038076162 10.352582961320877 0
      vertex -39.15568038076162 10.352582961320877 2
      vertex -38.79227250814438 10.513805694878101 0
    endloop
  endfacet
  facet normal -0.4768675062910451 0.8789751881843765 0
    outer loop
      vertex -38.79227250814438 10.513805694878101 0
      vertex -38.79227250814438 10.513805694878101 2
      vertex -38.442822605371475 10.70339159667492 0
    endloop
  endfacet
  facet normal -0.5451947749826415 0.8383094042963057 0
    outer loop
      vertex -38.442822605371475 10.70339159667492 0
      vertex -38.442822605371475 10.70339159667492 2
      vertex -38.1095400005579 10.920142039656639 0
    endloop
  endfacet
  facet normal -0.6100751413484075 0.7923435630512314 0
    outer loop
      vertex -38.1095400005579 10.920142039656639 0
      vertex -38.1095400005579 10.920142039656639 2
      vertex -37.79453181475401 11.16268665343523 0
    endloop
  endfacet
  facet normal -0.6710984266390593 0.7413682632555695 0
    outer loop
      vertex -37.79453181475401 11.16268665343523 0
      vertex -37.79453181475401 11.16268665343523 2
      vertex -37.499789625406265 11.429492004215717 0
    endloop
  endfacet
  facet normal -0.7278788070013958 0.6857057986616598 0
    outer loop
      vertex -37.499789625406265 11.429492004215717 0
      vertex -37.499789625406265 11.429492004215717 2
      vertex -37.227176897227764 11.718871250748634 0
    endloop
  endfacet
  facet normal 0 0 -1
    outer loop
      vertex -35.026363998651505 -15.5 0
      vertex -38.442822605371475 10.70339159667492 0
      vertex -38.1095400005579 10.920142039656639 0
    endloop
  endfacet
  facet normal 0 0 -1
    outer loop
      vertex -35.026363998651505 -15.5 0
      vertex -38.1095400005579 10.920142039656639 0
      vertex -37.79453181475401 11.16268665343523 0
    endloop
  endfacet
  facet normal 0 0 -1
    outer loop
      vertex -35.026363998651505 -15.5 0
      vertex -37.79453181475401 11.16268665343523 0
      vertex -37.499789625406265 11.429492004215717 0
    endloop
  endfacet
  facet normal 0 0 -1
    outer loop
      vertex -35.026363998651505 -15.5 0
      vertex -37.499789625406265 11.429492004215717 0
      vertex -37.227176897227764 11.718871250748634 0
    endloop
  endfacet
  facet normal 0 0 -1
    outer loop
      vertex -35.026363998651505 -15.5 0
      vertex -37.227176897227764 11.718871250748634 0
      vertex -36.97841717302799 12.028994858264923 0
    endloop
  endfacet
  facet normal 0 0 -1
    outer loop
      vertex -35.026363998651505 -15.5 0
      vertex -36.97841717302799 12.028994858264923 0
      vertex -36.755083188414574 12.357902109622955 0
    endloop
  endfacet
  facet normal 0 0 -1
    outer loop
      vertex -35.026363998651505 -15.5 0
      vertex -36.755083188414574 12.357902109622955 0
      vertex -36.558586932718754 12.70351355522871 0
    endloop
  endfacet
  facet normal 0 0 -1
    outer loop
      vertex -35.026363998651505 -15.5 0
      vertex -36.558586932718754 12.70351355522871 0
      vertex -36.390170723199844 13.063644126057625 0
    endloop
  endfacet
  facet normal 0 0 -1
    outer loop
      vertex -35.026363998651505 -15.5 0
      vertex -36.390170723199844 13.063644126057625 0
      vertex -36.25089934468269 13.436016961932182 0
    endloop
  endfacet
  facet normal 0 0 -1
    outer loop
      vertex -35.026363998651505 -15.5 0
      vertex -36.25089934468269 13.436016961932182 0
      vertex -36.141653299331665 13.818277806043625 0
    endloop
  endfacet
  facet normal 0 0 -1
    outer loop
      vertex -35.026363998651505 -15.5 0
      vertex -36.141653299331665 13.818277806043625 0
      vertex -36.063123293221 14.208009876310825 0
    endloop
  endfacet
  facet normal 0 0 -1
    outer loop
      vertex -35.026363998651505 -15.5 0
      vertex -36.063123293221 14.208009876310825 0
      vertex -35.026363998651505 15.182868152856827 0
    endloop
  endfacet
  facet normal 0 0 -1
    outer loop
      vertex -29.165405824780464 -15.5 0
      vertex -29.165405824780464 15.182868152856827 0
      vertex -28.407095335423946 12.7809574380517 0
    endloop
  endfacet
  facet normal 1 0 0
    outer loop
      vertex -35.026363998651505 -15.5 0
      vertex -35.026363998651505 15.182868152856827 0
      vertex -35.026363998651505 15.182868152856827 2
    endloop
  endfacet
  facet normal -0.7800573157896762 0.6257080661802317 0
    outer loop
      vertex -37.227176897227764 11.718871250748634 0
      vertex -37.227176897227764 11.718871250748634 2
      vertex -36.97841717302799 12.028994858264923 0
    endloop
  endfacet
  facet normal -0.8273040309641815 0.5617544306460045 0
    outer loop
      vertex -36.97841717302799 12.028994858264923 0
      vertex -36.97841717302799 12.028994858264923 2
      vertex -36.755083188414574 12.357902109622955 0
    endloop
  endfacet
  facet normal 1 0 0
    outer loop
      vertex -28.407095335423946 2.0885357707738876 0
      vertex -28.407095335423946 12.7809574380517 0
      vertex -28.407095335423946 12.7809574380517 2
    endloop
  endfacet
  facet normal -0.9996891828283911 -0.024930658553348178 0
    outer loop
      vertex -44.99502768367529 6.0526429414749146 0
      vertex -44.99502768367529 6.0526429414749146 2
      vertex -44.99999998509884 6.252026200294495 2
    endloop
  endfacet
  facet normal -0.9950307821115955 -0.0995677791777363 0
    outer loop
      vertex -44.99999998509884 6.252026200294495 0
      vertex -44.99999998509884 6.252026200294495 2
      vertex -45.0397043377161 6.648811720311642 2
    endloop
  endfacet
  facet normal -0.9801725033837093 -0.198146066351347 0
    outer loop
      vertex -45.0397043377161 6.648811720311642 0
      vertex -45.0397043377161 6.648811720311642 2
      vertex -45.1187184676528 7.039672255516052 2
    endloop
  endfacet
  facet normal -0.6982368625863516 -0.7158668058553688 0
    outer loop
      vertex -46.06282000243664 8.773333683609962 0
      vertex -46.06282000243664 8.773333683609962 2
      vertex -46.29515767842531 8.999949485063553 2
    endloop
  endfacet
  facet normal -0.7330518847013122 -0.6801727238987566 0
    outer loop
      vertex -46.829594604671 9.522918537259102 0
      vertex -46.829594604671 9.522918537259102 2
      vertex -46.89741262793541 9.596008986234665 2
    endloop
  endfacet
  facet normal -0.6801727420221084 -0.7330518678852993 0
    outer loop
      vertex -46.54933798313141 9.239145681262016 2
      vertex -46.29348669946194 9.001750379800797 0
      vertex -46.29348669946194 9.001750379800797 2
    endloop
  endfacet
  facet normal -0.7158668509849493 -0.6982368163172811 0
    outer loop
      vertex -46.620714887976646 9.3087647408247 0
      vertex -46.620714887976646 9.3087647408247 2
      vertex -46.829594604671 9.522918537259102 2
    endloop
  endfacet
  facet normal -0.6982367742438376 -0.7158668920222252 0
    outer loop
      vertex -46.54933798313141 9.239145681262016 0
      vertex -46.54933798313141 9.239145681262016 2
      vertex -46.620714887976646 9.3087647408247 2
    endloop
  endfacet
  facet normal -0.9555728236998079 -0.2947551163362153 0
    outer loop
      vertex -45.1187184676528 7.039672255516052 0
      vertex -45.1187184676528 7.039672255516052 2
      vertex -45.23625710606575 7.420723244547844 2
    endloop
  endfacet
  facet normal -0.9214762398180204 -0.3884347299751172 0
    outer loop
      vertex -45.23625710606575 7.420723244547844 0
      vertex -45.23625710606575 7.420723244547844 2
      vertex -45.39115209132433 7.788177639245987 2
    endloop
  endfacet
  facet normal -0.8782216110935356 -0.4782539093497038 0
    outer loop
      vertex -45.39115209132433 7.788177639245987 0
      vertex -45.39115209132433 7.788177639245987 2
      vertex -45.58186400681734 8.138383507728577 2
    endloop
  endfacet
  facet normal -0.8262388139521293 -0.5633199999280858 0
    outer loop
      vertex -45.58186400681734 8.138383507728577 0
      vertex -45.58186400681734 8.138383507728577 2
      vertex -45.80649748444557 8.467860355973244 2
    endloop
  endfacet
  facet normal -0.7660444907376711 -0.6427875529367865 0
    outer loop
      vertex -45.80649748444557 8.467860355973244 0
      vertex -45.80649748444557 8.467860355973244 2
      vertex -46.06282000243664 8.773333683609962 2
    endloop
  endfacet
  facet normal -0.8262387837319072 -0.5633200442530149 0
    outer loop
      vertex -47.58079944550991 10.452948942780495 0
      vertex -47.58079944550991 10.452948942780495 2
      vertex -47.636966459453106 10.535330824553967 2
    endloop
  endfacet
  facet normal -0.8400259264071184 -0.542546258823948 0
    outer loop
      vertex -47.636966459453106 10.535330824553967 0
      vertex -47.636966459453106 10.535330824553967 2
      vertex -47.79927074164152 10.786627009510994 2
    endloop
  endfacet
  facet normal -0.853290893661497 -0.5214351836943533 0
    outer loop
      vertex -47.79927074164152 10.786627009510994 0
      vertex -47.79927074164152 10.786627009510994 2
      vertex -47.851261638104916 10.87170634418726 2
    endloop
  endfacet
  facet normal -0.7497812066662846 -0.6616858334058925 0
    outer loop
      vertex -46.89741262793541 9.596008986234665 0
      vertex -46.89741262793541 9.596008986234665 2
      vertex -47.09535779803991 9.82030813395977 2
    endloop
  endfacet
  facet normal -0.7660444205999667 -0.6427876365236511 0
    outer loop
      vertex -47.09535779803991 9.82030813395977 0
      vertex -47.09535779803991 9.82030813395977 2
      vertex -47.159448482096195 9.896688431501389 2
    endloop
  endfacet
  facet normal -0.7818314769659773 -0.6234898087580889 0
    outer loop
      vertex -47.159448482096195 9.896688431501389 0
      vertex -47.159448482096195 9.896688431501389 2
      vertex -47.34596721082926 10.130575515329838 2
    endloop
  endfacet
  facet normal -0.7971325310681721 -0.6038043788453755 0
    outer loop
      vertex -47.34596721082926 10.130575515329838 0
      vertex -47.34596721082926 10.130575515329838 2
      vertex -47.40617076307535 10.210055246949196 2
    endloop
  endfacet
  facet normal -0.8119379936382288 -0.5837436890337466 0
    outer loop
      vertex -47.40617076307535 10.210055246949196 0
      vertex -47.40617076307535 10.210055246949196 2
      vertex -47.58079944550991 10.452948942780495 2
    endloop
  endfacet
  facet normal -0.8660254038162175 -0.4999999999449575 0
    outer loop
      vertex -47.851261638104916 10.87170634418726 0
      vertex -47.851261638104916 10.87170634418726 2
      vertex -48.00083804875612 11.130780287086964 2
    endloop
  endfacet
  facet normal -0.8782215666562501 -0.47825399095025006 0
    outer loop
      vertex -48.00083804875612 11.130780287086964 0
      vertex -48.00083804875612 11.130780287086964 2
      vertex -48.048523373901844 11.21834522485733 2
    endloop
  endfacet
  facet normal -0.8898718071964311 -0.4562106605034103 0
    outer loop
      vertex -48.048523373901844 11.21834522485733 0
      vertex -48.048523373901844 11.21834522485733 2
      vertex -48.18500018119812 11.484553083777428 2
    endloop
  endfacet
  facet normal -0.9009688757237552 -0.43388372287638616 0
    outer loop
      vertex -48.18500018119812 11.484553083777428 0
      vertex -48.18500018119812 11.484553083777428 2
      vertex -48.22826138883829 11.574385911226273 2
    endloop
  endfacet
  facet normal -0.9115058511104243 -0.41128710579285227 0
    outer loop
      vertex -48.22826138883829 11.574385911226273 0
      vertex -48.22826138883829 11.574385911226273 2
      vertex -48.35129916667938 11.847065635025501 2
    endloop
  endfacet
  facet normal -0.9214761895971736 -0.3884348491130448 0
    outer loop
      vertex -48.35129916667938 11.847065635025501 0
      vertex -48.35129916667938 11.847065635025501 2
      vertex -48.390028946101665 11.938943512737751 2
    endloop
  endfacet
  facet normal -0.9308737547327313 -0.36534100885308096 0
    outer loop
      vertex -48.390028946101665 11.938943512737751 0
      vertex -48.390028946101665 11.938943512737751 2
      vertex -48.49932178109884 12.217417128384113 2
    endloop
  endfacet
  facet normal 0.4415455069271327 0.897238856332282 0
    outer loop
      vertex -43.02762660384178 10.429580941796303 0
      vertex -43.38433750718832 10.605124048888683 2
      vertex -43.02762660384178 10.429580941796303 2
    endloop
  endfacet
  facet normal 0.5114354786968313 0.8593216808216484 0
    outer loop
      vertex -43.38433750718832 10.605124048888683 0
      vertex -43.72597385942936 10.808452971279621 2
      vertex -43.38433750718832 10.605124048888683 2
    endloop
  endfacet
  facet normal 0.5780919923033226 0.8159715978113301 0
    outer loop
      vertex -43.72597385942936 10.808452971279621 0
      vertex -44.05037572979927 11.038282200694084 2
      vertex -43.72597385942936 10.808452971279621 2
    endloop
  endfacet
  facet normal 0.7545646138975898 0.6562257564692056 2.7141851127581463e-18
    outer loop
      vertex -44.86228876535589 11.827767678106005 2
      vertex -44.66181748754539 11.597254732145867 2
      vertex -44.66181748754539 11.597254732145867 0
    endloop
  endfacet
  facet normal 0.804316570400497 0.5942010220280529 -4.5853863193343536e-18
    outer loop
      vertex -45.104952706625035 12.14849783053511 2
      vertex -44.939983120731874 11.925193314677658 2
      vertex -44.939983120731874 11.925193314677658 0
    endloop
  endfacet
  facet normal 0.6410936418173732 0.767462665164461 0
    outer loop
      vertex -44.05037572979927 11.038282200694084 0
      vertex -44.32441481248234 11.267198500459536 2
      vertex -44.05037572979927 11.038282200694084 2
    endloop
  endfacet
  facet normal 0.7000420776037546 0.7141015961221616 0
    outer loop
      vertex -44.410315996392136 11.346903152701412 0
      vertex -44.584154646969886 11.517319198232085 2
      vertex -44.410315996392136 11.346903152701412 2
    endloop
  endfacet
  facet normal 0.29385028434561317 0.9558514583291707 0
    outer loop
      vertex -42.2780831605196 10.16610886901617 0
      vertex -42.65809639543295 10.282933503389359 2
      vertex -42.2780831605196 10.16610886901617 2
    endloop
  endfacet
  facet normal 0.21697880282233697 0.9761763155935436 0
    outer loop
      vertex -41.889989480376244 10.079845659434795 0
      vertex -42.2780831605196 10.16610886901617 2
      vertex -41.889989480376244 10.079845659434795 2
    endloop
  endfacet
  facet normal 0.3688639195599133 0.9294834096673796 0
    outer loop
      vertex -42.65809639543295 10.282933503389359 0
      vertex -43.02762660384178 10.429580941796303 2
      vertex -42.65809639543295 10.282933503389359 2
    endloop
  endfacet
  facet normal 0.13873552414710807 0.9903294675710843 0
    outer loop
      vertex -41.49626899510622 10.024689249694347 0
      vertex -41.889989480376244 10.079845659434795 2
      vertex -41.49626899510622 10.024689249694347 2
    endloop
  endfacet
  facet normal 0.05961513514292187 0.9982214361863259 0
    outer loop
      vertex -41.09941093623638 10.000988349318504 0
      vertex -41.49626899510622 10.024689249694347 2
      vertex -41.09941093623638 10.000988349318504 2
    endloop
  endfacet
  facet normal -0.019882200508982442 0.99980232951465 0
    outer loop
      vertex -40.70192437618971 10.008892819285393 0
      vertex -41.09941093623638 10.000988349318504 2
      vertex -40.70192437618971 10.008892819285393 2
    endloop
  endfacet
  facet normal -0.09925378775462775 0.9950621516349415 0
    outer loop
      vertex -40.30632234364748 10.048352666199207 0
      vertex -40.70192437618971 10.008892819285393 2
      vertex -40.30632234364748 10.048352666199207 2
    endloop
  endfacet
  facet normal -0.17799790281073447 0.9840308666881239 0
    outer loop
      vertex -39.91510596126318 10.119118429720402 0
      vertex -40.30632234364748 10.048352666199207 2
      vertex -39.91510596126318 10.119118429720402 2
    endloop
  endfacet
  facet normal -0.2556166317615519 0.9667782256375447 0
    outer loop
      vertex -39.53074862807989 10.22074269503355 0
      vertex -39.91510596126318 10.119118429720402 2
      vertex -39.53074862807989 10.22074269503355 2
    endloop
  endfacet
  facet normal -0.3316192763473325 0.9434133004971211 0
    outer loop
      vertex -39.15568038076162 10.352582961320877 0
      vertex -39.53074862807989 10.22074269503355 2
      vertex -39.15568038076162 10.352582961320877 2
    endloop
  endfacet
  facet normal -0.40552531308267054 0.9140838147835252 0
    outer loop
      vertex -38.79227250814438 10.513805694878101 0
      vertex -39.15568038076162 10.352582961320877 2
      vertex -38.79227250814438 10.513805694878101 2
    endloop
  endfacet
  facet normal -0.4768675062910451 0.8789751881843765 0
    outer loop
      vertex -38.442822605371475 10.70339159667492 0
      vertex -38.79227250814438 10.513805694878101 2
      vertex -38.442822605371475 10.70339159667492 2
    endloop
  endfacet
  facet normal -0.5451947749826415 0.8383094042963057 0
    outer loop
      vertex -38.1095400005579 10.920142039656639 0
      vertex -38.442822605371475 10.70339159667492 2
      vertex -38.1095400005579 10.920142039656639 2
    endloop
  endfacet
  facet normal -0.6100751413484075 0.7923435630512314 0
    outer loop
      vertex -37.79453181475401 11.16268665343523 0
      vertex -38.1095400005579 10.920142039656639 2
      vertex -37.79453181475401 11.16268665343523 2
    endloop
  endfacet
  facet normal -0.6710984266390593 0.7413682632555695 0
    outer loop
      vertex -37.499789625406265 11.429492004215717 0
      vertex -37.79453181475401 11.16268665343523 2
      vertex -37.499789625406265 11.429492004215717 2
    endloop
  endfacet
  facet normal -0.7278788070013958 0.6857057986616598 0
    outer loop
      vertex -37.227176897227764 11.718871250748634 0
      vertex -37.499789625406265 11.429492004215717 2
      vertex -37.227176897227764 11.718871250748634 2
    endloop
  endfacet
  facet normal -1 0 0
    outer loop
      vertex -29.165405824780464 -15.5 2
      vertex -29.165405824780464 15.182868152856827 2
      vertex -29.165405824780464 15.182868152856827 0
    endloop
  endfacet
  facet normal 1 0 0
    outer loop
      vertex -28.407095335423946 2.0885357707738876 0
      vertex -28.407095335423946 12.7809574380517 2
      vertex -28.407095335423946 2.0885357707738876 2
    endloop
  endfacet
  facet normal -0.7800573157896762 0.6257080661802317 0
    outer loop
      vertex -36.97841717302799 12.028994858264923 0
      vertex -37.227176897227764 11.718871250748634 2
      vertex -36.97841717302799 12.028994858264923 2
    endloop
  endfacet
  facet normal -0.8273040309641815 0.5617544306460045 0
    outer loop
      vertex -36.755083188414574 12.357902109622955 0
      vertex -36.97841717302799 12.028994858264923 2
      vertex -36.755083188414574 12.357902109622955 2
    endloop
  endfacet
  facet normal -0.9166174234270864 -0.3997655551318665 -1.186615262009977e-16
    outer loop
      vertex -21.581059873104095 -2.8703735917806625 2
      vertex -28.407095335423946 12.7809574380517 2
      vertex -28.407095335423946 12.7809574380517 0
    endloop
  endfacet
  facet normal 0 0 -1
    outer loop
      vertex -48.49932178109884 12.217417128384113 0
      vertex -48.533423595130444 12.311111085116863 0
      vertex -45.68316749483347 13.248445764183998 0
    endloop
  endfacet
  facet normal 0 0 -1
    outer loop
      vertex -48.533423595130444 12.311111085116863 0
      vertex -48.628699727356434 12.594686105847359 0
      vertex -45.68316749483347 13.248445764183998 0
    endloop
  endfacet
  facet normal 0 0 -1
    outer loop
      vertex -48.6580890789628 12.689964048564434 0
      vertex -45.68316749483347 13.248445764183998 0
      vertex -48.628699727356434 12.594686105847359 0
    endloop
  endfacet
  facet normal 0 0 -1
    outer loop
      vertex -48.6580890789628 12.689964048564434 0
      vertex -48.73911164700985 12.97793535888195 0
      vertex -45.807524524629116 13.626061148941517 0
    endloop
  endfacet
  facet normal 0 0 -1
    outer loop
      vertex -48.73911164700985 12.97793535888195 0
      vertex -48.763715252280235 13.074559815227985 0
      vertex -45.807524524629116 13.626061148941517 0
    endloop
  endfacet
  facet normal 0 0 -1
    outer loop
      vertex -48.763715252280235 13.074559815227985 0
      vertex -48.83028294146061 13.366211891174316 0
      vertex -45.901486836373806 14.012363016605377 0
    endloop
  endfacet
  facet normal 0 0 -1
    outer loop
      vertex -48.390028946101665 11.938943512737751 0
      vertex -48.49932178109884 12.217417128384113 0
      vertex -45.68316749483347 13.248445764183998 0
    endloop
  endfacet
  facet normal 0 0 -1
    outer loop
      vertex -48.18500018119812 11.484553083777428 0
      vertex -45.51174680644377 12.848145918283214 0
      vertex -45.37013884220406 12.574275603272408 0
    endloop
  endfacet
  facet normal 0 0 -1
    outer loop
      vertex -48.18500018119812 11.484553083777428 0
      vertex -45.529201969504356 12.881904266774654 0
      vertex -45.51174680644377 12.848145918283214 0
    endloop
  endfacet
  facet normal 0 0 -1
    outer loop
      vertex -48.390028946101665 11.938943512737751 0
      vertex -45.55915889767492 12.953221902888009 0
      vertex -45.529201969504356 12.881904266774654 0
    endloop
  endfacet
  facet normal 0 0 -1
    outer loop
      vertex -48.390028946101665 11.938943512737751 0
      vertex -45.65307997643498 13.17681723550176 0
      vertex -45.55915889767492 12.953221902888009 0
    endloop
  endfacet
  facet normal 0 0 -1
    outer loop
      vertex -48.390028946101665 11.938943512737751 0
      vertex -45.68316749483347 13.248445764183998 0
      vertex -45.65307997643498 13.17681723550176 0
    endloop
  endfacet
  facet normal 0 0 -1
    outer loop
      vertex -48.763715252280235 13.074559815227985 0
      vertex -45.82372737848636 13.692675013482713 0
      vertex -45.807524524629116 13.626061148941517 0
    endloop
  endfacet
  facet normal 0 0 -1
    outer loop
      vertex -48.763715252280235 13.074559815227985 0
      vertex -45.887295228201616 13.954017871192539 0
      vertex -45.82372737848636 13.692675013482713 0
    endloop
  endfacet
  facet normal 0 0 -1
    outer loop
      vertex -48.6580890789628 12.689964048564434 0
      vertex -45.693768059233776 13.2806348266861 0
      vertex -45.68316749483347 13.248445764183998 0
    endloop
  endfacet
  facet normal 0 0 -1
    outer loop
      vertex -48.6580890789628 12.689964048564434 0
      vertex -45.790089643586654 13.573119394672622 0
      vertex -45.693768059233776 13.2806348266861 0
    endloop
  endfacet
  facet normal 0 0 -1
    outer loop
      vertex -48.6580890789628 12.689964048564434 0
      vertex -45.807524524629116 13.626061148941517 0
      vertex -45.790089643586654 13.573119394672622 0
    endloop
  endfacet
  facet normal 0 0 -1
    outer loop
      vertex -48.90198688209057 13.758550137281418 0
      vertex -48.91684754937887 13.857144214212894 0
      vertex -45.901486836373806 14.012363016605377 0
    endloop
  endfacet
  facet normal 0 0 -1
    outer loop
      vertex -48.83028294146061 13.366211891174316 0
      vertex -48.85003961622715 13.463942535221577 0
      vertex -45.901486836373806 14.012363016605377 0
    endloop
  endfacet
  facet normal 0 0 -1
    outer loop
      vertex -48.85003961622715 13.463942535221577 0
      vertex -48.90198688209057 13.758550137281418 0
      vertex -45.901486836373806 14.012363016605377 0
    endloop
  endfacet
  facet normal 0 0 -1
    outer loop
      vertex -48.91684754937887 13.857144214212894 0
      vertex -48.95404528081417 14.153975047171116 0
      vertex -45.964460365474224 14.404909044504166 0
    endloop
  endfacet
  facet normal 0 0 -1
    outer loop
      vertex -48.95404528081417 14.153975047171116 0
      vertex -48.96397291868925 14.253186836838722 0
      vertex -45.964460365474224 14.404909044504166 0
    endloop
  endfacet
  facet normal 0 0 -1
    outer loop
      vertex -48.96397291868925 14.253186836838722 0
      vertex -48.98632863909006 14.551503218710423 0
      vertex -45.99604698270559 14.801217421889305 0
    endloop
  endfacet
  facet normal 0 0 -1
    outer loop
      vertex -48.98632863909006 14.551503218710423 0
      vertex -48.991298638284206 14.65108659118414 0
      vertex -45.99604698270559 14.801217421889305 0
    endloop
  endfacet
  facet normal 0 0 -1
    outer loop
      vertex -48.991298638284206 14.65108659118414 0
      vertex -48.99875672906637 14.950146414339542 0
      vertex -45.99604698270559 14.801217421889305 0
    endloop
  endfacet
  facet normal 0 0 -1
    outer loop
      vertex -45.99604698270559 14.801217421889305 0
      vertex -48.99875672906637 14.950146414339542 0
      vertex -48.99875672906637 15.049853578209877 0
    endloop
  endfacet
  facet normal 0 0 -1
    outer loop
      vertex -48.763715252280235 13.074559815227985 0
      vertex -45.901486836373806 14.012363016605377 0
      vertex -45.887295228201616 13.954017871192539 0
    endloop
  endfacet
  facet normal 0 0 -1
    outer loop
      vertex -48.91684754937887 13.857144214212894 0
      vertex -45.911833567177645 14.076859450850149 0
      vertex -45.901486836373806 14.012363016605377 0
    endloop
  endfacet
  facet normal 0 0 -1
    outer loop
      vertex -48.91684754937887 13.857144214212894 0
      vertex -45.953340549781565 14.335593579046293 0
      vertex -45.911833567177645 14.076859450850149 0
    endloop
  endfacet
  facet normal 0 0 -1
    outer loop
      vertex -48.91684754937887 13.857144214212894 0
      vertex -45.964460365474224 14.404909044504166 0
      vertex -45.953340549781565 14.335593579046293 0
    endloop
  endfacet
  facet normal 0 0 -1
    outer loop
      vertex -48.96397291868925 14.253186836838722 0
      vertex -45.9687123783117 14.458257850294226 0
      vertex -45.964460365474224 14.404909044504166 0
    endloop
  endfacet
  facet normal 0 0 -1
    outer loop
      vertex -48.96397291868925 14.253186836838722 0
      vertex -45.99322781667766 14.765846140883667 0
      vertex -45.9687123783117 14.458257850294226 0
    endloop
  endfacet
  facet normal 0 0 -1
    outer loop
      vertex -48.96397291868925 14.253186836838722 0
      vertex -45.99604698270559 14.801217421889305 0
      vertex -45.99322781667766 14.765846140883667 0
    endloop
  endfacet
  facet normal 0 0 -1
    outer loop
      vertex -45.99604698270559 14.801217421889305 0
      vertex -48.99875672906637 15.049853578209877 0
      vertex -45.99604698270559 14.878891005209073 0
    endloop
  endfacet
  facet normal 0 0 -1
    outer loop
      vertex -48.99875672906637 15.049853578209877 0
      vertex -48.991298638284206 15.34891340136528 0
      vertex -45.99604698270559 15.198782578110695 0
    endloop
  endfacet
  facet normal 0 0 -1
    outer loop
      vertex -48.991298638284206 15.34891340136528 0
      vertex -48.98632863909006 15.448496773838997 0
      vertex -45.99604698270559 15.198782578110695 0
    endloop
  endfacet
  facet normal 0 0 -1
    outer loop
      vertex -48.98632863909006 15.448496773838997 0
      vertex -48.96397291868925 15.746813155710697 0
      vertex -45.99604698270559 15.198782578110695 0
    endloop
  endfacet
  facet normal 0 0 -1
    outer loop
      vertex -48.96397291868925 15.746813155710697 0
      vertex -48.95404528081417 15.846024945378304 0
      vertex -45.99604698270559 15.198782578110695 0
    endloop
  endfacet
  facet normal 0 0 -1
    outer loop
      vertex -48.95404528081417 15.846024945378304 0
      vertex -48.91684754937887 16.142855778336525 0
      vertex -45.964460365474224 15.595090955495834 0
    endloop
  endfacet
  facet normal 0 0 -1
    outer loop
      vertex -48.91684754937887 16.142855778336525 0
      vertex -48.90198688209057 16.241449855268 0
      vertex -45.964460365474224 15.595090955495834 0
    endloop
  endfacet
  facet normal 0 0 -1
    outer loop
      vertex -48.90198688209057 16.241449855268 0
      vertex -48.85003961622715 16.536057457327843 0
      vertex -45.901486836373806 15.987636983394623 0
    endloop
  endfacet
  facet normal 0 0 -1
    outer loop
      vertex -48.99875672906637 15.049853578209877 0
      vertex -45.99604698270559 15.121108979889765 0
      vertex -45.99604698270559 14.878891005209073 0
    endloop
  endfacet
  facet normal 0 0 -1
    outer loop
      vertex -48.99875672906637 15.049853578209877 0
      vertex -45.99604698270559 15.198782578110695 0
      vertex -45.99604698270559 15.121108979889765 0
    endloop
  endfacet
  facet normal 0 0 -1
    outer loop
      vertex -48.95404528081417 15.846024945378304 0
      vertex -45.99322781613682 15.23415386590208 0
      vertex -45.99604698270559 15.198782578110695 0
    endloop
  endfacet
  facet normal 0 0 -1
    outer loop
      vertex -48.95404528081417 15.846024945378304 0
      vertex -45.968712381574555 15.541742108767647 0
      vertex -45.99322781613682 15.23415386590208 0
    endloop
  endfacet
  facet normal 0 0 -1
    outer loop
      vertex -48.95404528081417 15.846024945378304 0
      vertex -45.964460365474224 15.595090955495834 0
      vertex -45.968712381574555 15.541742108767647 0
    endloop
  endfacet
  facet normal 0 0 -1
    outer loop
      vertex -48.90198688209057 16.241449855268 0
      vertex -45.95334054124858 15.66440647414413 0
      vertex -45.964460365474224 15.595090955495834 0
    endloop
  endfacet
  facet normal 0 0 -1
    outer loop
      vertex -48.90198688209057 16.241449855268 0
      vertex -45.9118335936815 15.923140383937882 0
      vertex -45.95334054124858 15.66440647414413 0
    endloop
  endfacet
  facet normal 0 0 -1
    outer loop
      vertex -48.90198688209057 16.241449855268 0
      vertex -45.901486836373806 15.987636983394623 0
      vertex -45.9118335936815 15.923140383937882 0
    endloop
  endfacet
  facet normal 0 0 -1
    outer loop
      vertex -48.85003961622715 16.536057457327843 0
      vertex -48.83028294146061 16.633788101375103 0
      vertex -45.901486836373806 15.987636983394623 0
    endloop
  endfacet
  facet normal 0 0 -1
    outer loop
      vertex -48.83028294146061 16.633788101375103 0
      vertex -48.763715252280235 16.925440177321434 0
      vertex -45.901486836373806 15.987636983394623 0
    endloop
  endfacet
  facet normal 0 0 -1
    outer loop
      vertex -48.763715252280235 16.925440177321434 0
      vertex -48.73911164700985 17.02206463366747 0
      vertex -45.901486836373806 15.987636983394623 0
    endloop
  endfacet
  facet normal 0 0 -1
    outer loop
      vertex -48.73911164700985 17.02206463366747 0
      vertex -48.6580890789628 17.310035943984985 0
      vertex -45.807524524629116 16.373938851058483 0
    endloop
  endfacet
  facet normal 0 0 -1
    outer loop
      vertex -48.6580890789628 17.310035943984985 0
      vertex -48.628699727356434 17.40531388670206 0
      vertex -45.807524524629116 16.373938851058483 0
    endloop
  endfacet
  facet normal 0 0 -1
    outer loop
      vertex -48.628699727356434 17.40531388670206 0
      vertex -48.533423595130444 17.688888907432556 0
      vertex -45.68316749483347 16.751554235816002 0
    endloop
  endfacet
  facet normal 0 0 -1
    outer loop
      vertex -45.68316749483347 16.751554235816002 0
      vertex -48.533423595130444 17.688888907432556 0
      vertex -48.49932178109884 17.782582864165306 0
    endloop
  endfacet
  facet normal 0 0 -1
    outer loop
      vertex -48.73911164700985 17.02206463366747 0
      vertex -45.88729517302103 16.045982355668254 0
      vertex -45.901486836373806 15.987636983394623 0
    endloop
  endfacet
  facet normal 0 0 -1
    outer loop
      vertex -48.73911164700985 17.02206463366747 0
      vertex -45.823727405237385 16.307324876537326 0
      vertex -45.88729517302103 16.045982355668254 0
    endloop
  endfacet
  facet normal 0 0 -1
    outer loop
      vertex -48.73911164700985 17.02206463366747 0
      vertex -45.807524524629116 16.373938851058483 0
      vertex -45.823727405237385 16.307324876537326 0
    endloop
  endfacet
  facet normal 0 0 -1
    outer loop
      vertex -48.628699727356434 17.40531388670206 0
      vertex -45.79008961480154 16.426880692734603 0
      vertex -45.807524524629116 16.373938851058483 0
    endloop
  endfacet
  facet normal 0 0 -1
    outer loop
      vertex -48.628699727356434 17.40531388670206 0
      vertex -45.693768110783424 16.7193650167812 0
      vertex -45.79008961480154 16.426880692734603 0
    endloop
  endfacet
  facet normal 0 0 -1
    outer loop
      vertex -45.68316749483347 16.751554235816002 0
      vertex -48.49932178109884 17.782582864165306 0
      vertex -48.390028946101665 18.06105647981167 0
    endloop
  endfacet
  facet normal 0 0 -1
    outer loop
      vertex -48.628699727356434 17.40531388670206 0
      vertex -45.68316749483347 16.751554235816002 0
      vertex -45.693768110783424 16.7193650167812 0
    endloop
  endfacet
  facet normal 0 0 -1
    outer loop
      vertex -45.68316749483347 16.751554235816002 0
      vertex -48.35129916667938 18.152934357523918 0
      vertex -45.653079887359084 16.823182976558794 0
    endloop
  endfacet
  facet normal 0 0 -1
    outer loop
      vertex -48.35129916667938 18.152934357523918 0
      vertex -45.55915898828981 17.046777881387616 0
      vertex -45.653079887359084 16.823182976558794 0
    endloop
  endfacet
  facet normal 0 0 -1
    outer loop
      vertex -48.35129916667938 18.152934357523918 0
      vertex -45.529201969504356 17.118095733225346 0
      vertex -45.55915898828981 17.046777881387616 0
    endloop
  endfacet
  facet normal -0.9396926122431262 -0.342020166796769 0
    outer loop
      vertex -48.49932178109884 12.217417128384113 0
      vertex -48.533423595130444 12.311111085116863 2
      vertex -48.533423595130444 12.311111085116863 0
    endloop
  endfacet
  facet normal -0.9479273539106637 -0.3184866272042314 0
    outer loop
      vertex -48.533423595130444 12.311111085116863 0
      vertex -48.628699727356434 12.594686105847359 2
      vertex -48.628699727356434 12.594686105847359 0
    endloop
  endfacet
  facet normal -0.9555728100677441 -0.2947551605302868 0
    outer loop
      vertex -48.6580890789628 12.689964048564434 0
      vertex -48.628699727356434 12.594686105847359 0
      vertex -48.6580890789628 12.689964048564434 2
    endloop
  endfacet
  facet normal -0.9626242432795992 -0.2708404811884276 0
    outer loop
      vertex -48.6580890789628 12.689964048564434 0
      vertex -48.73911164700985 12.97793535888195 2
      vertex -48.73911164700985 12.97793535888195 0
    endloop
  endfacet
  facet normal -0.9690772970546554 -0.24675735517557176 0
    outer loop
      vertex -48.73911164700985 12.97793535888195 0
      vertex -48.763715252280235 13.074559815227985 2
      vertex -48.763715252280235 13.074559815227985 0
    endloop
  endfacet
  facet normal -0.9749279077920526 -0.22252095318915643 0
    outer loop
      vertex -48.763715252280235 13.074559815227985 0
      vertex -48.83028294146061 13.366211891174316 2
      vertex -48.83028294146061 13.366211891174316 0
    endloop
  endfacet
  facet normal -0.9801724900997719 -0.1981461320632136 0
    outer loop
      vertex -48.83028294146061 13.366211891174316 0
      vertex -48.85003961622715 13.463942535221577 2
      vertex -48.85003961622715 13.463942535221577 0
    endloop
  endfacet
  facet normal -0.9848077547852073 -0.17364816761175153 0
    outer loop
      vertex -48.85003961622715 13.463942535221577 0
      vertex -48.90198688209057 13.758550137281418 2
      vertex -48.90198688209057 13.758550137281418 0
    endloop
  endfacet
  facet normal -0.9888308243483663 -0.14904227862767774 0
    outer loop
      vertex -48.90198688209057 13.758550137281418 0
      vertex -48.91684754937887 13.857144214212894 2
      vertex -48.91684754937887 13.857144214212894 0
    endloop
  endfacet
  facet normal -0.992239205726027 -0.12434371162299696 0
    outer loop
      vertex -48.91684754937887 13.857144214212894 0
      vertex -48.95404528081417 14.153975047171116 2
      vertex -48.95404528081417 14.153975047171116 0
    endloop
  endfacet
  facet normal -0.995030774408474 -0.0995678561588656 0
    outer loop
      vertex -48.95404528081417 14.153975047171116 0
      vertex -48.96397291868925 14.253186836838722 2
      vertex -48.96397291868925 14.253186836838722 0
    endloop
  endfacet
  facet normal -0.9972037976466248 -0.07473008737549636 0
    outer loop
      vertex -48.96397291868925 14.253186836838722 0
      vertex -48.98632863909006 14.551503218710423 2
      vertex -48.98632863909006 14.551503218710423 0
    endloop
  endfacet
  facet normal -0.9987569213711119 -0.04984588261129118 0
    outer loop
      vertex -48.98632863909006 14.551503218710423 0
      vertex -48.991298638284206 14.65108659118414 2
      vertex -48.991298638284206 14.65108659118414 0
    endloop
  endfacet
  facet normal -0.9996891816332153 -0.02493070647839905 0
    outer loop
      vertex -48.991298638284206 14.65108659118414 0
      vertex -48.99875672906637 14.950146414339542 2
      vertex -48.99875672906637 14.950146414339542 0
    endloop
  endfacet
  facet normal 0.8882826139739222 0.459297286854229 1.5030742824441852e-18
    outer loop
      vertex -45.37013884220406 12.574275603272408 0
      vertex -45.51174680644377 12.848145918283214 0
      vertex -45.51174680644377 12.848145918283214 2
    endloop
  endfacet
  facet normal 0.8489833563524312 0.5284195876730544 1.4014406035550063e-18
    outer loop
      vertex -45.17315198403261 12.250082240399372 0
      vertex -45.308696377807905 12.46785413426283 0
      vertex -45.308696377807905 12.46785413426283 2
    endloop
  endfacet
  facet normal 0.921965853852668 0.38727117673501177 1.1728663522546373e-18
    outer loop
      vertex -45.55915889767492 12.953221902888009 0
      vertex -45.65307997643498 13.17681723550176 0
      vertex -45.65307997643498 13.17681723550176 2
    endloop
  endfacet
  facet normal 0.9498201322704803 0.31279660537430254 -9.06531278629936e-19
    outer loop
      vertex -45.693768059233776 13.2806348266861 0
      vertex -45.790089643586654 13.573119394672622 0
      vertex -45.790089643586654 13.573119394672622 2
    endloop
  endfacet
  facet normal 0.9716693403825888 0.23634443712612505 -2.274080957416384e-18
    outer loop
      vertex -45.82372737848636 13.692675013482713 0
      vertex -45.887295228201616 13.954017871192539 0
      vertex -45.887295228201616 13.954017871192539 2
    endloop
  endfacet
  facet normal 0.9873753441195164 0.15839801079832627 1.2139591516517229e-18
    outer loop
      vertex -45.911833567177645 14.076859450850149 0
      vertex -45.953340549781565 14.335593579046293 0
      vertex -45.953340549781565 14.335593579046293 2
    endloop
  endfacet
  facet normal 0.996838838995955 0.07945016720684926 -1.8124742672863796e-19
    outer loop
      vertex -45.9687123783117 14.458257850294226 0
      vertex -45.99322781667766 14.765846140883667 0
      vertex -45.99322781667766 14.765846140883667 2
    endloop
  endfacet
  facet normal -1 0 0
    outer loop
      vertex -48.99875672906637 14.950146414339542 0
      vertex -48.99875672906637 15.049853578209877 2
      vertex -48.99875672906637 15.049853578209877 0
    endloop
  endfacet
  facet normal -0.9996891816332153 0.02493070647839905 0
    outer loop
      vertex -48.99875672906637 15.049853578209877 0
      vertex -48.991298638284206 15.34891340136528 2
      vertex -48.991298638284206 15.34891340136528 0
    endloop
  endfacet
  facet normal -0.9987569213711119 0.04984588261129118 0
    outer loop
      vertex -48.991298638284206 15.34891340136528 0
      vertex -48.98632863909006 15.448496773838997 2
      vertex -48.98632863909006 15.448496773838997 0
    endloop
  endfacet
  facet normal -0.9972037976466248 0.07473008737549636 0
    outer loop
      vertex -48.98632863909006 15.448496773838997 0
      vertex -48.96397291868925 15.746813155710697 2
      vertex -48.96397291868925 15.746813155710697 0
    endloop
  endfacet
  facet normal -0.995030774408474 0.0995678561588656 0
    outer loop
      vertex -48.96397291868925 15.746813155710697 0
      vertex -48.95404528081417 15.846024945378304 2
      vertex -48.95404528081417 15.846024945378304 0
    endloop
  endfacet
  facet normal -0.992239205726027 0.12434371162299696 0
    outer loop
      vertex -48.95404528081417 15.846024945378304 0
      vertex -48.91684754937887 16.142855778336525 2
      vertex -48.91684754937887 16.142855778336525 0
    endloop
  endfacet
  facet normal -0.9888308243483663 0.14904227862767774 0
    outer loop
      vertex -48.91684754937887 16.142855778336525 0
      vertex -48.90198688209057 16.241449855268 2
      vertex -48.90198688209057 16.241449855268 0
    endloop
  endfacet
  facet normal -0.9848077547852073 0.17364816761175153 0
    outer loop
      vertex -48.90198688209057 16.241449855268 0
      vertex -48.85003961622715 16.536057457327843 2
      vertex -48.85003961622715 16.536057457327843 0
    endloop
  endfacet
  facet normal -0.9801724900997719 0.1981461320632136 0
    outer loop
      vertex -48.85003961622715 16.536057457327843 0
      vertex -48.83028294146061 16.633788101375103 2
      vertex -48.83028294146061 16.633788101375103 0
    endloop
  endfacet
  facet normal -0.9749279077920526 0.22252095318915643 0
    outer loop
      vertex -48.83028294146061 16.633788101375103 0
      vertex -48.763715252280235 16.925440177321434 2
      vertex -48.763715252280235 16.925440177321434 0
    endloop
  endfacet
  facet normal -0.9690772970546554 0.24675735517557176 0
    outer loop
      vertex -48.763715252280235 16.925440177321434 0
      vertex -48.73911164700985 17.02206463366747 2
      vertex -48.73911164700985 17.02206463366747 0
    endloop
  endfacet
  facet normal -0.9626242432795992 0.2708404811884276 0
    outer loop
      vertex -48.73911164700985 17.02206463366747 0
      vertex -48.6580890789628 17.310035943984985 2
      vertex -48.6580890789628 17.310035943984985 0
    endloop
  endfacet
  facet normal -0.9555728100677441 0.2947551605302868 0
    outer loop
      vertex -48.6580890789628 17.310035943984985 0
      vertex -48.628699727356434 17.40531388670206 2
      vertex -48.628699727356434 17.40531388670206 0
    endloop
  endfacet
  facet normal -0.9479273539106637 0.3184866272042314 0
    outer loop
      vertex -48.628699727356434 17.40531388670206 0
      vertex -48.533423595130444 17.688888907432556 2
      vertex -48.533423595130444 17.688888907432556 0
    endloop
  endfacet
  facet normal 1 0 0
    outer loop
      vertex -45.99604698270559 14.878891005209073 0
      vertex -45.99604698270559 15.121108979889765 0
      vertex -45.99604698270559 15.121108979889765 2
    endloop
  endfacet
  facet normal 0.9968388389959545 -0.07945016720685676 -2.2479571061140305e-19
    outer loop
      vertex -45.99322781613682 15.23415386590208 0
      vertex -45.968712381574555 15.541742108767647 0
      vertex -45.968712381574555 15.541742108767647 2
    endloop
  endfacet
  facet normal 0.9873753441195217 -0.1583980107982939 -1.0225333793891208e-18
    outer loop
      vertex -45.95334054124858 15.66440647414413 0
      vertex -45.9118335936815 15.923140383937882 0
      vertex -45.9118335936815 15.923140383937882 2
    endloop
  endfacet
  facet normal 0.9716693403825841 -0.23634443712614348 -9.442763358020035e-19
    outer loop
      vertex -45.88729517302103 16.045982355668254 0
      vertex -45.823727405237385 16.307324876537326 0
      vertex -45.823727405237385 16.307324876537326 2
    endloop
  endfacet
  facet normal 0.9498201322704769 -0.31279660537431325 -1.356457133818632e-18
    outer loop
      vertex -45.79008961480154 16.426880692734603 0
      vertex -45.693768110783424 16.7193650167812 0
      vertex -45.693768110783424 16.7193650167812 2
    endloop
  endfacet
  facet normal 0.9219658538526627 -0.3872711767350246 2.063669343879016e-18
    outer loop
      vertex -45.653079887359084 16.823182976558794 0
      vertex -45.55915898828981 17.046777881387616 0
      vertex -45.55915898828981 17.046777881387616 2
    endloop
  endfacet
  facet normal 0.888282613973921 -0.4592972868542312 1.3806025512911682e-18
    outer loop
      vertex -45.51174675364471 17.151854183830366 0
      vertex -45.370138915989415 17.42572425402645 0
      vertex -45.370138915989415 17.42572425402645 2
    endloop
  endfacet
  facet normal 0 0 -1
    outer loop
      vertex -45.68316749483347 16.751554235816002 0
      vertex -48.390028946101665 18.06105647981167 0
      vertex -48.35129916667938 18.152934357523918 0
    endloop
  endfacet
  facet normal 0 0 -1
    outer loop
      vertex -45.529201969504356 17.118095733225346 0
      vertex -48.35129916667938 18.152934357523918 0
      vertex -48.22826138883829 18.425614081323147 0
    endloop
  endfacet
  facet normal 0 0 -1
    outer loop
      vertex -45.529201969504356 17.118095733225346 0
      vertex -48.22826138883829 18.425614081323147 0
      vertex -48.18500018119812 18.51544690877199 0
    endloop
  endfacet
  facet normal 0 0 -1
    outer loop
      vertex -45.529201969504356 17.118095733225346 0
      vertex -48.18500018119812 18.51544690877199 0
      vertex -48.048523373901844 18.78165476769209 0
    endloop
  endfacet
  facet normal 0 0 -1
    outer loop
      vertex -45.529201969504356 17.118095733225346 0
      vertex -48.048523373901844 18.78165476769209 0
      vertex -48.00083804875612 18.869219705462456 0
    endloop
  endfacet
  facet normal 0 0 -1
    outer loop
      vertex -45.529201969504356 17.118095733225346 0
      vertex -48.00083804875612 18.869219705462456 0
      vertex -45.51174675364471 17.151854183830366 0
    endloop
  endfacet
  facet normal 0 0 -1
    outer loop
      vertex -48.00083804875612 18.869219705462456 0
      vertex -45.370138915989415 17.42572425402645 0
      vertex -45.51174675364471 17.151854183830366 0
    endloop
  endfacet
  facet normal 0 0 -1
    outer loop
      vertex -48.00083804875612 18.869219705462456 0
      vertex -45.346601374447346 17.47124594449997 0
      vertex -45.370138915989415 17.42572425402645 0
    endloop
  endfacet
  facet normal 0 0 -1
    outer loop
      vertex -45.346601374447346 17.47124594449997 0
      vertex -47.79927074164152 19.213372983038425 0
      vertex -45.30869625898316 17.532146056646496 0
    endloop
  endfacet
  facet normal 0 0 -1
    outer loop
      vertex -47.79927074164152 19.213372983038425 0
      vertex -45.17315223943708 17.74991734925599 0
      vertex -45.30869625898316 17.532146056646496 0
    endloop
  endfacet
  facet normal 0 0 -1
    outer loop
      vertex -45.346601374447346 17.47124594449997 0
      vertex -48.00083804875612 18.869219705462456 0
      vertex -47.851261638104916 19.12829364836216 0
    endloop
  endfacet
  facet normal 0 0 -1
    outer loop
      vertex -45.346601374447346 17.47124594449997 0
      vertex -47.851261638104916 19.12829364836216 0
      vertex -47.79927074164152 19.213372983038425 0
    endloop
  endfacet
  facet normal 0 0 -1
    outer loop
      vertex -47.79927074164152 19.213372983038425 0
      vertex -47.636966459453106 19.464669167995453 0
      vertex -45.13652016222477 17.808772139251232 0
    endloop
  endfacet
  facet normal 0 0 -1
    outer loop
      vertex -47.636966459453106 19.464669167995453 0
      vertex -47.58079944550991 19.547051049768925 0
      vertex -45.13652016222477 17.808772139251232 0
    endloop
  endfacet
  facet normal 0 0 -1
    outer loop
      vertex -47.58079944550991 19.547051049768925 0
      vertex -47.40617076307535 19.789944745600224 0
      vertex -45.13652016222477 17.808772139251232 0
    endloop
  endfacet
  facet normal 0 0 -1
    outer loop
      vertex -47.40617076307535 19.789944745600224 0
      vertex -47.34596721082926 19.86942447721958 0
      vertex -45.13652016222477 17.808772139251232 0
    endloop
  endfacet
  facet normal 0 0 -1
    outer loop
      vertex -47.34596721082926 19.86942447721958 0
      vertex -47.159448482096195 20.10331156104803 0
      vertex -44.90028654038906 18.128540381789207 0
    endloop
  endfacet
  facet normal 0 0 -1
    outer loop
      vertex -47.159448482096195 20.10331156104803 0
      vertex -47.09535779803991 20.17969185858965 0
      vertex -44.90028654038906 18.128540381789207 0
    endloop
  endfacet
  facet normal 0 0 -1
    outer loop
      vertex -47.09535779803991 20.17969185858965 0
      vertex -46.89741262793541 20.403991006314754 0
      vertex -44.63939405232668 18.42852897197008 0
    endloop
  endfacet
  facet normal 0 0 -1
    outer loop
      vertex -44.63939405232668 18.42852897197008 0
      vertex -46.89741262793541 20.403991006314754 0
      vertex -46.829594604671 20.477081455290318 0
    endloop
  endfacet
  facet normal 0 0 -1
    outer loop
      vertex -47.79927074164152 19.213372983038425 0
      vertex -45.13652016222477 17.808772139251232 0
      vertex -45.17315223943708 17.74991734925599 0
    endloop
  endfacet
  facet normal 0 0 -1
    outer loop
      vertex -47.34596721082926 19.86942447721958 0
      vertex -45.104952307183915 17.85150271015247 0
      vertex -45.13652016222477 17.808772139251232 0
    endloop
  endfacet
  facet normal 0 0 -1
    outer loop
      vertex -47.34596721082926 19.86942447721958 0
      vertex -44.939983270266985 18.074806482910084 0
      vertex -45.104952307183915 17.85150271015247 0
    endloop
  endfacet
  facet normal 0 0 -1
    outer loop
      vertex -47.34596721082926 19.86942447721958 0
      vertex -44.90028654038906 18.128540381789207 0
      vertex -44.939983270266985 18.074806482910084 0
    endloop
  endfacet
  facet normal 0 0 -1
    outer loop
      vertex -47.09535779803991 20.17969185858965 0
      vertex -44.8622886222201 18.17223248647943 0
      vertex -44.90028654038906 18.128540381789207 0
    endloop
  endfacet
  facet normal 0 0 -1
    outer loop
      vertex -47.09535779803991 20.17969185858965 0
      vertex -44.66181769418607 18.40274503024727 0
      vertex -44.8622886222201 18.17223248647943 0
    endloop
  endfacet
  facet normal 0 0 -1
    outer loop
      vertex -47.09535779803991 20.17969185858965 0
      vertex -44.63939405232668 18.42852897197008 0
      vertex -44.66181769418607 18.40274503024727 0
    endloop
  endfacet
  facet normal 0 0 -1
    outer loop
      vertex -44.63939405232668 18.42852897197008 0
      vertex -46.54933798313141 20.760854311287403 0
      vertex -44.58415431537475 18.48268112683447 0
    endloop
  endfacet
  facet normal 0 0 -1
    outer loop
      vertex -46.54933798313141 20.760854311287403 0
      vertex -44.41031629462257 18.65309655493984 0
      vertex -44.58415431537475 18.48268112683447 0
    endloop
  endfacet
  facet normal 0 0 -1
    outer loop
      vertex -46.54933798313141 20.760854311287403 0
      vertex -44.355492144823074 18.706841304898262 0
      vertex -44.41031629462257 18.65309655493984 0
    endloop
  endfacet
  facet normal 0 0 -1
    outer loop
      vertex -44.355492144823074 18.706841304898262 0
      vertex -45.94816605001688 21.28476309776306 0
      vertex -44.32441464779976 18.7328016371067 0
    endloop
  endfacet
  facet normal 0 0 -1
    outer loop
      vertex -44.63939405232668 18.42852897197008 0
      vertex -46.829594604671 20.477081455290318 0
      vertex -46.620714887976646 20.69123525172472 0
    endloop
  endfacet
  facet normal 0 0 -1
    outer loop
      vertex -44.63939405232668 18.42852897197008 0
      vertex -46.620714887976646 20.69123525172472 0
      vertex -46.54933798313141 20.760854311287403 0
    endloop
  endfacet
  facet normal 0 0 -1
    outer loop
      vertex -44.355492144823074 18.706841304898262 0
      vertex -46.54933798313141 20.760854311287403 0
      vertex -46.33004327863455 20.964330062270164 0
    endloop
  endfacet
  facet normal 0 0 -1
    outer loop
      vertex -44.355492144823074 18.706841304898262 0
      vertex -46.33004327863455 20.964330062270164 0
      vertex -46.25528474152088 21.030304864048958 0
    endloop
  endfacet
  facet normal 0 0 -1
    outer loop
      vertex -45.94816605001688 21.28476309776306 0
      vertex -44.08792651779514 18.93035005658422 0
      vertex -44.32441464779976 18.7328016371067 0
    endloop
  endfacet
  facet normal 0 0 -1
    outer loop
      vertex -45.94816605001688 21.28476309776306 0
      vertex -44.05037572979927 18.961717799305916 0
      vertex -44.08792651779514 18.93035005658422 0
    endloop
  endfacet
  facet normal 0 0 -1
    outer loop
      vertex -44.05037572979927 18.961717799305916 0
      vertex -45.62874565273523 21.52359626442194 0
      vertex -43.99069943920066 19.003996704378046 0
    endloop
  endfacet
  facet normal 0 0 -1
    outer loop
      vertex -45.62874565273523 21.52359626442194 0
      vertex -43.784986437155844 19.149738344790247 0
      vertex -43.99069943920066 19.003996704378046 0
    endloop
  endfacet
  facet normal 0 0 -1
    outer loop
      vertex -45.62874565273523 21.52359626442194 0
      vertex -43.72597385942936 19.19154702872038 0
      vertex -43.784986437155844 19.149738344790247 0
    endloop
  endfacet
  facet normal 0 0 -1
    outer loop
      vertex -43.72597385942936 19.19154702872038 0
      vertex -44.95620387047529 21.9520533233881 0
      vertex -43.68813835623334 19.21406527668346 0
    endloop
  endfacet
  facet normal 0 0 -1
    outer loop
      vertex -44.95620387047529 21.9520533233881 0
      vertex -43.440163095218736 19.3616506910311 0
      vertex -43.68813835623334 19.21406527668346 0
    endloop
  endfacet
  facet normal 0 0 -1
    outer loop
      vertex -44.95620387047529 21.9520533233881 0
      vertex -43.38433750718832 19.394875951111317 0
      vertex -43.440163095218736 19.3616506910311 0
    endloop
  endfacet
  facet normal 0 0 -1
    outer loop
      vertex -44.355492144823074 18.706841304898262 0
      vertex -46.25528474152088 21.030304864048958 0
      vertex -46.026120476424694 21.222596511244774 0
    endloop
  endfacet
  facet normal 0 0 -1
    outer loop
      vertex -44.355492144823074 18.706841304898262 0
      vertex -46.026120476424694 21.222596511244774 0
      vertex -45.94816605001688 21.28476309776306 0
    endloop
  endfacet
  facet normal 0 0 -1
    outer loop
      vertex -44.05037572979927 18.961717799305916 0
      vertex -45.94816605001688 21.28476309776306 0
      vertex -45.70970161259174 21.465392887592316 0
    endloop
  endfacet
  facet normal 0 0 -1
    outer loop
      vertex -44.05037572979927 18.961717799305916 0
      vertex -45.70970161259174 21.465392887592316 0
      vertex -45.62874565273523 21.52359626442194 0
    endloop
  endfacet
  facet normal 0 0 -1
    outer loop
      vertex -43.72597385942936 19.19154702872038 0
      vertex -45.62874565273523 21.52359626442194 0
      vertex -45.38157383352518 21.692115157842636 0
    endloop
  endfacet
  facet normal 0 0 -1
    outer loop
      vertex -43.72597385942936 19.19154702872038 0
      vertex -45.38157383352518 21.692115157842636 0
      vertex -45.29781732708216 21.74621084332466 0
    endloop
  endfacet
  facet normal 0 0 -1
    outer loop
      vertex -43.72597385942936 19.19154702872038 0
      vertex -45.29781732708216 21.74621084332466 0
      vertex -45.04255286604166 21.90219970792532 0
    endloop
  endfacet
  facet normal 0 0 -1
    outer loop
      vertex -43.38433750718832 19.394875951111317 0
      vertex -44.604754619300365 22.140611916780472 0
      vertex -43.330495893882976 19.421372265078215 0
    endloop
  endfacet
  facet normal 0 0 -1
    outer loop
      vertex -44.604754619300365 22.140611916780472 0
      vertex -43.058305097582334 19.555321683658637 0
      vertex -43.330495893882976 19.421372265078215 0
    endloop
  endfacet
  facet normal 0 0 -1
    outer loop
      vertex -44.604754619300365 22.140611916780472 0
      vertex -43.02762660384178 19.570419058203697 0
      vertex -43.058305097582334 19.555321683658637 0
    endloop
  endfacet
  facet normal 0 0 -1
    outer loop
      vertex -43.87586659938097 22.464046210050583 0
      vertex -42.95642504881414 19.598675274929132 0
      vertex -43.02762660384178 19.570419058203697 0
    endloop
  endfacet
  facet normal 0 0 -1
    outer loop
      vertex -43.87586659938097 22.464046210050583 0
      vertex -42.72870564540791 19.689045335143895 0
      vertex -42.95642504881414 19.598675274929132 0
    endloop
  endfacet
  facet normal 0 0 -1
    outer loop
      vertex -43.72597385942936 19.19154702872038 0
      vertex -45.04255286604166 21.90219970792532 0
      vertex -44.95620387047529 21.9520533233881 0
    endloop
  endfacet
  facet normal 0 0 -1
    outer loop
      vertex -43.38433750718832 19.394875951111317 0
      vertex -44.95620387047529 21.9520533233881 0
      vertex -44.69348143786192 22.09512433409691 0
    endloop
  endfacet
  facet normal 0 0 -1
    outer loop
      vertex -43.38433750718832 19.394875951111317 0
      vertex -44.69348143786192 22.09512433409691 0
      vertex -44.604754619300365 22.140611916780472 0
    endloop
  endfacet
  facet normal 0 0 -1
    outer loop
      vertex -44.604754619300365 22.140611916780472 0
      vertex -44.335227362811565 22.270409405231476 0
      vertex -43.02762660384178 19.570419058203697 0
    endloop
  endfacet
  facet normal 0 0 -1
    outer loop
      vertex -44.335227362811565 22.270409405231476 0
      vertex -44.24434354901314 22.31141773611307 0
      vertex -43.02762660384178 19.570419058203697 0
    endloop
  endfacet
  facet normal 0 0 -1
    outer loop
      vertex -44.24434354901314 22.31141773611307 0
      vertex -43.96868139505386 22.427619084715843 0
      vertex -43.02762660384178 19.570419058203697 0
    endloop
  endfacet
  facet normal 0 0 -1
    outer loop
      vertex -43.96868139505386 22.427619084715843 0
      vertex -43.87586659938097 22.464046210050583 0
      vertex -43.02762660384178 19.570419058203697 0
    endloop
  endfacet
  facet normal 0 0 -1
    outer loop
      vertex -43.87586659938097 22.464046210050583 0
      vertex -43.59475481510162 22.566362537443638 0
      vertex -42.65809639543295 19.71706649661064 0
    endloop
  endfacet
  facet normal 0 0 -1
    outer loop
      vertex -43.59475481510162 22.566362537443638 0
      vertex -43.50023960322142 22.59811795502901 0
      vertex -42.65809639543295 19.71706649661064 0
    endloop
  endfacet
  facet normal 0 0 -1
    outer loop
      vertex -43.50023960322142 22.59811795502901 0
      vertex -43.214377366006374 22.68629477918148 0
      vertex -42.65809639543295 19.71706649661064 0
    endloop
  endfacet
  facet normal 0 0 -1
    outer loop
      vertex -43.87586659938097 22.464046210050583 0
      vertex -42.65809639543295 19.71706649661064 0
      vertex -42.72870564540791 19.689045335143895 0
    endloop
  endfacet
  facet normal 0 0 -1
    outer loop
      vertex -43.214377366006374 22.68629477918148 0
      vertex -42.61704261609588 19.72968735378101 0
      vertex -42.65809639543295 19.71706649661064 0
    endloop
  endfacet
  facet normal 0 0 -1
    outer loop
      vertex -43.214377366006374 22.68629477918148 0
      vertex -42.32259401364284 19.820207491404943 0
      vertex -42.61704261609588 19.72968735378101 0
    endloop
  endfacet
  facet normal 0 0 -1
    outer loop
      vertex -43.214377366006374 22.68629477918148 0
      vertex -42.2780831605196 19.83389113098383 0
      vertex -42.32259401364284 19.820207491404943 0
    endloop
  endfacet
  facet normal 0 0 -1
    outer loop
      vertex -42.2780831605196 19.83389113098383 0
      vertex -42.73128718882799 22.809304654598236 0
      vertex -42.20546277538402 19.850032768488767 0
    endloop
  endfacet
  facet normal 0 0 -1
    outer loop
      vertex -42.73128718882799 22.809304654598236 0
      vertex -41.96272732973794 19.903986593794198 0
      vertex -42.20546277538402 19.850032768488767 0
    endloop
  endfacet
  facet normal 0 0 -1
    outer loop
      vertex -42.73128718882799 22.809304654598236 0
      vertex -41.889989480376244 19.920154340565205 0
      vertex -41.96272732973794 19.903986593794198 0
    endloop
  endfacet
  facet normal 0 0 -1
    outer loop
      vertex -41.889989480376244 19.920154340565205 0
      vertex -41.9451282992959 22.942879013717175 0
      vertex -41.856517868046 19.924843387829522 0
    endloop
  endfacet
  facet normal 0 0 -1
    outer loop
      vertex -41.9451282992959 22.942879013717175 0
      vertex -41.55869761443783 19.966565108063993 0
      vertex -41.856517868046 19.924843387829522 0
    endloop
  endfacet
  facet normal 0 0 -1
    outer loop
      vertex -41.9451282992959 22.942879013717175 0
      vertex -41.49626899510622 19.975310750305653 0
      vertex -41.55869761443783 19.966565108063993 0
    endloop
  endfacet
  facet normal 0 0 -1
    outer loop
      vertex -41.49626899510622 19.975310750305653 0
      vertex -41.548033744096756 22.98011613637209 0
      vertex -41.43433323848916 19.979009637513496 0
    endloop
  endfacet
  facet normal 0 0 -1
    outer loop
      vertex -40.65677780248796 19.986603976129164 0
      vertex -40.70192437618971 19.991107180714607 0
      vertex -40.05487169325352 22.942879013717175 0
    endloop
  endfacet
  facet normal 0 0 -1
    outer loop
      vertex -40.05487169325352 22.942879013717175 0
      vertex -40.350269244800906 19.956030875464386 0
      vertex -40.65677780248796 19.986603976129164 0
    endloop
  endfacet
  facet normal 0 0 -1
    outer loop
      vertex -40.05487169325352 22.942879013717175 0
      vertex -40.30632234364748 19.951647333800793 0
      vertex -40.350269244800906 19.956030875464386 0
    endloop
  endfacet
  facet normal 0 0 -1
    outer loop
      vertex -41.548033744096756 22.98011613637209 0
      vertex -41.133332474137106 19.996985810529303 0
      vertex -41.43433323848916 19.979009637513496 0
    endloop
  endfacet
  facet normal 0 0 -1
    outer loop
      vertex -41.548033744096756 22.98011613637209 0
      vertex -41.09941093623638 19.999011650681496 0
      vertex -41.133332474137106 19.996985810529303 0
    endloop
  endfacet
  facet normal 0 0 -1
    outer loop
      vertex -41.09941093623638 19.999011650681496 0
      vertex -40.75074727088213 22.99502768367529 0
      vertex -41.02407237400698 19.997513458132744 0
    endloop
  endfacet
  facet normal 0 0 -1
    outer loop
      vertex -40.75074727088213 22.99502768367529 0
      vertex -40.776870892463165 19.99259757698596 0
      vertex -41.02407237400698 19.997513458132744 0
    endloop
  endfacet
  facet normal 0 0 -1
    outer loop
      vertex -40.75074727088213 22.99502768367529 0
      vertex -40.70192437618971 19.991107180714607 0
      vertex -40.776870892463165 19.99259757698596 0
    endloop
  endfacet
  facet normal 0 0 -1
    outer loop
      vertex -43.214377366006374 22.68629477918148 0
      vertex -43.1183967217803 22.71329954266548 0
      vertex -42.2780831605196 19.83389113098383 0
    endloop
  endfacet
  facet normal 0 0 -1
    outer loop
      vertex -42.2780831605196 19.83389113098383 0
      vertex -43.1183967217803 22.71329954266548 0
      vertex -42.82849441468716 22.78711774200201 0
    endloop
  endfacet
  facet normal 0 0 -1
    outer loop
      vertex -42.2780831605196 19.83389113098383 0
      vertex -42.82849441468716 22.78711774200201 0
      vertex -42.73128718882799 22.809304654598236 0
    endloop
  endfacet
  facet normal 0 0 -1
    outer loop
      vertex -41.889989480376244 19.920154340565205 0
      vertex -42.73128718882799 22.809304654598236 0
      vertex -42.43806578218937 22.868580639362335 0
    endloop
  endfacet
  facet normal 0 0 -1
    outer loop
      vertex -41.889989480376244 19.920154340565205 0
      vertex -42.43806578218937 22.868580639362335 0
      vertex -42.33987332880497 22.885894618928432 0
    endloop
  endfacet
  facet normal 0 0 -1
    outer loop
      vertex -41.889989480376244 19.920154340565205 0
      vertex -42.33987332880497 22.885894618928432 0
      vertex -42.044061690568924 22.930481053888798 0
    endloop
  endfacet
  facet normal 0 0 -1
    outer loop
      vertex -41.889989480376244 19.920154340565205 0
      vertex -42.044061690568924 22.930481053888798 0
      vertex -41.9451282992959 22.942879013717175 0
    endloop
  endfacet
  facet normal 0 0 -1
    outer loop
      vertex -41.49626899510622 19.975310750305653 0
      vertex -41.9451282992959 22.942879013717175 0
      vertex -41.647461995482445 22.972665019333363 0
    endloop
  endfacet
  facet normal 0 0 -1
    outer loop
      vertex -41.49626899510622 19.975310750305653 0
      vertex -41.647461995482445 22.972665019333363 0
      vertex -41.548033744096756 22.98011613637209 0
    endloop
  endfacet
  facet normal 0 0 -1
    outer loop
      vertex -41.09941093623638 19.999011650681496 0
      vertex -41.548033744096756 22.98011613637209 0
      vertex -41.24925272166729 22.99502768367529 0
    endloop
  endfacet
  facet normal 0 0 -1
    outer loop
      vertex -41.09941093623638 19.999011650681496 0
      vertex -41.24925272166729 22.99502768367529 0
      vertex -41.14957634359598 22.997513458132744 0
    endloop
  endfacet
  facet normal 0 0 -1
    outer loop
      vertex -41.09941093623638 19.999011650681496 0
      vertex -41.14957634359598 22.997513458132744 0
      vertex -40.85042365640402 22.997513458132744 0
    endloop
  endfacet
  facet normal 0 0 -1
    outer loop
      vertex -40.70192437618971 19.991107180714607 0
      vertex -40.75074727088213 22.99502768367529 0
      vertex -40.45196624845266 22.98011613637209 0
    endloop
  endfacet
  facet normal 0 0 -1
    outer loop
      vertex -40.70192437618971 19.991107180714607 0
      vertex -40.45196624845266 22.98011613637209 0
      vertex -40.352537997066975 22.972665019333363 0
    endloop
  endfacet
  facet normal 0 0 -1
    outer loop
      vertex -40.70192437618971 19.991107180714607 0
      vertex -40.352537997066975 22.972665019333363 0
      vertex -40.05487169325352 22.942879013717175 0
    endloop
  endfacet
  facet normal 0 0 -1
    outer loop
      vertex -41.09941093623638 19.999011650681496 0
      vertex -40.85042365640402 22.997513458132744 0
      vertex -40.75074727088213 22.99502768367529 0
    endloop
  endfacet
  facet normal 0 0 -1
    outer loop
      vertex -40.30632234364748 19.951647333800793 0
      vertex -39.56193421036005 22.868580639362335 0
      vertex -40.232040739023226 19.938210794065984 0
    endloop
  endfacet
  facet normal 0 0 -1
    outer loop
      vertex -39.56193421036005 22.868580639362335 0
      vertex -39.91510596126318 19.8808815702796 0
      vertex -39.98993749539194 19.894417584839648 0
    endloop
  endfacet
  facet normal 0 0 -1
    outer loop
      vertex -39.56193421036005 22.868580639362335 0
      vertex -39.98993749539194 19.894417584839648 0
      vertex -40.232040739023226 19.938210794065984 0
    endloop
  endfacet
  facet normal 0 0 -1
    outer loop
      vertex -39.91510596126318 19.8808815702796 0
      vertex -38.785622626543045 22.68629477918148 0
      vertex -39.882125199127096 19.87216144077462 0
    endloop
  endfacet
  facet normal 0 0 -1
    outer loop
      vertex -38.405245177447796 22.566362537443638 0
      vertex -39.15568038076162 19.647417038679123 0
      vertex -39.191935366519125 19.660161031300966 0
    endloop
  endfacet
  facet normal 0 0 -1
    outer loop
      vertex -38.785622626543045 22.68629477918148 0
      vertex -39.58975635309437 19.794858976079972 0
      vertex -39.882125199127096 19.87216144077462 0
    endloop
  endfacet
  facet normal 0 0 -1
    outer loop
      vertex -38.785622626543045 22.68629477918148 0
      vertex -39.53074862807989 19.77925730496645 0
      vertex -39.58975635309437 19.794858976079972 0
    endloop
  endfacet
  facet normal 0 0 -1
    outer loop
      vertex -39.53074862807989 19.77925730496645 0
      vertex -38.405245177447796 22.566362537443638 0
      vertex -39.47035964608934 19.75802996961247 0
    endloop
  endfacet
  facet normal 0 0 -1
    outer loop
      vertex -38.405245177447796 22.566362537443638 0
      vertex -39.191935366519125 19.660161031300966 0
      vertex -39.47035964608934 19.75802996961247 0
    endloop
  endfacet
  facet normal 0 0 -1
    outer loop
      vertex -39.53074862807989 19.77925730496645 0
      vertex -38.499760389328 22.59811795502901 0
      vertex -38.405245177447796 22.566362537443638 0
    endloop
  endfacet
  facet normal 0 0 -1
    outer loop
      vertex -39.15568038076162 19.647417038679123 0
      vertex -36.371254339814186 21.52359626442194 0
      vertex -36.290298379957676 21.465392887592316 0
    endloop
  endfacet
  facet normal 0 0 -1
    outer loop
      vertex -39.15568038076162 19.647417038679123 0
      vertex -36.61842615902424 21.692115157842636 0
      vertex -36.371254339814186 21.52359626442194 0
    endloop
  endfacet
  facet normal 0 0 -1
    outer loop
      vertex -39.15568038076162 19.647417038679123 0
      vertex -38.405245177447796 22.566362537443638 0
      vertex -38.12413339316845 22.464046210050583 0
    endloop
  endfacet
  facet normal 0 0 -1
    outer loop
      vertex -39.15568038076162 19.647417038679123 0
      vertex -38.12413339316845 22.464046210050583 0
      vertex -38.031318597495556 22.427619084715843 0
    endloop
  endfacet
  facet normal 0 0 -1
    outer loop
      vertex -39.15568038076162 19.647417038679123 0
      vertex -38.031318597495556 22.427619084715843 0
      vertex -37.75565644353628 22.31141773611307 0
    endloop
  endfacet
  facet normal 0 0 -1
    outer loop
      vertex -39.15568038076162 19.647417038679123 0
      vertex -37.75565644353628 22.31141773611307 0
      vertex -37.664772629737854 22.270409405231476 0
    endloop
  endfacet
  facet normal 0 0 -1
    outer loop
      vertex -39.15568038076162 19.647417038679123 0
      vertex -37.664772629737854 22.270409405231476 0
      vertex -37.395245373249054 22.140611916780472 0
    endloop
  endfacet
  facet normal 0 0 -1
    outer loop
      vertex -39.15568038076162 19.647417038679123 0
      vertex -37.3065185546875 22.09512433409691 0
      vertex -37.04379612207413 21.9520533233881 0
    endloop
  endfacet
  facet normal 0 0 -1
    outer loop
      vertex -39.15568038076162 19.647417038679123 0
      vertex -37.395245373249054 22.140611916780472 0
      vertex -37.3065185546875 22.09512433409691 0
    endloop
  endfacet
  facet normal 0 0 -1
    outer loop
      vertex -39.15568038076162 19.647417038679123 0
      vertex -37.04379612207413 21.9520533233881 0
      vertex -36.95744712650776 21.90219970792532 0
    endloop
  endfacet
  facet normal 0 0 -1
    outer loop
      vertex -39.15568038076162 19.647417038679123 0
      vertex -36.70218266546726 21.74621084332466 0
      vertex -36.61842615902424 21.692115157842636 0
    endloop
  endfacet
  facet normal 0 0 -1
    outer loop
      vertex -39.15568038076162 19.647417038679123 0
      vertex -36.95744712650776 21.90219970792532 0
      vertex -36.70218266546726 21.74621084332466 0
    endloop
  endfacet
  facet normal 0 0 -1
    outer loop
      vertex -40.30632234364748 19.951647333800793 0
      vertex -40.05487169325352 22.942879013717175 0
      vertex -39.955938301980495 22.930481053888798 0
    endloop
  endfacet
  facet normal 0 0 -1
    outer loop
      vertex -40.30632234364748 19.951647333800793 0
      vertex -39.66012666374445 22.885894618928432 0
      vertex -39.56193421036005 22.868580639362335 0
    endloop
  endfacet
  facet normal 0 0 -1
    outer loop
      vertex -40.30632234364748 19.951647333800793 0
      vertex -39.955938301980495 22.930481053888798 0
      vertex -39.66012666374445 22.885894618928432 0
    endloop
  endfacet
  facet normal 0 0 -1
    outer loop
      vertex -39.91510596126318 19.8808815702796 0
      vertex -39.56193421036005 22.868580639362335 0
      vertex -39.26871280372143 22.809304654598236 0
    endloop
  endfacet
  facet normal 0 0 -1
    outer loop
      vertex -39.91510596126318 19.8808815702796 0
      vertex -39.17150557786226 22.78711774200201 0
      vertex -38.88160327076912 22.71329954266548 0
    endloop
  endfacet
  facet normal 0 0 -1
    outer loop
      vertex -39.91510596126318 19.8808815702796 0
      vertex -38.88160327076912 22.71329954266548 0
      vertex -38.785622626543045 22.68629477918148 0
    endloop
  endfacet
  facet normal 0 0 -1
    outer loop
      vertex -39.91510596126318 19.8808815702796 0
      vertex -39.26871280372143 22.809304654598236 0
      vertex -39.17150557786226 22.78711774200201 0
    endloop
  endfacet
  facet normal 0 0 -1
    outer loop
      vertex -39.53074862807989 19.77925730496645 0
      vertex -38.785622626543045 22.68629477918148 0
      vertex -38.499760389328 22.59811795502901 0
    endloop
  endfacet
  facet normal -0.9396926122431262 0.342020166796769 0
    outer loop
      vertex -48.533423595130444 17.688888907432556 0
      vertex -48.49932178109884 17.782582864165306 2
      vertex -48.49932178109884 17.782582864165306 0
    endloop
  endfacet
  facet normal -0.9308737547327313 0.36534100885308096 0
    outer loop
      vertex -48.49932178109884 17.782582864165306 0
      vertex -48.390028946101665 18.06105647981167 2
      vertex -48.390028946101665 18.06105647981167 0
    endloop
  endfacet
  facet normal -0.9214761895971736 0.3884348491130448 0
    outer loop
      vertex -48.390028946101665 18.06105647981167 0
      vertex -48.35129916667938 18.152934357523918 2
      vertex -48.35129916667938 18.152934357523918 0
    endloop
  endfacet
  facet normal -0.9115058511104243 0.41128710579285227 0
    outer loop
      vertex -48.35129916667938 18.152934357523918 0
      vertex -48.22826138883829 18.425614081323147 2
      vertex -48.22826138883829 18.425614081323147 0
    endloop
  endfacet
  facet normal -0.9009688757237552 0.43388372287638616 0
    outer loop
      vertex -48.22826138883829 18.425614081323147 0
      vertex -48.18500018119812 18.51544690877199 2
      vertex -48.18500018119812 18.51544690877199 0
    endloop
  endfacet
  facet normal -0.8898718071964311 0.4562106605034103 0
    outer loop
      vertex -48.18500018119812 18.51544690877199 0
      vertex -48.048523373901844 18.78165476769209 2
      vertex -48.048523373901844 18.78165476769209 0
    endloop
  endfacet
  facet normal -0.8782215666562501 0.47825399095025006 0
    outer loop
      vertex -48.048523373901844 18.78165476769209 0
      vertex -48.00083804875612 18.869219705462456 2
      vertex -48.00083804875612 18.869219705462456 0
    endloop
  endfacet
  facet normal -0.8660254038162175 0.4999999999449575 0
    outer loop
      vertex -48.00083804875612 18.869219705462456 0
      vertex -47.851261638104916 19.12829364836216 2
      vertex -47.851261638104916 19.12829364836216 0
    endloop
  endfacet
  facet normal -0.853290893661497 0.5214351836943533 0
    outer loop
      vertex -47.851261638104916 19.12829364836216 0
      vertex -47.79927074164152 19.213372983038425 2
      vertex -47.79927074164152 19.213372983038425 0
    endloop
  endfacet
  facet normal -0.8400259264071184 0.542546258823948 0
    outer loop
      vertex -47.79927074164152 19.213372983038425 0
      vertex -47.636966459453106 19.464669167995453 2
      vertex -47.636966459453106 19.464669167995453 0
    endloop
  endfacet
  facet normal -0.8262387837319072 0.5633200442530149 0
    outer loop
      vertex -47.636966459453106 19.464669167995453 0
      vertex -47.58079944550991 19.547051049768925 2
      vertex -47.58079944550991 19.547051049768925 0
    endloop
  endfacet
  facet normal -0.8119379936382288 0.5837436890337466 0
    outer loop
      vertex -47.58079944550991 19.547051049768925 0
      vertex -47.40617076307535 19.789944745600224 2
      vertex -47.40617076307535 19.789944745600224 0
    endloop
  endfacet
  facet normal -0.7971325310681721 0.6038043788453755 0
    outer loop
      vertex -47.40617076307535 19.789944745600224 0
      vertex -47.34596721082926 19.86942447721958 2
      vertex -47.34596721082926 19.86942447721958 0
    endloop
  endfacet
  facet normal -0.7818314769659773 0.6234898087580889 0
    outer loop
      vertex -47.34596721082926 19.86942447721958 0
      vertex -47.159448482096195 20.10331156104803 2
      vertex -47.159448482096195 20.10331156104803 0
    endloop
  endfacet
  facet normal -0.7660444205999667 0.6427876365236511 0
    outer loop
      vertex -47.159448482096195 20.10331156104803 0
      vertex -47.09535779803991 20.17969185858965 2
      vertex -47.09535779803991 20.17969185858965 0
    endloop
  endfacet
  facet normal 0.8489833563524426 -0.5284195876730363 9.294412906708207e-19
    outer loop
      vertex -45.30869625898316 17.532146056646496 0
      vertex -45.17315223943708 17.74991734925599 0
      vertex -45.17315223943708 17.74991734925599 2
    endloop
  endfacet
  facet normal 0.8043165704004901 -0.5942010220280621 2.4327652555122618e-18
    outer loop
      vertex -45.104952307183915 17.85150271015247 0
      vertex -44.939983270266985 18.074806482910084 0
      vertex -44.939983270266985 18.074806482910084 2
    endloop
  endfacet
  facet normal 0.7545646138975967 -0.6562257564691977 -1.6977166407522303e-18
    outer loop
      vertex -44.8622886222201 18.17223248647943 0
      vertex -44.66181769418607 18.40274503024727 0
      vertex -44.66181769418607 18.40274503024727 2
    endloop
  endfacet
  facet normal 0.7000420776037699 -0.7141015961221465 5.004755881929062e-19
    outer loop
      vertex -44.58415431537475 18.48268112683447 0
      vertex -44.41031629462257 18.65309655493984 0
      vertex -44.41031629462257 18.65309655493984 2
    endloop
  endfacet
  facet normal 0.641093641817374 -0.7674626651644603 -3.613893954767341e-18
    outer loop
      vertex -44.32441464779976 18.7328016371067 0
      vertex -44.08792651779514 18.93035005658422 0
      vertex -44.08792651779514 18.93035005658422 2
    endloop
  endfacet
  facet normal 0.5780919923033291 -0.8159715978113256 -1.0086154930386146e-18
    outer loop
      vertex -43.99069943920066 19.003996704378046 0
      vertex -43.784986437155844 19.149738344790247 0
      vertex -43.784986437155844 19.149738344790247 2
    endloop
  endfacet
  facet normal 0.511435478696832 -0.8593216808216481 0
    outer loop
      vertex -43.440163095218736 19.3616506910311 0
      vertex -43.440163095218736 19.3616506910311 2
      vertex -43.68813835623334 19.21406527668346 0
    endloop
  endfacet
  facet normal 0.4415455069271464 -0.8972388563322753 -5.057504791878029e-18
    outer loop
      vertex -43.330495893882976 19.421372265078215 0
      vertex -43.058305097582334 19.555321683658637 0
      vertex -43.058305097582334 19.555321683658637 2
    endloop
  endfacet
  facet normal -0.7497812066662846 0.6616858334058925 0
    outer loop
      vertex -47.09535779803991 20.17969185858965 0
      vertex -46.89741262793541 20.403991006314754 2
      vertex -46.89741262793541 20.403991006314754 0
    endloop
  endfacet
  facet normal -0.7330518847013122 0.6801727238987566 0
    outer loop
      vertex -46.89741262793541 20.403991006314754 0
      vertex -46.829594604671 20.477081455290318 2
      vertex -46.829594604671 20.477081455290318 0
    endloop
  endfacet
  facet normal -0.7158668509849493 0.6982368163172811 0
    outer loop
      vertex -46.829594604671 20.477081455290318 0
      vertex -46.620714887976646 20.69123525172472 2
      vertex -46.620714887976646 20.69123525172472 0
    endloop
  endfacet
  facet normal -0.6982367742438376 0.7158668920222252 0
    outer loop
      vertex -46.620714887976646 20.69123525172472 0
      vertex -46.54933798313141 20.760854311287403 2
      vertex -46.54933798313141 20.760854311287403 0
    endloop
  endfacet
  facet normal -0.6801727392254875 0.7330518704801844 0
    outer loop
      vertex -46.54933798313141 20.760854311287403 0
      vertex -46.33004327863455 20.964330062270164 2
      vertex -46.33004327863455 20.964330062270164 0
    endloop
  endfacet
  facet normal -0.6616858450842771 0.7497811963600487 0
    outer loop
      vertex -46.33004327863455 20.964330062270164 0
      vertex -46.25528474152088 21.030304864048958 2
      vertex -46.25528474152088 21.030304864048958 0
    endloop
  endfacet
  facet normal -0.6427876035556759 0.7660444482633832 0
    outer loop
      vertex -46.25528474152088 21.030304864048958 0
      vertex -46.026120476424694 21.222596511244774 2
      vertex -46.026120476424694 21.222596511244774 0
    endloop
  endfacet
  facet normal -0.6234898381053261 0.7818314535623354 0
    outer loop
      vertex -46.026120476424694 21.222596511244774 0
      vertex -45.94816605001688 21.28476309776306 2
      vertex -45.94816605001688 21.28476309776306 0
    endloop
  endfacet
  facet normal -0.6038044055895226 0.7971325108102687 0
    outer loop
      vertex -45.94816605001688 21.28476309776306 0
      vertex -45.70970161259174 21.465392887592316 2
      vertex -45.70970161259174 21.465392887592316 0
    endloop
  endfacet
  facet normal -0.5837437081712223 0.8119379798793198 0
    outer loop
      vertex -45.70970161259174 21.465392887592316 0
      vertex -45.62874565273523 21.52359626442194 2
      vertex -45.62874565273523 21.52359626442194 0
    endloop
  endfacet
  facet normal -0.5633200591681331 0.826238773562952 0
    outer loop
      vertex -45.62874565273523 21.52359626442194 0
      vertex -45.38157383352518 21.692115157842636 2
      vertex -45.38157383352518 21.692115157842636 0
    endloop
  endfacet
  facet normal -0.5425462511474786 0.8400259313651081 0
    outer loop
      vertex -45.38157383352518 21.692115157842636 0
      vertex -45.29781732708216 21.74621084332466 2
      vertex -45.29781732708216 21.74621084332466 0
    endloop
  endfacet
  facet normal -0.5214352023574569 0.8532908822567121 0
    outer loop
      vertex -45.29781732708216 21.74621084332466 0
      vertex -45.04255286604166 21.90219970792532 2
      vertex -45.04255286604166 21.90219970792532 0
    endloop
  endfacet
  facet normal -0.49999999720394084 0.8660254053987442 0
    outer loop
      vertex -45.04255286604166 21.90219970792532 0
      vertex -44.95620387047529 21.9520533233881 2
      vertex -44.95620387047529 21.9520533233881 0
    endloop
  endfacet
  facet normal -0.47825397703000155 0.8782215742368134 0
    outer loop
      vertex -44.95620387047529 21.9520533233881 0
      vertex -44.69348143786192 22.09512433409691 2
      vertex -44.69348143786192 22.09512433409691 0
    endloop
  endfacet
  facet normal -0.45621063290146724 0.8898718213471212 0
    outer loop
      vertex -44.69348143786192 22.09512433409691 0
      vertex -44.604754619300365 22.140611916780472 2
      vertex -44.604754619300365 22.140611916780472 0
    endloop
  endfacet
  facet normal -0.43388374630603166 0.9009688644406327 0
    outer loop
      vertex -44.604754619300365 22.140611916780472 0
      vertex -44.335227362811565 22.270409405231476 2
      vertex -44.335227362811565 22.270409405231476 0
    endloop
  endfacet
  facet normal -0.41128703999258565 0.9115058808006327 0
    outer loop
      vertex -44.335227362811565 22.270409405231476 0
      vertex -44.24434354901314 22.31141773611307 2
      vertex -44.24434354901314 22.31141773611307 0
    endloop
  endfacet
  facet normal -0.38843481448196165 0.9214762041954008 0
    outer loop
      vertex -44.24434354901314 22.31141773611307 0
      vertex -43.96868139505386 22.427619084715843 2
      vertex -43.96868139505386 22.427619084715843 0
    endloop
  endfacet
  facet normal -0.3653410447674825 0.9308737406373672 0
    outer loop
      vertex -43.96868139505386 22.427619084715843 0
      vertex -43.87586659938097 22.464046210050583 2
      vertex -43.87586659938097 22.464046210050583 0
    endloop
  endfacet
  facet normal -0.34202015930613744 0.9396926149694934 0
    outer loop
      vertex -43.87586659938097 22.464046210050583 0
      vertex -43.59475481510162 22.566362537443638 2
      vertex -43.59475481510162 22.566362537443638 0
    endloop
  endfacet
  facet normal -0.3184866073610943 0.9479273605776026 0
    outer loop
      vertex -43.59475481510162 22.566362537443638 0
      vertex -43.50023960322142 22.59811795502901 2
      vertex -43.50023960322142 22.59811795502901 0
    endloop
  endfacet
  facet normal -0.29475517975450993 0.9555728041378567 0
    outer loop
      vertex -43.50023960322142 22.59811795502901 0
      vertex -43.214377366006374 22.68629477918148 2
      vertex -43.214377366006374 22.68629477918148 0
    endloop
  endfacet
  facet normal -0.2708404439873667 0.9626242537463546 0
    outer loop
      vertex -43.214377366006374 22.68629477918148 0
      vertex -43.1183967217803 22.71329954266548 2
      vertex -43.1183967217803 22.71329954266548 0
    endloop
  endfacet
  facet normal 0.3688639195599082 -0.9294834096673815 3.480601150067448e-18
    outer loop
      vertex -42.95642504881414 19.598675274929132 0
      vertex -42.72870564540791 19.689045335143895 0
      vertex -42.72870564540791 19.689045335143895 2
    endloop
  endfacet
  facet normal 0.29385028434561417 -0.9558514583291703 -1.261330269654099e-18
    outer loop
      vertex -42.61704261609588 19.72968735378101 0
      vertex -42.32259401364284 19.820207491404943 0
      vertex -42.32259401364284 19.820207491404943 2
    endloop
  endfacet
  facet normal 0.21697880282233598 -0.9761763155935437 -2.9725664374360964e-19
    outer loop
      vertex -42.20546277538402 19.850032768488767 0
      vertex -41.96272732973794 19.903986593794198 0
      vertex -41.96272732973794 19.903986593794198 2
    endloop
  endfacet
  facet normal 0.1387355241471052 -0.9903294675710848 -1.1579588224221537e-18
    outer loop
      vertex -41.856517868046 19.924843387829522 0
      vertex -41.55869761443783 19.966565108063993 0
      vertex -41.55869761443783 19.966565108063993 2
    endloop
  endfacet
  facet normal 0.059615135142929425 -0.9982214361863255 -4.83633391084525e-19
    outer loop
      vertex -41.43433323848916 19.979009637513496 0
      vertex -41.133332474137106 19.996985810529303 0
      vertex -41.133332474137106 19.996985810529303 2
    endloop
  endfacet
  facet normal -0.09925378775462153 -0.995062151634942 0
    outer loop
      vertex -40.350269244800906 19.956030875464386 0
      vertex -40.350269244800906 19.956030875464386 2
      vertex -40.65677780248796 19.986603976129164 0
    endloop
  endfacet
  facet normal -0.01988220050897784 -0.99980232951465 2.796736986096876e-20
    outer loop
      vertex -41.02407237400698 19.997513458132744 0
      vertex -40.776870892463165 19.99259757698596 0
      vertex -40.776870892463165 19.99259757698596 2
    endloop
  endfacet
  facet normal -0.7278788070013958 -0.6857057986616598 0
    outer loop
      vertex -37.499789625406265 18.570507995784283 0
      vertex -37.227176897227764 18.281128749251366 0
      vertex -37.227176897227764 18.281128749251366 2
    endloop
  endfacet
  facet normal -0.6100751413484115 -0.7923435630512284 7.399359761134093e-19
    outer loop
      vertex -38.08243258684648 19.058986257684605 0
      vertex -37.84125126476819 18.873285589415282 0
      vertex -37.84125126476819 18.873285589415282 2
    endloop
  endfacet
  facet normal -0.6710984266390596 -0.741368263255569 0
    outer loop
      vertex -37.499789625406265 18.570507995784283 0
      vertex -37.499789625406265 18.570507995784283 2
      vertex -37.74567811508925 18.7930901951224 0
    endloop
  endfacet
  facet normal -0.4055253130826788 -0.9140838147835214 -1.4726730916859555e-18
    outer loop
      vertex -39.08848773681221 19.617607608150163 0
      vertex -38.859716424420476 19.51611521042735 0
      vertex -38.859716424420476 19.51611521042735 2
    endloop
  endfacet
  facet normal -0.17799790281074054 -0.9840308666881228 -8.161876804045102e-19
    outer loop
      vertex -40.232040739023226 19.938210794065984 0
      vertex -39.98993749539194 19.894417584839648 0
      vertex -39.98993749539194 19.894417584839648 2
    endloop
  endfacet
  facet normal -0.255616631761562 -0.966778225637542 1.5971854805813435e-18
    outer loop
      vertex -39.882125199127096 19.87216144077462 0
      vertex -39.58975635309437 19.794858976079972 0
      vertex -39.58975635309437 19.794858976079972 2
    endloop
  endfacet
  facet normal -0.33161927634733784 -0.9434133004971194 1.4907175473104416e-18
    outer loop
      vertex -39.47035964608934 19.75802996961247 0
      vertex -39.191935366519125 19.660161031300966 0
      vertex -39.191935366519125 19.660161031300966 2
    endloop
  endfacet
  facet normal -0.5451947749826468 -0.8383094042963022 9.084966599517407e-20
    outer loop
      vertex -38.37877911026581 19.254957696886276 0
      vertex -38.17411959790165 19.121857321035073 0
      vertex -38.17411959790165 19.121857321035073 2
    endloop
  endfacet
  facet normal -0.47686750629104285 -0.8789751881843776 0
    outer loop
      vertex -38.479498832084644 19.316506235491428 0
      vertex -38.479498832084644 19.316506235491428 2
      vertex -38.75029896947911 19.463422539794983 0
    endloop
  endfacet
  facet normal -0.24675740224050347 0.9690772850704522 0
    outer loop
      vertex -43.1183967217803 22.71329954266548 0
      vertex -42.82849441468716 22.78711774200201 2
      vertex -42.82849441468716 22.78711774200201 0
    endloop
  endfacet
  facet normal -0.2225209113665346 0.9749279173377932 0
    outer loop
      vertex -42.82849441468716 22.78711774200201 0
      vertex -42.73128718882799 22.809304654598236 2
      vertex -42.73128718882799 22.809304654598236 0
    endloop
  endfacet
  facet normal -0.1981461387006215 0.9801724887579909 0
    outer loop
      vertex -42.73128718882799 22.809304654598236 0
      vertex -42.43806578218937 22.868580639362335 2
      vertex -42.43806578218937 22.868580639362335 0
    endloop
  endfacet
  facet normal -0.1736481847916169 0.9848077517559336 0
    outer loop
      vertex -42.43806578218937 22.868580639362335 0
      vertex -42.33987332880497 22.885894618928432 2
      vertex -42.33987332880497 22.885894618928432 0
    endloop
  endfacet
  facet normal -0.1490422807078754 0.9888308240348268 0
    outer loop
      vertex -42.33987332880497 22.885894618928432 0
      vertex -42.044061690568924 22.930481053888798 2
      vertex -42.044061690568924 22.930481053888798 0
    endloop
  endfacet
  facet normal -0.12434367916502603 0.9922392097935382 0
    outer loop
      vertex -42.044061690568924 22.930481053888798 0
      vertex -41.9451282992959 22.942879013717175 2
      vertex -41.9451282992959 22.942879013717175 0
    endloop
  endfacet
  facet normal -0.09956784456177468 0.9950307755689379 0
    outer loop
      vertex -41.9451282992959 22.942879013717175 0
      vertex -41.647461995482445 22.972665019333363 2
      vertex -41.647461995482445 22.972665019333363 0
    endloop
  endfacet
  facet normal -0.07473009031671449 0.9972037974262109 0
    outer loop
      vertex -41.647461995482445 22.972665019333363 0
      vertex -41.548033744096756 22.98011613637209 2
      vertex -41.548033744096756 22.98011613637209 0
    endloop
  endfacet
  facet normal -0.04984590700630742 0.9987569201536071 0
    outer loop
      vertex -41.548033744096756 22.98011613637209 0
      vertex -41.24925272166729 22.99502768367529 2
      vertex -41.24925272166729 22.99502768367529 0
    endloop
  endfacet
  facet normal -0.024930699545980785 0.9996891818060992 0
    outer loop
      vertex -41.24925272166729 22.99502768367529 0
      vertex -41.14957634359598 22.997513458132744 2
      vertex -41.14957634359598 22.997513458132744 0
    endloop
  endfacet
  facet normal 0 1 0
    outer loop
      vertex -41.14957634359598 22.997513458132744 0
      vertex -40.85042365640402 22.997513458132744 2
      vertex -40.85042365640402 22.997513458132744 0
    endloop
  endfacet
  facet normal 0.02493069768362657 0.9996891818525434 0
    outer loop
      vertex -40.85042365640402 22.997513458132744 0
      vertex -40.75074727088213 22.99502768367529 2
      vertex -40.75074727088213 22.99502768367529 0
    endloop
  endfacet
  facet normal 0.04984590700630742 0.9987569201536071 0
    outer loop
      vertex -40.75074727088213 22.99502768367529 0
      vertex -40.45196624845266 22.98011613637209 2
      vertex -40.45196624845266 22.98011613637209 0
    endloop
  endfacet
  facet normal 0.07473009031671449 0.9972037974262109 0
    outer loop
      vertex -40.45196624845266 22.98011613637209 0
      vertex -40.352537997066975 22.972665019333363 2
      vertex -40.352537997066975 22.972665019333363 0
    endloop
  endfacet
  facet normal 0.09956784456177468 0.9950307755689379 0
    outer loop
      vertex -40.352537997066975 22.972665019333363 0
      vertex -40.05487169325352 22.942879013717175 2
      vertex -40.05487169325352 22.942879013717175 0
    endloop
  endfacet
  facet normal 0.12434367916502603 0.9922392097935382 0
    outer loop
      vertex -40.05487169325352 22.942879013717175 0
      vertex -39.955938301980495 22.930481053888798 2
      vertex -39.955938301980495 22.930481053888798 0
    endloop
  endfacet
  facet normal 0.1490422807078754 0.9888308240348268 0
    outer loop
      vertex -39.955938301980495 22.930481053888798 0
      vertex -39.66012666374445 22.885894618928432 2
      vertex -39.66012666374445 22.885894618928432 0
    endloop
  endfacet
  facet normal 0.1736481847916169 0.9848077517559336 0
    outer loop
      vertex -39.66012666374445 22.885894618928432 0
      vertex -39.56193421036005 22.868580639362335 2
      vertex -39.56193421036005 22.868580639362335 0
    endloop
  endfacet
  facet normal 0.1981461387006215 0.9801724887579909 0
    outer loop
      vertex -39.56193421036005 22.868580639362335 0
      vertex -39.26871280372143 22.809304654598236 2
      vertex -39.26871280372143 22.809304654598236 0
    endloop
  endfacet
  facet normal 0.2225209113665346 0.9749279173377932 0
    outer loop
      vertex -39.26871280372143 22.809304654598236 0
      vertex -39.17150557786226 22.78711774200201 2
      vertex -39.17150557786226 22.78711774200201 0
    endloop
  endfacet
  facet normal 0.24675740224050347 0.9690772850704522 0
    outer loop
      vertex -39.17150557786226 22.78711774200201 0
      vertex -38.88160327076912 22.71329954266548 2
      vertex -38.88160327076912 22.71329954266548 0
    endloop
  endfacet
  facet normal 0.2708404439873667 0.9626242537463546 0
    outer loop
      vertex -38.88160327076912 22.71329954266548 0
      vertex -38.785622626543045 22.68629477918148 2
      vertex -38.785622626543045 22.68629477918148 0
    endloop
  endfacet
  facet normal 0.41128703999258565 0.9115058808006327 0
    outer loop
      vertex -37.75565644353628 22.31141773611307 0
      vertex -37.664772629737854 22.270409405231476 2
      vertex -37.664772629737854 22.270409405231476 0
    endloop
  endfacet
  facet normal 0.45621063290146724 0.8898718213471212 0
    outer loop
      vertex -37.395245373249054 22.140611916780472 0
      vertex -37.3065185546875 22.09512433409691 2
      vertex -37.3065185546875 22.09512433409691 0
    endloop
  endfacet
  facet normal 0.43388374630603166 0.9009688644406327 0
    outer loop
      vertex -37.664772629737854 22.270409405231476 0
      vertex -37.395245373249054 22.140611916780472 2
      vertex -37.395245373249054 22.140611916780472 0
    endloop
  endfacet
  facet normal 0.29475517975450993 0.9555728041378567 0
    outer loop
      vertex -38.785622626543045 22.68629477918148 0
      vertex -38.499760389328 22.59811795502901 2
      vertex -38.499760389328 22.59811795502901 0
    endloop
  endfacet
  facet normal 0.3184866073610943 0.9479273605776026 0
    outer loop
      vertex -38.405245177447796 22.566362537443638 0
      vertex -38.499760389328 22.59811795502901 0
      vertex -38.405245177447796 22.566362537443638 2
    endloop
  endfacet
  facet normal 0.3653410447674825 0.9308737406373672 0
    outer loop
      vertex -38.12413339316845 22.464046210050583 0
      vertex -38.031318597495556 22.427619084715843 2
      vertex -38.031318597495556 22.427619084715843 0
    endloop
  endfacet
  facet normal 0.34202015930613744 0.9396926149694934 0
    outer loop
      vertex -38.405245177447796 22.566362537443638 0
      vertex -38.12413339316845 22.464046210050583 2
      vertex -38.12413339316845 22.464046210050583 0
    endloop
  endfacet
  facet normal 0.38843481448196165 0.9214762041954008 0
    outer loop
      vertex -37.75565644353628 22.31141773611307 0
      vertex -38.031318597495556 22.427619084715843 0
      vertex -37.75565644353628 22.31141773611307 2
    endloop
  endfacet
  facet normal 0 0 -1
    outer loop
      vertex -36.063123293221 14.208009876310825 0
      vertex -36.015805803239346 14.602749161422253 0
      vertex -35.026363998651505 15.182868152856827 0
    endloop
  endfacet
  facet normal 0 0 -1
    outer loop
      vertex -36.015805803239346 14.602749161422253 0
      vertex -36 15 0
      vertex -35.026363998651505 15.182868152856827 0
    endloop
  endfacet
  facet normal 0 0 -1
    outer loop
      vertex -36 15 0
      vertex -36.015805803239346 15.397250838577747 0
      vertex -35.026363998651505 15.182868152856827 0
    endloop
  endfacet
  facet normal 0 0 -1
    outer loop
      vertex -36.015805803239346 15.397250838577747 0
      vertex -36.063123293221 15.791990123689175 0
      vertex -35.026363998651505 15.182868152856827 0
    endloop
  endfacet
  facet normal 0 0 -1
    outer loop
      vertex -36.063123293221 15.791990123689175 0
      vertex -36.141653299331665 16.181722193956375 0
      vertex -35.026363998651505 15.182868152856827 0
    endloop
  endfacet
  facet normal 0 0 -1
    outer loop
      vertex -29.165405824780464 15.182868152856827 0
      vertex -36.97841717302799 17.971005141735077 0
      vertex -37.227176897227764 18.281128749251366 0
    endloop
  endfacet
  facet normal 0 0 -1
    outer loop
      vertex -37.499789625406265 18.570507995784283 0
      vertex -29.165405824780464 15.182868152856827 0
      vertex -37.227176897227764 18.281128749251366 0
    endloop
  endfacet
  facet normal 0 0 -1
    outer loop
      vertex -36.141653299331665 16.181722193956375 0
      vertex -29.165405824780464 15.182868152856827 0
      vertex -35.026363998651505 15.182868152856827 0
    endloop
  endfacet
  facet normal 0 0 -1
    outer loop
      vertex -36.141653299331665 16.181722193956375 0
      vertex -36.25089934468269 16.563983038067818 0
      vertex -29.165405824780464 15.182868152856827 0
    endloop
  endfacet
  facet normal 0 0 -1
    outer loop
      vertex -36.25089934468269 16.563983038067818 0
      vertex -36.390170723199844 16.936355873942375 0
      vertex -29.165405824780464 15.182868152856827 0
    endloop
  endfacet
  facet normal 0 0 -1
    outer loop
      vertex -36.390170723199844 16.936355873942375 0
      vertex -36.558586932718754 17.29648644477129 0
      vertex -29.165405824780464 15.182868152856827 0
    endloop
  endfacet
  facet normal 0 0 -1
    outer loop
      vertex -36.558586932718754 17.29648644477129 0
      vertex -36.755083188414574 17.642097890377045 0
      vertex -29.165405824780464 15.182868152856827 0
    endloop
  endfacet
  facet normal 0 0 -1
    outer loop
      vertex -29.165405824780464 15.182868152856827 0
      vertex -36.755083188414574 17.642097890377045 0
      vertex -36.97841717302799 17.971005141735077 0
    endloop
  endfacet
  facet normal 0 0 -1
    outer loop
      vertex -37.74567811508925 18.7930901951224 0
      vertex -37.79453181475401 18.83731334656477 0
      vertex -20.857003681361675 15.182868152856827 0
    endloop
  endfacet
  facet normal 0 0 -1
    outer loop
      vertex -37.499789625406265 18.570507995784283 0
      vertex -37.74567811508925 18.7930901951224 0
      vertex -20.857003681361675 15.182868152856827 0
    endloop
  endfacet
  facet normal 0 0 -1
    outer loop
      vertex -28.407095335423946 12.7809574380517 0
      vertex -29.165405824780464 15.182868152856827 0
      vertex -20.857003681361675 15.182868152856827 0
    endloop
  endfacet
  facet normal 0 0 -1
    outer loop
      vertex -37.499789625406265 18.570507995784283 0
      vertex -20.857003681361675 15.182868152856827 0
      vertex -29.165405824780464 15.182868152856827 0
    endloop
  endfacet
  facet normal -0.8693202715049774 0.4942491937783129 0
    outer loop
      vertex -36.755083188414574 12.357902109622955 0
      vertex -36.755083188414574 12.357902109622955 2
      vertex -36.558586932718754 12.70351355522871 0
    endloop
  endfacet
  facet normal -0.9058403931113354 0.4236191475935682 0
    outer loop
      vertex -36.558586932718754 12.70351355522871 0
      vertex -36.558586932718754 12.70351355522871 2
      vertex -36.390170723199844 13.063644126057625 0
    endloop
  endfacet
  facet normal -0.9366335029173918 0.3503108351345931 0
    outer loop
      vertex -36.390170723199844 13.063644126057625 0
      vertex -36.390170723199844 13.063644126057625 2
      vertex -36.25089934468269 13.436016961932182 0
    endloop
  endfacet
  facet normal -0.9615049021262984 0.27478777845293173 0
    outer loop
      vertex -36.25089934468269 13.436016961932182 0
      vertex -36.25089934468269 13.436016961932182 2
      vertex -36.141653299331665 13.818277806043625 0
    endloop
  endfacet
  facet normal -0.9802973684100421 0.1975273892105752 0
    outer loop
      vertex -36.141653299331665 13.818277806043625 0
      vertex -36.141653299331665 13.818277806043625 2
      vertex -36.063123293221 14.208009876310825 0
    endloop
  endfacet
  facet normal -0.9928920722640753 0.11901820379736086 0
    outer loop
      vertex -36.063123293221 14.208009876310825 0
      vertex -36.063123293221 14.208009876310825 2
      vertex -36.015805803239346 14.602749161422253 0
    endloop
  endfacet
  facet normal -0.9992093974106722 0.03975651048823942 0
    outer loop
      vertex -36.015805803239346 14.602749161422253 0
      vertex -36.015805803239346 14.602749161422253 2
      vertex -36 15 0
    endloop
  endfacet
  facet normal -0.9992093974106722 -0.03975651048823942 0
    outer loop
      vertex -36 15 0
      vertex -36 15 2
      vertex -36.015805803239346 15.397250838577747 0
    endloop
  endfacet
  facet normal -0.9928920722640753 -0.11901820379736086 0
    outer loop
      vertex -36.015805803239346 15.397250838577747 0
      vertex -36.015805803239346 15.397250838577747 2
      vertex -36.063123293221 15.791990123689175 0
    endloop
  endfacet
  facet normal -0.9802973684100421 -0.1975273892105752 0
    outer loop
      vertex -36.063123293221 15.791990123689175 0
      vertex -36.063123293221 15.791990123689175 2
      vertex -36.141653299331665 16.181722193956375 0
    endloop
  endfacet
  facet normal -0.9615049021262984 -0.27478777845293173 0
    outer loop
      vertex -36.141653299331665 16.181722193956375 0
      vertex -36.141653299331665 16.181722193956375 2
      vertex -36.25089934468269 16.563983038067818 0
    endloop
  endfacet
  facet normal -0.9366335029173918 -0.3503108351345931 0
    outer loop
      vertex -36.25089934468269 16.563983038067818 0
      vertex -36.25089934468269 16.563983038067818 2
      vertex -36.390170723199844 16.936355873942375 0
    endloop
  endfacet
  facet normal -0.8693202715049774 -0.4942491937783129 0
    outer loop
      vertex -36.558586932718754 17.29648644477129 0
      vertex -36.558586932718754 17.29648644477129 2
      vertex -36.755083188414574 17.642097890377045 0
    endloop
  endfacet
  facet normal -0.9058403931113354 -0.4236191475935682 0
    outer loop
      vertex -36.390170723199844 16.936355873942375 0
      vertex -36.390170723199844 16.936355873942375 2
      vertex -36.558586932718754 17.29648644477129 0
    endloop
  endfacet
  facet normal 0 -1 0
    outer loop
      vertex -35.026363998651505 15.182868152856827 0
      vertex -29.165405824780464 15.182868152856827 0
      vertex -29.165405824780464 15.182868152856827 2
    endloop
  endfacet
  facet normal 0 0 -1
    outer loop
      vertex -39.15568038076162 19.647417038679123 0
      vertex -35.31649545580149 20.693801634013653 0
      vertex -34.97623114287853 20.48587043583393 0
    endloop
  endfacet
  facet normal 0 0 -1
    outer loop
      vertex -39.15568038076162 19.647417038679123 0
      vertex -34.97623114287853 20.48587043583393 0
      vertex -34.616954408586025 20.312851883471012 0
    endloop
  endfacet
  facet normal 0 0 -1
    outer loop
      vertex -39.15568038076162 19.647417038679123 0
      vertex -34.616954408586025 20.312851883471012 0
      vertex -34.2422359213233 20.17646550387144 0
    endloop
  endfacet
  facet normal 0 0 -1
    outer loop
      vertex -39.15568038076162 19.647417038679123 0
      vertex -34.2422359213233 20.17646550387144 0
      vertex -33.85579980164766 20.078066781163216 0
    endloop
  endfacet
  facet normal 0 0 -1
    outer loop
      vertex -39.15568038076162 19.647417038679123 0
      vertex -33.85579980164766 20.078066781163216 0
      vertex -33.461486615240574 20.018633626401424 0
    endloop
  endfacet
  facet normal 0 0 -1
    outer loop
      vertex -39.15568038076162 19.647417038679123 0
      vertex -33.461486615240574 20.018633626401424 0
      vertex -33.06321522593498 19.998756729066372 0
    endloop
  endfacet
  facet normal 0 0 -1
    outer loop
      vertex -20.857003681361675 15.182868152856827 0
      vertex -38.442822605371475 19.29660840332508 0
      vertex -38.479498832084644 19.316506235491428 0
    endloop
  endfacet
  facet normal 0 0 -1
    outer loop
      vertex -38.442822605371475 19.29660840332508 0
      vertex -20.857003681361675 15.182868152856827 0
      vertex -38.37877911026581 19.254957696886276 0
    endloop
  endfacet
  facet normal 0 0 -1
    outer loop
      vertex -38.08243258684648 19.058986257684605 0
      vertex -38.1095400005579 19.07985796034336 0
      vertex -20.857003681361675 15.182868152856827 0
    endloop
  endfacet
  facet normal 0 0 -1
    outer loop
      vertex -20.857003681361675 15.182868152856827 0
      vertex -37.84125126476819 18.873285589415282 0
      vertex -38.08243258684648 19.058986257684605 0
    endloop
  endfacet
  facet normal 0 0 -1
    outer loop
      vertex -20.857003681361675 15.182868152856827 0
      vertex -37.79453181475401 18.83731334656477 0
      vertex -37.84125126476819 18.873285589415282 0
    endloop
  endfacet
  facet normal 0 0 -1
    outer loop
      vertex -20.857003681361675 15.182868152856827 0
      vertex -38.17411959790165 19.121857321035073 0
      vertex -38.37877911026581 19.254957696886276 0
    endloop
  endfacet
  facet normal 0 0 -1
    outer loop
      vertex -20.857003681361675 15.182868152856827 0
      vertex -38.1095400005579 19.07985796034336 0
      vertex -38.17411959790165 19.121857321035073 0
    endloop
  endfacet
  facet normal 0 0 -1
    outer loop
      vertex -20.857003681361675 15.182868152856827 0
      vertex -38.479498832084644 19.316506235491428 0
      vertex -38.75029896947911 19.463422539794983 0
    endloop
  endfacet
  facet normal 0 0 -1
    outer loop
      vertex -38.79227250814438 19.4861943051219 0
      vertex -20.857003681361675 15.182868152856827 0
      vertex -38.75029896947911 19.463422539794983 0
    endloop
  endfacet
  facet normal 0 0 -1
    outer loop
      vertex -39.15568038076162 19.647417038679123 0
      vertex -35.973879516124725 21.222596511244774 0
      vertex -35.74471539258957 21.030304983258247 0
    endloop
  endfacet
  facet normal 0 0 -1
    outer loop
      vertex -39.15568038076162 19.647417038679123 0
      vertex -35.634365662932396 20.934578955173492 0
      vertex -35.31649545580149 20.693801634013653 0
    endloop
  endfacet
  facet normal 0 0 -1
    outer loop
      vertex -39.15568038076162 19.647417038679123 0
      vertex -35.70995844900608 20.99963179975748 0
      vertex -35.634365662932396 20.934578955173492 0
    endloop
  endfacet
  facet normal 0 0 -1
    outer loop
      vertex -39.15568038076162 19.647417038679123 0
      vertex -35.74471539258957 21.030304983258247 0
      vertex -35.70995844900608 20.99963179975748 0
    endloop
  endfacet
  facet normal 0 0 -1
    outer loop
      vertex -39.15568038076162 19.647417038679123 0
      vertex -36.290298379957676 21.465392887592316 0
      vertex -36.05183394253254 21.28476309776306 0
    endloop
  endfacet
  facet normal 0 0 -1
    outer loop
      vertex -39.15568038076162 19.647417038679123 0
      vertex -36.05183394253254 21.28476309776306 0
      vertex -35.973879516124725 21.222596511244774 0
    endloop
  endfacet
  facet normal 0 0 -1
    outer loop
      vertex -39.08848773681221 19.617607608150163 0
      vertex -39.15568038076162 19.647417038679123 0
      vertex -14.892786219716072 15.182868152856827 0
    endloop
  endfacet
  facet normal 0 0 -1
    outer loop
      vertex -14.892786219716072 15.182868152856827 0
      vertex -38.859716424420476 19.51611521042735 0
      vertex -39.08848773681221 19.617607608150163 0
    endloop
  endfacet
  facet normal 0 0 -1
    outer loop
      vertex -14.892786219716072 15.182868152856827 0
      vertex -38.79227250814438 19.4861943051219 0
      vertex -38.859716424420476 19.51611521042735 0
    endloop
  endfacet
  facet normal 0 0 -1
    outer loop
      vertex -39.15568038076162 19.647417038679123 0
      vertex -33.06321522593498 19.998756729066372 0
      vertex -14.892786219716072 15.182868152856827 0
    endloop
  endfacet
  facet normal -0.8273040309641815 -0.5617544306460045 0
    outer loop
      vertex -36.755083188414574 17.642097890377045 0
      vertex -36.755083188414574 17.642097890377045 2
      vertex -36.97841717302799 17.971005141735077 0
    endloop
  endfacet
  facet normal -0.7800573157896762 -0.6257080661802317 0
    outer loop
      vertex -36.97841717302799 17.971005141735077 0
      vertex -36.97841717302799 17.971005141735077 2
      vertex -37.227176897227764 18.281128749251366 0
    endloop
  endfacet
  facet normal 0.3420201521979843 0.9396926175566497 0
    outer loop
      vertex -34.2422359213233 20.17646550387144 0
      vertex -34.616954408586025 20.312851883471012 0
      vertex -34.2422359213233 20.17646550387144 2
    endloop
  endfacet
  facet normal 0.2467573877406342 0.9690772887625725 0
    outer loop
      vertex -34.2422359213233 20.17646550387144 0
      vertex -33.85579980164766 20.078066781163216 2
      vertex -33.85579980164766 20.078066781163216 0
    endloop
  endfacet
  facet normal 0.14904227768953318 0.9888308244897689 0
    outer loop
      vertex -33.85579980164766 20.078066781163216 0
      vertex -33.461486615240574 20.018633626401424 2
      vertex -33.461486615240574 20.018633626401424 0
    endloop
  endfacet
  facet normal 0.0498458822857024 0.9987569213873613 0
    outer loop
      vertex -33.461486615240574 20.018633626401424 0
      vertex -33.06321522593498 19.998756729066372 2
      vertex -33.06321522593498 19.998756729066372 0
    endloop
  endfacet
  facet normal 0.6427876027210405 0.7660444489637255 0
    outer loop
      vertex -35.973879516124725 21.222596511244774 0
      vertex -35.74471539258957 21.030304983258247 2
      vertex -35.74471539258957 21.030304983258247 0
    endloop
  endfacet
  facet normal 0.6234898381053261 0.7818314535623354 0
    outer loop
      vertex -35.973879516124725 21.222596511244774 0
      vertex -36.05183394253254 21.28476309776306 0
      vertex -35.973879516124725 21.222596511244774 2
    endloop
  endfacet
  facet normal 0.5837437081712223 0.8119379798793198 0
    outer loop
      vertex -36.290298379957676 21.465392887592316 0
      vertex -36.371254339814186 21.52359626442194 0
      vertex -36.290298379957676 21.465392887592316 2
    endloop
  endfacet
  facet normal 0.5633200591681331 0.826238773562952 0
    outer loop
      vertex -36.371254339814186 21.52359626442194 0
      vertex -36.61842615902424 21.692115157842636 0
      vertex -36.371254339814186 21.52359626442194 2
    endloop
  endfacet
  facet normal 0.6038044055895226 0.7971325108102687 0
    outer loop
      vertex -36.05183394253254 21.28476309776306 0
      vertex -36.290298379957676 21.465392887592316 0
      vertex -36.05183394253254 21.28476309776306 2
    endloop
  endfacet
  facet normal 0.5214352123706895 0.8532908761377529 0
    outer loop
      vertex -35.31649545580149 20.693801634013653 0
      vertex -34.97623114287853 20.48587043583393 2
      vertex -34.97623114287853 20.48587043583393 0
    endloop
  endfacet
  facet normal 0.6038044037724711 0.7971325121866317 0
    outer loop
      vertex -35.634365662932396 20.934578955173492 0
      vertex -35.31649545580149 20.693801634013653 2
      vertex -35.31649545580149 20.693801634013653 0
    endloop
  endfacet
  facet normal 0.6522873654149042 0.7579717626139402 0
    outer loop
      vertex -35.634365662932396 20.934578955173492 0
      vertex -35.70995844900608 20.99963179975748 0
      vertex -35.634365662932396 20.934578955173492 2
    endloop
  endfacet
  facet normal 0.43388373097417887 0.9009688718240638 0
    outer loop
      vertex -34.97623114287853 20.48587043583393 0
      vertex -34.616954408586025 20.312851883471012 2
      vertex -34.616954408586025 20.312851883471012 0
    endloop
  endfacet
  facet normal 0.6616858229866687 0.7497812158613038 0
    outer loop
      vertex -35.70995844900608 20.99963179975748 0
      vertex -35.74471539258957 21.030304983258247 0
      vertex -35.70995844900608 20.99963179975748 2
    endloop
  endfacet
  facet normal 0.49999999720394084 0.8660254053987442 0
    outer loop
      vertex -36.95744712650776 21.90219970792532 0
      vertex -37.04379612207413 21.9520533233881 0
      vertex -36.95744712650776 21.90219970792532 2
    endloop
  endfacet
  facet normal 0.5214352023574569 0.8532908822567121 0
    outer loop
      vertex -36.95744712650776 21.90219970792532 0
      vertex -36.70218266546726 21.74621084332466 2
      vertex -36.70218266546726 21.74621084332466 0
    endloop
  endfacet
  facet normal 0.5425462511474786 0.8400259313651081 0
    outer loop
      vertex -36.70218266546726 21.74621084332466 0
      vertex -36.61842615902424 21.692115157842636 2
      vertex -36.61842615902424 21.692115157842636 0
    endloop
  endfacet
  facet normal 0.47825397703000155 0.8782215742368134 0
    outer loop
      vertex -37.3065185546875 22.09512433409691 0
      vertex -37.04379612207413 21.9520533233881 2
      vertex -37.04379612207413 21.9520533233881 0
    endloop
  endfacet
  facet normal -0.9396926122431262 -0.342020166796769 0
    outer loop
      vertex -48.49932178109884 12.217417128384113 0
      vertex -48.49932178109884 12.217417128384113 2
      vertex -48.533423595130444 12.311111085116863 2
    endloop
  endfacet
  facet normal -0.9479273539106637 -0.3184866272042314 0
    outer loop
      vertex -48.533423595130444 12.311111085116863 0
      vertex -48.533423595130444 12.311111085116863 2
      vertex -48.628699727356434 12.594686105847359 2
    endloop
  endfacet
  facet normal -0.9555728100677441 -0.2947551605302868 0
    outer loop
      vertex -48.628699727356434 12.594686105847359 0
      vertex -48.628699727356434 12.594686105847359 2
      vertex -48.6580890789628 12.689964048564434 2
    endloop
  endfacet
  facet normal -0.9626242432795992 -0.2708404811884276 0
    outer loop
      vertex -48.6580890789628 12.689964048564434 0
      vertex -48.6580890789628 12.689964048564434 2
      vertex -48.73911164700985 12.97793535888195 2
    endloop
  endfacet
  facet normal -0.9690772970546554 -0.24675735517557176 0
    outer loop
      vertex -48.73911164700985 12.97793535888195 0
      vertex -48.73911164700985 12.97793535888195 2
      vertex -48.763715252280235 13.074559815227985 2
    endloop
  endfacet
  facet normal -0.9749279077920526 -0.22252095318915643 0
    outer loop
      vertex -48.763715252280235 13.074559815227985 0
      vertex -48.763715252280235 13.074559815227985 2
      vertex -48.83028294146061 13.366211891174316 2
    endloop
  endfacet
  facet normal -0.9801724900997719 -0.1981461320632136 0
    outer loop
      vertex -48.83028294146061 13.366211891174316 0
      vertex -48.83028294146061 13.366211891174316 2
      vertex -48.85003961622715 13.463942535221577 2
    endloop
  endfacet
  facet normal -0.9848077547852073 -0.17364816761175153 0
    outer loop
      vertex -48.85003961622715 13.463942535221577 0
      vertex -48.85003961622715 13.463942535221577 2
      vertex -48.90198688209057 13.758550137281418 2
    endloop
  endfacet
  facet normal -0.9888308243483663 -0.14904227862767774 0
    outer loop
      vertex -48.90198688209057 13.758550137281418 0
      vertex -48.90198688209057 13.758550137281418 2
      vertex -48.91684754937887 13.857144214212894 2
    endloop
  endfacet
  facet normal -0.992239205726027 -0.12434371162299696 0
    outer loop
      vertex -48.91684754937887 13.857144214212894 0
      vertex -48.91684754937887 13.857144214212894 2
      vertex -48.95404528081417 14.153975047171116 2
    endloop
  endfacet
  facet normal -0.995030774408474 -0.0995678561588656 0
    outer loop
      vertex -48.95404528081417 14.153975047171116 0
      vertex -48.95404528081417 14.153975047171116 2
      vertex -48.96397291868925 14.253186836838722 2
    endloop
  endfacet
  facet normal -0.9972037976466248 -0.07473008737549636 0
    outer loop
      vertex -48.96397291868925 14.253186836838722 0
      vertex -48.96397291868925 14.253186836838722 2
      vertex -48.98632863909006 14.551503218710423 2
    endloop
  endfacet
  facet normal -0.9987569213711119 -0.04984588261129118 0
    outer loop
      vertex -48.98632863909006 14.551503218710423 0
      vertex -48.98632863909006 14.551503218710423 2
      vertex -48.991298638284206 14.65108659118414 2
    endloop
  endfacet
  facet normal -0.9996891816332153 -0.02493070647839905 0
    outer loop
      vertex -48.991298638284206 14.65108659118414 0
      vertex -48.991298638284206 14.65108659118414 2
      vertex -48.99875672906637 14.950146414339542 2
    endloop
  endfacet
  facet normal 0.8882826139739222 0.459297286854229 0
    outer loop
      vertex -45.37013884220406 12.574275603272408 0
      vertex -45.51174680644377 12.848145918283214 2
      vertex -45.37013884220406 12.574275603272408 2
    endloop
  endfacet
  facet normal 0.8489833563524312 0.5284195876730544 0
    outer loop
      vertex -45.17315198403261 12.250082240399372 2
      vertex -45.17315198403261 12.250082240399372 0
      vertex -45.308696377807905 12.46785413426283 2
    endloop
  endfacet
  facet normal 0.921965853852668 0.38727117673501177 0
    outer loop
      vertex -45.55915889767492 12.953221902888009 2
      vertex -45.55915889767492 12.953221902888009 0
      vertex -45.65307997643498 13.17681723550176 2
    endloop
  endfacet
  facet normal 0.9498201322704803 0.31279660537430254 -9.06531278629936e-19
    outer loop
      vertex -45.790089643586654 13.573119394672622 2
      vertex -45.693768059233776 13.2806348266861 2
      vertex -45.693768059233776 13.2806348266861 0
    endloop
  endfacet
  facet normal 0.9716693403825888 0.23634443712612505 0
    outer loop
      vertex -45.82372737848636 13.692675013482713 0
      vertex -45.887295228201616 13.954017871192539 2
      vertex -45.82372737848636 13.692675013482713 2
    endloop
  endfacet
  facet normal 0.9873753441195164 0.15839801079832627 1.2139591516517229e-18
    outer loop
      vertex -45.953340549781565 14.335593579046293 2
      vertex -45.911833567177645 14.076859450850149 2
      vertex -45.911833567177645 14.076859450850149 0
    endloop
  endfacet
  facet normal 0.996838838995955 0.07945016720684926 0
    outer loop
      vertex -45.9687123783117 14.458257850294226 0
      vertex -45.99322781667766 14.765846140883667 2
      vertex -45.9687123783117 14.458257850294226 2
    endloop
  endfacet
  facet normal -1 0 0
    outer loop
      vertex -48.99875672906637 14.950146414339542 0
      vertex -48.99875672906637 14.950146414339542 2
      vertex -48.99875672906637 15.049853578209877 2
    endloop
  endfacet
  facet normal -0.9996891816332153 0.02493070647839905 0
    outer loop
      vertex -48.99875672906637 15.049853578209877 0
      vertex -48.99875672906637 15.049853578209877 2
      vertex -48.991298638284206 15.34891340136528 2
    endloop
  endfacet
  facet normal -0.9987569213711119 0.04984588261129118 0
    outer loop
      vertex -48.991298638284206 15.34891340136528 0
      vertex -48.991298638284206 15.34891340136528 2
      vertex -48.98632863909006 15.448496773838997 2
    endloop
  endfacet
  facet normal -0.9972037976466248 0.07473008737549636 0
    outer loop
      vertex -48.98632863909006 15.448496773838997 0
      vertex -48.98632863909006 15.448496773838997 2
      vertex -48.96397291868925 15.746813155710697 2
    endloop
  endfacet
  facet normal -0.995030774408474 0.0995678561588656 0
    outer loop
      vertex -48.96397291868925 15.746813155710697 0
      vertex -48.96397291868925 15.746813155710697 2
      vertex -48.95404528081417 15.846024945378304 2
    endloop
  endfacet
  facet normal -0.992239205726027 0.12434371162299696 0
    outer loop
      vertex -48.95404528081417 15.846024945378304 0
      vertex -48.95404528081417 15.846024945378304 2
      vertex -48.91684754937887 16.142855778336525 2
    endloop
  endfacet
  facet normal -0.9888308243483663 0.14904227862767774 0
    outer loop
      vertex -48.91684754937887 16.142855778336525 0
      vertex -48.91684754937887 16.142855778336525 2
      vertex -48.90198688209057 16.241449855268 2
    endloop
  endfacet
  facet normal -0.9848077547852073 0.17364816761175153 0
    outer loop
      vertex -48.90198688209057 16.241449855268 0
      vertex -48.90198688209057 16.241449855268 2
      vertex -48.85003961622715 16.536057457327843 2
    endloop
  endfacet
  facet normal -0.9801724900997719 0.1981461320632136 0
    outer loop
      vertex -48.85003961622715 16.536057457327843 0
      vertex -48.85003961622715 16.536057457327843 2
      vertex -48.83028294146061 16.633788101375103 2
    endloop
  endfacet
  facet normal -0.9749279077920526 0.22252095318915643 0
    outer loop
      vertex -48.83028294146061 16.633788101375103 0
      vertex -48.83028294146061 16.633788101375103 2
      vertex -48.763715252280235 16.925440177321434 2
    endloop
  endfacet
  facet normal -0.9690772970546554 0.24675735517557176 0
    outer loop
      vertex -48.763715252280235 16.925440177321434 0
      vertex -48.763715252280235 16.925440177321434 2
      vertex -48.73911164700985 17.02206463366747 2
    endloop
  endfacet
  facet normal -0.9626242432795992 0.2708404811884276 0
    outer loop
      vertex -48.73911164700985 17.02206463366747 0
      vertex -48.73911164700985 17.02206463366747 2
      vertex -48.6580890789628 17.310035943984985 2
    endloop
  endfacet
  facet normal -0.9555728100677441 0.2947551605302868 0
    outer loop
      vertex -48.6580890789628 17.310035943984985 0
      vertex -48.6580890789628 17.310035943984985 2
      vertex -48.628699727356434 17.40531388670206 2
    endloop
  endfacet
  facet normal -0.9479273539106637 0.3184866272042314 0
    outer loop
      vertex -48.628699727356434 17.40531388670206 0
      vertex -48.628699727356434 17.40531388670206 2
      vertex -48.533423595130444 17.688888907432556 2
    endloop
  endfacet
  facet normal 1 0 0
    outer loop
      vertex -45.99604698270559 15.121108979889765 2
      vertex -45.99604698270559 14.878891005209073 2
      vertex -45.99604698270559 14.878891005209073 0
    endloop
  endfacet
  facet normal 0.9968388389959545 -0.07945016720685676 0
    outer loop
      vertex -45.99322781613682 15.23415386590208 0
      vertex -45.968712381574555 15.541742108767647 2
      vertex -45.99322781613682 15.23415386590208 2
    endloop
  endfacet
  facet normal 0.9873753441195217 -0.1583980107982939 0
    outer loop
      vertex -45.95334054124858 15.66440647414413 0
      vertex -45.9118335936815 15.923140383937882 2
      vertex -45.95334054124858 15.66440647414413 2
    endloop
  endfacet
  facet normal 0.9716693403825841 -0.23634443712614348 -9.442763358020035e-19
    outer loop
      vertex -45.823727405237385 16.307324876537326 2
      vertex -45.88729517302103 16.045982355668254 2
      vertex -45.88729517302103 16.045982355668254 0
    endloop
  endfacet
  facet normal 0.9498201322704769 -0.31279660537431325 0
    outer loop
      vertex -45.79008961480154 16.426880692734603 0
      vertex -45.693768110783424 16.7193650167812 2
      vertex -45.79008961480154 16.426880692734603 2
    endloop
  endfacet
  facet normal 0.9219658538526627 -0.3872711767350246 2.063669343879016e-18
    outer loop
      vertex -45.55915898828981 17.046777881387616 2
      vertex -45.653079887359084 16.823182976558794 2
      vertex -45.653079887359084 16.823182976558794 0
    endloop
  endfacet
  facet normal 0.888282613973921 -0.4592972868542312 0
    outer loop
      vertex -45.51174675364471 17.151854183830366 0
      vertex -45.370138915989415 17.42572425402645 2
      vertex -45.51174675364471 17.151854183830366 2
    endloop
  endfacet
  facet normal 0.8489833563524426 -0.5284195876730363 0
    outer loop
      vertex -45.30869625898316 17.532146056646496 0
      vertex -45.17315223943708 17.74991734925599 2
      vertex -45.30869625898316 17.532146056646496 2
    endloop
  endfacet
  facet normal -0.9396926122431262 0.342020166796769 0
    outer loop
      vertex -48.533423595130444 17.688888907432556 0
      vertex -48.533423595130444 17.688888907432556 2
      vertex -48.49932178109884 17.782582864165306 2
    endloop
  endfacet
  facet normal -0.9308737547327313 0.36534100885308096 0
    outer loop
      vertex -48.49932178109884 17.782582864165306 0
      vertex -48.49932178109884 17.782582864165306 2
      vertex -48.390028946101665 18.06105647981167 2
    endloop
  endfacet
  facet normal -0.9214761895971736 0.3884348491130448 0
    outer loop
      vertex -48.390028946101665 18.06105647981167 0
      vertex -48.390028946101665 18.06105647981167 2
      vertex -48.35129916667938 18.152934357523918 2
    endloop
  endfacet
  facet normal -0.9115058511104243 0.41128710579285227 0
    outer loop
      vertex -48.35129916667938 18.152934357523918 0
      vertex -48.35129916667938 18.152934357523918 2
      vertex -48.22826138883829 18.425614081323147 2
    endloop
  endfacet
  facet normal -0.9009688757237552 0.43388372287638616 0
    outer loop
      vertex -48.22826138883829 18.425614081323147 0
      vertex -48.22826138883829 18.425614081323147 2
      vertex -48.18500018119812 18.51544690877199 2
    endloop
  endfacet
  facet normal -0.8898718071964311 0.4562106605034103 0
    outer loop
      vertex -48.18500018119812 18.51544690877199 0
      vertex -48.18500018119812 18.51544690877199 2
      vertex -48.048523373901844 18.78165476769209 2
    endloop
  endfacet
  facet normal -0.8782215666562501 0.47825399095025006 0
    outer loop
      vertex -48.048523373901844 18.78165476769209 0
      vertex -48.048523373901844 18.78165476769209 2
      vertex -48.00083804875612 18.869219705462456 2
    endloop
  endfacet
  facet normal -0.8660254038162175 0.4999999999449575 0
    outer loop
      vertex -48.00083804875612 18.869219705462456 0
      vertex -48.00083804875612 18.869219705462456 2
      vertex -47.851261638104916 19.12829364836216 2
    endloop
  endfacet
  facet normal -0.853290893661497 0.5214351836943533 0
    outer loop
      vertex -47.851261638104916 19.12829364836216 0
      vertex -47.851261638104916 19.12829364836216 2
      vertex -47.79927074164152 19.213372983038425 2
    endloop
  endfacet
  facet normal -0.8400259264071184 0.542546258823948 0
    outer loop
      vertex -47.79927074164152 19.213372983038425 0
      vertex -47.79927074164152 19.213372983038425 2
      vertex -47.636966459453106 19.464669167995453 2
    endloop
  endfacet
  facet normal -0.8262387837319072 0.5633200442530149 0
    outer loop
      vertex -47.636966459453106 19.464669167995453 0
      vertex -47.636966459453106 19.464669167995453 2
      vertex -47.58079944550991 19.547051049768925 2
    endloop
  endfacet
  facet normal -0.8119379936382288 0.5837436890337466 0
    outer loop
      vertex -47.58079944550991 19.547051049768925 0
      vertex -47.58079944550991 19.547051049768925 2
      vertex -47.40617076307535 19.789944745600224 2
    endloop
  endfacet
  facet normal -0.7971325310681721 0.6038043788453755 0
    outer loop
      vertex -47.40617076307535 19.789944745600224 0
      vertex -47.40617076307535 19.789944745600224 2
      vertex -47.34596721082926 19.86942447721958 2
    endloop
  endfacet
  facet normal -0.7818314769659773 0.6234898087580889 0
    outer loop
      vertex -47.34596721082926 19.86942447721958 0
      vertex -47.34596721082926 19.86942447721958 2
      vertex -47.159448482096195 20.10331156104803 2
    endloop
  endfacet
  facet normal -0.7660444205999667 0.6427876365236511 0
    outer loop
      vertex -47.159448482096195 20.10331156104803 0
      vertex -47.159448482096195 20.10331156104803 2
      vertex -47.09535779803991 20.17969185858965 2
    endloop
  endfacet
  facet normal -0.7497812066662846 0.6616858334058925 0
    outer loop
      vertex -47.09535779803991 20.17969185858965 0
      vertex -47.09535779803991 20.17969185858965 2
      vertex -46.89741262793541 20.403991006314754 2
    endloop
  endfacet
  facet normal 0.8043165704004901 -0.5942010220280621 2.4327652555122618e-18
    outer loop
      vertex -44.939983270266985 18.074806482910084 2
      vertex -45.104952307183915 17.85150271015247 2
      vertex -45.104952307183915 17.85150271015247 0
    endloop
  endfacet
  facet normal 0.7545646138975967 -0.6562257564691977 0
    outer loop
      vertex -44.8622886222201 18.17223248647943 0
      vertex -44.66181769418607 18.40274503024727 2
      vertex -44.8622886222201 18.17223248647943 2
    endloop
  endfacet
  facet normal 0.7000420776037699 -0.7141015961221465 5.004755881929062e-19
    outer loop
      vertex -44.41031629462257 18.65309655493984 2
      vertex -44.58415431537475 18.48268112683447 2
      vertex -44.58415431537475 18.48268112683447 0
    endloop
  endfacet
  facet normal 0.641093641817374 -0.7674626651644603 0
    outer loop
      vertex -44.32441464779976 18.7328016371067 0
      vertex -44.08792651779514 18.93035005658422 2
      vertex -44.32441464779976 18.7328016371067 2
    endloop
  endfacet
  facet normal 0.5780919923033291 -0.8159715978113256 0
    outer loop
      vertex -43.99069943920066 19.003996704378046 2
      vertex -43.99069943920066 19.003996704378046 0
      vertex -43.784986437155844 19.149738344790247 2
    endloop
  endfacet
  facet normal 0.511435478696832 -0.8593216808216481 0
    outer loop
      vertex -43.68813835623334 19.21406527668346 0
      vertex -43.440163095218736 19.3616506910311 2
      vertex -43.68813835623334 19.21406527668346 2
    endloop
  endfacet
  facet normal 0.4415455069271464 -0.8972388563322753 0
    outer loop
      vertex -43.330495893882976 19.421372265078215 0
      vertex -43.058305097582334 19.555321683658637 2
      vertex -43.330495893882976 19.421372265078215 2
    endloop
  endfacet
  facet normal -0.7330518847013122 0.6801727238987566 0
    outer loop
      vertex -46.89741262793541 20.403991006314754 0
      vertex -46.89741262793541 20.403991006314754 2
      vertex -46.829594604671 20.477081455290318 2
    endloop
  endfacet
  facet normal -0.7158668509849493 0.6982368163172811 0
    outer loop
      vertex -46.829594604671 20.477081455290318 0
      vertex -46.829594604671 20.477081455290318 2
      vertex -46.620714887976646 20.69123525172472 2
    endloop
  endfacet
  facet normal -0.6982367742438376 0.7158668920222252 0
    outer loop
      vertex -46.620714887976646 20.69123525172472 0
      vertex -46.620714887976646 20.69123525172472 2
      vertex -46.54933798313141 20.760854311287403 2
    endloop
  endfacet
  facet normal -0.6801727392254875 0.7330518704801844 0
    outer loop
      vertex -46.54933798313141 20.760854311287403 0
      vertex -46.54933798313141 20.760854311287403 2
      vertex -46.33004327863455 20.964330062270164 2
    endloop
  endfacet
  facet normal -0.6616858450842771 0.7497811963600487 0
    outer loop
      vertex -46.33004327863455 20.964330062270164 0
      vertex -46.33004327863455 20.964330062270164 2
      vertex -46.25528474152088 21.030304864048958 2
    endloop
  endfacet
  facet normal -0.6427876035556759 0.7660444482633832 0
    outer loop
      vertex -46.25528474152088 21.030304864048958 0
      vertex -46.25528474152088 21.030304864048958 2
      vertex -46.026120476424694 21.222596511244774 2
    endloop
  endfacet
  facet normal -0.6234898381053261 0.7818314535623354 0
    outer loop
      vertex -46.026120476424694 21.222596511244774 0
      vertex -46.026120476424694 21.222596511244774 2
      vertex -45.94816605001688 21.28476309776306 2
    endloop
  endfacet
  facet normal -0.6038044055895226 0.7971325108102687 0
    outer loop
      vertex -45.94816605001688 21.28476309776306 0
      vertex -45.94816605001688 21.28476309776306 2
      vertex -45.70970161259174 21.465392887592316 2
    endloop
  endfacet
  facet normal -0.5837437081712223 0.8119379798793198 0
    outer loop
      vertex -45.70970161259174 21.465392887592316 0
      vertex -45.70970161259174 21.465392887592316 2
      vertex -45.62874565273523 21.52359626442194 2
    endloop
  endfacet
  facet normal -0.5633200591681331 0.826238773562952 0
    outer loop
      vertex -45.62874565273523 21.52359626442194 0
      vertex -45.62874565273523 21.52359626442194 2
      vertex -45.38157383352518 21.692115157842636 2
    endloop
  endfacet
  facet normal -0.5425462511474786 0.8400259313651081 0
    outer loop
      vertex -45.38157383352518 21.692115157842636 0
      vertex -45.38157383352518 21.692115157842636 2
      vertex -45.29781732708216 21.74621084332466 2
    endloop
  endfacet
  facet normal -0.5214352023574569 0.8532908822567121 0
    outer loop
      vertex -45.29781732708216 21.74621084332466 0
      vertex -45.29781732708216 21.74621084332466 2
      vertex -45.04255286604166 21.90219970792532 2
    endloop
  endfacet
  facet normal -0.49999999720394084 0.8660254053987442 0
    outer loop
      vertex -45.04255286604166 21.90219970792532 0
      vertex -45.04255286604166 21.90219970792532 2
      vertex -44.95620387047529 21.9520533233881 2
    endloop
  endfacet
  facet normal -0.47825397703000155 0.8782215742368134 0
    outer loop
      vertex -44.95620387047529 21.9520533233881 0
      vertex -44.95620387047529 21.9520533233881 2
      vertex -44.69348143786192 22.09512433409691 2
    endloop
  endfacet
  facet normal -0.45621063290146724 0.8898718213471212 0
    outer loop
      vertex -44.69348143786192 22.09512433409691 0
      vertex -44.69348143786192 22.09512433409691 2
      vertex -44.604754619300365 22.140611916780472 2
    endloop
  endfacet
  facet normal -0.43388374630603166 0.9009688644406327 0
    outer loop
      vertex -44.604754619300365 22.140611916780472 0
      vertex -44.604754619300365 22.140611916780472 2
      vertex -44.335227362811565 22.270409405231476 2
    endloop
  endfacet
  facet normal -0.41128703999258565 0.9115058808006327 0
    outer loop
      vertex -44.335227362811565 22.270409405231476 0
      vertex -44.335227362811565 22.270409405231476 2
      vertex -44.24434354901314 22.31141773611307 2
    endloop
  endfacet
  facet normal -0.38843481448196165 0.9214762041954008 0
    outer loop
      vertex -44.24434354901314 22.31141773611307 0
      vertex -44.24434354901314 22.31141773611307 2
      vertex -43.96868139505386 22.427619084715843 2
    endloop
  endfacet
  facet normal -0.3653410447674825 0.9308737406373672 0
    outer loop
      vertex -43.96868139505386 22.427619084715843 0
      vertex -43.96868139505386 22.427619084715843 2
      vertex -43.87586659938097 22.464046210050583 2
    endloop
  endfacet
  facet normal -0.34202015930613744 0.9396926149694934 0
    outer loop
      vertex -43.87586659938097 22.464046210050583 0
      vertex -43.87586659938097 22.464046210050583 2
      vertex -43.59475481510162 22.566362537443638 2
    endloop
  endfacet
  facet normal -0.3184866073610943 0.9479273605776026 0
    outer loop
      vertex -43.59475481510162 22.566362537443638 0
      vertex -43.59475481510162 22.566362537443638 2
      vertex -43.50023960322142 22.59811795502901 2
    endloop
  endfacet
  facet normal -0.29475517975450993 0.9555728041378567 0
    outer loop
      vertex -43.50023960322142 22.59811795502901 0
      vertex -43.50023960322142 22.59811795502901 2
      vertex -43.214377366006374 22.68629477918148 2
    endloop
  endfacet
  facet normal -0.2708404439873667 0.9626242537463546 0
    outer loop
      vertex -43.214377366006374 22.68629477918148 0
      vertex -43.214377366006374 22.68629477918148 2
      vertex -43.1183967217803 22.71329954266548 2
    endloop
  endfacet
  facet normal 0.3688639195599082 -0.9294834096673815 3.480601150067448e-18
    outer loop
      vertex -42.72870564540791 19.689045335143895 2
      vertex -42.95642504881414 19.598675274929132 2
      vertex -42.95642504881414 19.598675274929132 0
    endloop
  endfacet
  facet normal 0.29385028434561417 -0.9558514583291703 0
    outer loop
      vertex -42.61704261609588 19.72968735378101 0
      vertex -42.32259401364284 19.820207491404943 2
      vertex -42.61704261609588 19.72968735378101 2
    endloop
  endfacet
  facet normal 0.21697880282233598 -0.9761763155935437 0
    outer loop
      vertex -42.20546277538402 19.850032768488767 2
      vertex -42.20546277538402 19.850032768488767 0
      vertex -41.96272732973794 19.903986593794198 2
    endloop
  endfacet
  facet normal 0.1387355241471052 -0.9903294675710848 0
    outer loop
      vertex -41.856517868046 19.924843387829522 0
      vertex -41.55869761443783 19.966565108063993 2
      vertex -41.856517868046 19.924843387829522 2
    endloop
  endfacet
  facet normal 0.059615135142929425 -0.9982214361863255 0
    outer loop
      vertex -41.43433323848916 19.979009637513496 0
      vertex -41.133332474137106 19.996985810529303 2
      vertex -41.43433323848916 19.979009637513496 2
    endloop
  endfacet
  facet normal -0.01988220050897784 -0.99980232951465 2.796736986096876e-20
    outer loop
      vertex -40.776870892463165 19.99259757698596 2
      vertex -41.02407237400698 19.997513458132744 2
      vertex -41.02407237400698 19.997513458132744 0
    endloop
  endfacet
  facet normal -0.09925378775462153 -0.995062151634942 0
    outer loop
      vertex -40.65677780248796 19.986603976129164 0
      vertex -40.350269244800906 19.956030875464386 2
      vertex -40.65677780248796 19.986603976129164 2
    endloop
  endfacet
  facet normal -0.7278788070013958 -0.6857057986616598 0
    outer loop
      vertex -37.499789625406265 18.570507995784283 0
      vertex -37.227176897227764 18.281128749251366 2
      vertex -37.499789625406265 18.570507995784283 2
    endloop
  endfacet
  facet normal -0.6710984266390596 -0.741368263255569 1.263141269198996e-18
    outer loop
      vertex -37.499789625406265 18.570507995784283 2
      vertex -37.74567811508925 18.7930901951224 2
      vertex -37.74567811508925 18.7930901951224 0
    endloop
  endfacet
  facet normal -0.4055253130826788 -0.9140838147835214 -1.4726730916859555e-18
    outer loop
      vertex -38.859716424420476 19.51611521042735 2
      vertex -39.08848773681221 19.617607608150163 2
      vertex -39.08848773681221 19.617607608150163 0
    endloop
  endfacet
  facet normal -0.17799790281074054 -0.9840308666881228 0
    outer loop
      vertex -40.232040739023226 19.938210794065984 2
      vertex -40.232040739023226 19.938210794065984 0
      vertex -39.98993749539194 19.894417584839648 2
    endloop
  endfacet
  facet normal -0.255616631761562 -0.966778225637542 0
    outer loop
      vertex -39.882125199127096 19.87216144077462 0
      vertex -39.58975635309437 19.794858976079972 2
      vertex -39.882125199127096 19.87216144077462 2
    endloop
  endfacet
  facet normal -0.33161927634733784 -0.9434133004971194 0
    outer loop
      vertex -39.47035964608934 19.75802996961247 0
      vertex -39.191935366519125 19.660161031300966 2
      vertex -39.47035964608934 19.75802996961247 2
    endloop
  endfacet
  facet normal -0.6100751413484115 -0.7923435630512284 7.399359761134093e-19
    outer loop
      vertex -37.84125126476819 18.873285589415282 2
      vertex -38.08243258684648 19.058986257684605 2
      vertex -38.08243258684648 19.058986257684605 0
    endloop
  endfacet
  facet normal -0.5451947749826468 -0.8383094042963022 0
    outer loop
      vertex -38.37877911026581 19.254957696886276 2
      vertex -38.37877911026581 19.254957696886276 0
      vertex -38.17411959790165 19.121857321035073 2
    endloop
  endfacet
  facet normal -0.47686750629104285 -0.8789751881843776 0
    outer loop
      vertex -38.75029896947911 19.463422539794983 0
      vertex -38.479498832084644 19.316506235491428 2
      vertex -38.75029896947911 19.463422539794983 2
    endloop
  endfacet
  facet normal -0.24675740224050347 0.9690772850704522 0
    outer loop
      vertex -43.1183967217803 22.71329954266548 0
      vertex -43.1183967217803 22.71329954266548 2
      vertex -42.82849441468716 22.78711774200201 2
    endloop
  endfacet
  facet normal -0.2225209113665346 0.9749279173377932 0
    outer loop
      vertex -42.82849441468716 22.78711774200201 0
      vertex -42.82849441468716 22.78711774200201 2
      vertex -42.73128718882799 22.809304654598236 2
    endloop
  endfacet
  facet normal -0.1981461387006215 0.9801724887579909 0
    outer loop
      vertex -42.73128718882799 22.809304654598236 0
      vertex -42.73128718882799 22.809304654598236 2
      vertex -42.43806578218937 22.868580639362335 2
    endloop
  endfacet
  facet normal -0.1736481847916169 0.9848077517559336 0
    outer loop
      vertex -42.43806578218937 22.868580639362335 0
      vertex -42.43806578218937 22.868580639362335 2
      vertex -42.33987332880497 22.885894618928432 2
    endloop
  endfacet
  facet normal -0.1490422807078754 0.9888308240348268 0
    outer loop
      vertex -42.33987332880497 22.885894618928432 0
      vertex -42.33987332880497 22.885894618928432 2
      vertex -42.044061690568924 22.930481053888798 2
    endloop
  endfacet
  facet normal -0.12434367916502603 0.9922392097935382 0
    outer loop
      vertex -42.044061690568924 22.930481053888798 0
      vertex -42.044061690568924 22.930481053888798 2
      vertex -41.9451282992959 22.942879013717175 2
    endloop
  endfacet
  facet normal -0.09956784456177468 0.9950307755689379 0
    outer loop
      vertex -41.9451282992959 22.942879013717175 0
      vertex -41.9451282992959 22.942879013717175 2
      vertex -41.647461995482445 22.972665019333363 2
    endloop
  endfacet
  facet normal -0.07473009031671449 0.9972037974262109 0
    outer loop
      vertex -41.647461995482445 22.972665019333363 0
      vertex -41.647461995482445 22.972665019333363 2
      vertex -41.548033744096756 22.98011613637209 2
    endloop
  endfacet
  facet normal -0.04984590700630742 0.9987569201536071 0
    outer loop
      vertex -41.548033744096756 22.98011613637209 0
      vertex -41.548033744096756 22.98011613637209 2
      vertex -41.24925272166729 22.99502768367529 2
    endloop
  endfacet
  facet normal -0.024930699545980785 0.9996891818060992 0
    outer loop
      vertex -41.24925272166729 22.99502768367529 0
      vertex -41.24925272166729 22.99502768367529 2
      vertex -41.14957634359598 22.997513458132744 2
    endloop
  endfacet
  facet normal 0 1 0
    outer loop
      vertex -41.14957634359598 22.997513458132744 0
      vertex -41.14957634359598 22.997513458132744 2
      vertex -40.85042365640402 22.997513458132744 2
    endloop
  endfacet
  facet normal 0.02493069768362657 0.9996891818525434 0
    outer loop
      vertex -40.85042365640402 22.997513458132744 0
      vertex -40.85042365640402 22.997513458132744 2
      vertex -40.75074727088213 22.99502768367529 2
    endloop
  endfacet
  facet normal 0.04984590700630742 0.9987569201536071 0
    outer loop
      vertex -40.75074727088213 22.99502768367529 0
      vertex -40.75074727088213 22.99502768367529 2
      vertex -40.45196624845266 22.98011613637209 2
    endloop
  endfacet
  facet normal 0.07473009031671449 0.9972037974262109 0
    outer loop
      vertex -40.45196624845266 22.98011613637209 0
      vertex -40.45196624845266 22.98011613637209 2
      vertex -40.352537997066975 22.972665019333363 2
    endloop
  endfacet
  facet normal 0.09956784456177468 0.9950307755689379 0
    outer loop
      vertex -40.352537997066975 22.972665019333363 0
      vertex -40.352537997066975 22.972665019333363 2
      vertex -40.05487169325352 22.942879013717175 2
    endloop
  endfacet
  facet normal 0.12434367916502603 0.9922392097935382 0
    outer loop
      vertex -40.05487169325352 22.942879013717175 0
      vertex -40.05487169325352 22.942879013717175 2
      vertex -39.955938301980495 22.930481053888798 2
    endloop
  endfacet
  facet normal 0.1490422807078754 0.9888308240348268 0
    outer loop
      vertex -39.955938301980495 22.930481053888798 0
      vertex -39.955938301980495 22.930481053888798 2
      vertex -39.66012666374445 22.885894618928432 2
    endloop
  endfacet
  facet normal 0.1736481847916169 0.9848077517559336 0
    outer loop
      vertex -39.66012666374445 22.885894618928432 0
      vertex -39.66012666374445 22.885894618928432 2
      vertex -39.56193421036005 22.868580639362335 2
    endloop
  endfacet
  facet normal 0.1981461387006215 0.9801724887579909 0
    outer loop
      vertex -39.56193421036005 22.868580639362335 0
      vertex -39.56193421036005 22.868580639362335 2
      vertex -39.26871280372143 22.809304654598236 2
    endloop
  endfacet
  facet normal 0.2225209113665346 0.9749279173377932 0
    outer loop
      vertex -39.26871280372143 22.809304654598236 0
      vertex -39.26871280372143 22.809304654598236 2
      vertex -39.17150557786226 22.78711774200201 2
    endloop
  endfacet
  facet normal 0.24675740224050347 0.9690772850704522 0
    outer loop
      vertex -39.17150557786226 22.78711774200201 0
      vertex -39.17150557786226 22.78711774200201 2
      vertex -38.88160327076912 22.71329954266548 2
    endloop
  endfacet
  facet normal 0.2708404439873667 0.9626242537463546 0
    outer loop
      vertex -38.88160327076912 22.71329954266548 0
      vertex -38.88160327076912 22.71329954266548 2
      vertex -38.785622626543045 22.68629477918148 2
    endloop
  endfacet
  facet normal 0.41128703999258565 0.9115058808006327 0
    outer loop
      vertex -37.75565644353628 22.31141773611307 0
      vertex -37.75565644353628 22.31141773611307 2
      vertex -37.664772629737854 22.270409405231476 2
    endloop
  endfacet
  facet normal 0.45621063290146724 0.8898718213471212 0
    outer loop
      vertex -37.395245373249054 22.140611916780472 0
      vertex -37.395245373249054 22.140611916780472 2
      vertex -37.3065185546875 22.09512433409691 2
    endloop
  endfacet
  facet normal 0.43388374630603166 0.9009688644406327 0
    outer loop
      vertex -37.664772629737854 22.270409405231476 0
      vertex -37.664772629737854 22.270409405231476 2
      vertex -37.395245373249054 22.140611916780472 2
    endloop
  endfacet
  facet normal 0.29475517975450993 0.9555728041378567 0
    outer loop
      vertex -38.785622626543045 22.68629477918148 0
      vertex -38.785622626543045 22.68629477918148 2
      vertex -38.499760389328 22.59811795502901 2
    endloop
  endfacet
  facet normal 0.3184866073610943 0.9479273605776026 0
    outer loop
      vertex -38.499760389328 22.59811795502901 0
      vertex -38.499760389328 22.59811795502901 2
      vertex -38.405245177447796 22.566362537443638 2
    endloop
  endfacet
  facet normal 0.3653410447674825 0.9308737406373672 0
    outer loop
      vertex -38.12413339316845 22.464046210050583 0
      vertex -38.12413339316845 22.464046210050583 2
      vertex -38.031318597495556 22.427619084715843 2
    endloop
  endfacet
  facet normal 0.34202015930613744 0.9396926149694934 0
    outer loop
      vertex -38.405245177447796 22.566362537443638 0
      vertex -38.405245177447796 22.566362537443638 2
      vertex -38.12413339316845 22.464046210050583 2
    endloop
  endfacet
  facet normal 0.38843481448196165 0.9214762041954008 0
    outer loop
      vertex -38.031318597495556 22.427619084715843 0
      vertex -38.031318597495556 22.427619084715843 2
      vertex -37.75565644353628 22.31141773611307 2
    endloop
  endfacet
  facet normal -0.8693202715049774 0.4942491937783129 0
    outer loop
      vertex -36.558586932718754 12.70351355522871 0
      vertex -36.755083188414574 12.357902109622955 2
      vertex -36.558586932718754 12.70351355522871 2
    endloop
  endfacet
  facet normal -0.9058403931113354 0.4236191475935682 0
    outer loop
      vertex -36.390170723199844 13.063644126057625 0
      vertex -36.558586932718754 12.70351355522871 2
      vertex -36.390170723199844 13.063644126057625 2
    endloop
  endfacet
  facet normal -0.9366335029173918 0.3503108351345931 0
    outer loop
      vertex -36.25089934468269 13.436016961932182 0
      vertex -36.390170723199844 13.063644126057625 2
      vertex -36.25089934468269 13.436016961932182 2
    endloop
  endfacet
  facet normal -0.9615049021262984 0.27478777845293173 0
    outer loop
      vertex -36.141653299331665 13.818277806043625 0
      vertex -36.25089934468269 13.436016961932182 2
      vertex -36.141653299331665 13.818277806043625 2
    endloop
  endfacet
  facet normal -0.9802973684100421 0.1975273892105752 0
    outer loop
      vertex -36.063123293221 14.208009876310825 0
      vertex -36.141653299331665 13.818277806043625 2
      vertex -36.063123293221 14.208009876310825 2
    endloop
  endfacet
  facet normal -0.9928920722640753 0.11901820379736086 0
    outer loop
      vertex -36.015805803239346 14.602749161422253 0
      vertex -36.063123293221 14.208009876310825 2
      vertex -36.015805803239346 14.602749161422253 2
    endloop
  endfacet
  facet normal -0.9992093974106722 0.03975651048823942 0
    outer loop
      vertex -36 15 0
      vertex -36.015805803239346 14.602749161422253 2
      vertex -36 15 2
    endloop
  endfacet
  facet normal -0.9992093974106722 -0.03975651048823942 0
    outer loop
      vertex -36.015805803239346 15.397250838577747 0
      vertex -36 15 2
      vertex -36.015805803239346 15.397250838577747 2
    endloop
  endfacet
  facet normal -0.9928920722640753 -0.11901820379736086 0
    outer loop
      vertex -36.063123293221 15.791990123689175 0
      vertex -36.015805803239346 15.397250838577747 2
      vertex -36.063123293221 15.791990123689175 2
    endloop
  endfacet
  facet normal -0.9802973684100421 -0.1975273892105752 0
    outer loop
      vertex -36.141653299331665 16.181722193956375 0
      vertex -36.063123293221 15.791990123689175 2
      vertex -36.141653299331665 16.181722193956375 2
    endloop
  endfacet
  facet normal -0.9615049021262984 -0.27478777845293173 0
    outer loop
      vertex -36.25089934468269 16.563983038067818 0
      vertex -36.141653299331665 16.181722193956375 2
      vertex -36.25089934468269 16.563983038067818 2
    endloop
  endfacet
  facet normal -0.9366335029173918 -0.3503108351345931 0
    outer loop
      vertex -36.390170723199844 16.936355873942375 0
      vertex -36.25089934468269 16.563983038067818 2
      vertex -36.390170723199844 16.936355873942375 2
    endloop
  endfacet
  facet normal -0.8693202715049774 -0.4942491937783129 0
    outer loop
      vertex -36.755083188414574 17.642097890377045 0
      vertex -36.558586932718754 17.29648644477129 2
      vertex -36.755083188414574 17.642097890377045 2
    endloop
  endfacet
  facet normal -0.9058403931113354 -0.4236191475935682 0
    outer loop
      vertex -36.558586932718754 17.29648644477129 0
      vertex -36.390170723199844 16.936355873942375 2
      vertex -36.558586932718754 17.29648644477129 2
    endloop
  endfacet
  facet normal 0 -1 0
    outer loop
      vertex -35.026363998651505 15.182868152856827 0
      vertex -29.165405824780464 15.182868152856827 2
      vertex -35.026363998651505 15.182868152856827 2
    endloop
  endfacet
  facet normal -0.8273040309641815 -0.5617544306460045 0
    outer loop
      vertex -36.97841717302799 17.971005141735077 0
      vertex -36.755083188414574 17.642097890377045 2
      vertex -36.97841717302799 17.971005141735077 2
    endloop
  endfacet
  facet normal -0.7800573157896762 -0.6257080661802317 0
    outer loop
      vertex -37.227176897227764 18.281128749251366 0
      vertex -36.97841717302799 17.971005141735077 2
      vertex -37.227176897227764 18.281128749251366 2
    endloop
  endfacet
  facet normal 0.3420201521979843 0.9396926175566497 0
    outer loop
      vertex -34.616954408586025 20.312851883471012 0
      vertex -34.616954408586025 20.312851883471012 2
      vertex -34.2422359213233 20.17646550387144 2
    endloop
  endfacet
  facet normal 0.2467573877406342 0.9690772887625725 0
    outer loop
      vertex -34.2422359213233 20.17646550387144 0
      vertex -34.2422359213233 20.17646550387144 2
      vertex -33.85579980164766 20.078066781163216 2
    endloop
  endfacet
  facet normal 0.14904227768953318 0.9888308244897689 0
    outer loop
      vertex -33.85579980164766 20.078066781163216 0
      vertex -33.85579980164766 20.078066781163216 2
      vertex -33.461486615240574 20.018633626401424 2
    endloop
  endfacet
  facet normal 0.0498458822857024 0.9987569213873613 0
    outer loop
      vertex -33.461486615240574 20.018633626401424 0
      vertex -33.461486615240574 20.018633626401424 2
      vertex -33.06321522593498 19.998756729066372 2
    endloop
  endfacet
  facet normal 0.5633200591681331 0.826238773562952 0
    outer loop
      vertex -36.61842615902424 21.692115157842636 0
      vertex -36.61842615902424 21.692115157842636 2
      vertex -36.371254339814186 21.52359626442194 2
    endloop
  endfacet
  facet normal 0.6234898381053261 0.7818314535623354 0
    outer loop
      vertex -36.05183394253254 21.28476309776306 0
      vertex -36.05183394253254 21.28476309776306 2
      vertex -35.973879516124725 21.222596511244774 2
    endloop
  endfacet
  facet normal 0.6427876027210405 0.7660444489637255 0
    outer loop
      vertex -35.973879516124725 21.222596511244774 0
      vertex -35.973879516124725 21.222596511244774 2
      vertex -35.74471539258957 21.030304983258247 2
    endloop
  endfacet
  facet normal 0.6038044055895226 0.7971325108102687 0
    outer loop
      vertex -36.290298379957676 21.465392887592316 0
      vertex -36.290298379957676 21.465392887592316 2
      vertex -36.05183394253254 21.28476309776306 2
    endloop
  endfacet
  facet normal 0.5837437081712223 0.8119379798793198 0
    outer loop
      vertex -36.371254339814186 21.52359626442194 0
      vertex -36.371254339814186 21.52359626442194 2
      vertex -36.290298379957676 21.465392887592316 2
    endloop
  endfacet
  facet normal 0.5214352123706895 0.8532908761377529 0
    outer loop
      vertex -35.31649545580149 20.693801634013653 0
      vertex -35.31649545580149 20.693801634013653 2
      vertex -34.97623114287853 20.48587043583393 2
    endloop
  endfacet
  facet normal 0.6522873654149042 0.7579717626139402 0
    outer loop
      vertex -35.70995844900608 20.99963179975748 0
      vertex -35.70995844900608 20.99963179975748 2
      vertex -35.634365662932396 20.934578955173492 2
    endloop
  endfacet
  facet normal 0.6038044037724711 0.7971325121866317 0
    outer loop
      vertex -35.634365662932396 20.934578955173492 0
      vertex -35.634365662932396 20.934578955173492 2
      vertex -35.31649545580149 20.693801634013653 2
    endloop
  endfacet
  facet normal 0.43388373097417887 0.9009688718240638 0
    outer loop
      vertex -34.97623114287853 20.48587043583393 0
      vertex -34.97623114287853 20.48587043583393 2
      vertex -34.616954408586025 20.312851883471012 2
    endloop
  endfacet
  facet normal 0.6616858229866687 0.7497812158613038 0
    outer loop
      vertex -35.74471539258957 21.030304983258247 0
      vertex -35.74471539258957 21.030304983258247 2
      vertex -35.70995844900608 20.99963179975748 2
    endloop
  endfacet
  facet normal 0.49999999720394084 0.8660254053987442 0
    outer loop
      vertex -37.04379612207413 21.9520533233881 0
      vertex -37.04379612207413 21.9520533233881 2
      vertex -36.95744712650776 21.90219970792532 2
    endloop
  endfacet
  facet normal 0.5425462511474786 0.8400259313651081 0
    outer loop
      vertex -36.70218266546726 21.74621084332466 0
      vertex -36.70218266546726 21.74621084332466 2
      vertex -36.61842615902424 21.692115157842636 2
    endloop
  endfacet
  facet normal 0.5214352023574569 0.8532908822567121 0
    outer loop
      vertex -36.95744712650776 21.90219970792532 0
      vertex -36.95744712650776 21.90219970792532 2
      vertex -36.70218266546726 21.74621084332466 2
    endloop
  endfacet
  facet normal 0.47825397703000155 0.8782215742368134 0
    outer loop
      vertex -37.3065185546875 22.09512433409691 0
      vertex -37.3065185546875 22.09512433409691 2
      vertex -37.04379612207413 21.9520533233881 2
    endloop
  endfacet
  facet normal -0.9166174234270864 -0.3997655551318665 0
    outer loop
      vertex -21.581059873104095 -2.8703735917806625 0
      vertex -21.581059873104095 -2.8703735917806625 2
      vertex -28.407095335423946 12.7809574380517 0
    endloop
  endfacet
  facet normal 1 0 0
    outer loop
      vertex -20.857003681361675 -15.5 0
      vertex -20.857003681361675 15.182868152856827 0
      vertex -20.857003681361675 15.182868152856827 2
    endloop
  endfacet
  facet normal 0 0 -1
    outer loop
      vertex -21.581059873104095 -2.8703735917806625 0
      vertex -28.407095335423946 12.7809574380517 0
      vertex -20.857003681361675 15.182868152856827 0
    endloop
  endfacet
  facet normal 0 0 -1
    outer loop
      vertex -11.480016708374023 -15.5 0
      vertex -14.892786219716072 15.182868152856827 0
      vertex -11.480016708374023 15.182868152856827 0
    endloop
  endfacet
  facet normal 0 0 -1
    outer loop
      vertex -5.033012375235558 -15.5 0
      vertex -5.033012375235558 15.182868152856827 0
      vertex -1.7580046728253365 7.473379135131836 0
    endloop
  endfacet
  facet normal 1 0 0
    outer loop
      vertex -11.480016708374023 -15.5 0
      vertex -11.480016708374023 15.182868152856827 0
      vertex -11.480016708374023 15.182868152856827 2
    endloop
  endfacet
  facet normal 0 0 -1
    outer loop
      vertex -5.033012375235558 15.182868152856827 0
      vertex -1.7357648387551308 8.245104178786278 0
      vertex -1.7580046728253365 7.473379135131836 0
    endloop
  endfacet
  facet normal 0 0 -1
    outer loop
      vertex -5.033012375235558 15.182868152856827 0
      vertex -1.669027917087078 8.979637376964092 0
      vertex -1.7357648387551308 8.245104178786278 0
    endloop
  endfacet
  facet normal 0 0 -1
    outer loop
      vertex -5.033012375235558 15.182868152856827 0
      vertex -1.5577678754925728 9.676978781819344 0
      vertex -1.669027917087078 8.979637376964092 0
    endloop
  endfacet
  facet normal 0 0 -1
    outer loop
      vertex -5.033012375235558 15.182868152856827 0
      vertex -1.4019586592912674 10.33712837100029 0
      vertex -1.5577678754925728 9.676978781819344 0
    endloop
  endfacet
  facet normal 0 0 -1
    outer loop
      vertex -5.033012375235558 15.182868152856827 0
      vertex -1.2015741914510727 10.960086114704609 0
      vertex -1.4019586592912674 10.33712837100029 0
    endloop
  endfacet
  facet normal -1 0 0
    outer loop
      vertex -14.892786219716072 -15.5 2
      vertex -14.892786219716072 15.182868152856827 2
      vertex -14.892786219716072 15.182868152856827 0
    endloop
  endfacet
  facet normal -1 0 0
    outer loop
      vertex -5.033012375235558 -15.5 2
      vertex -5.033012375235558 15.182868152856827 2
      vertex -5.033012375235558 15.182868152856827 0
    endloop
  endfacet
  facet normal 0 0 -1
    outer loop
      vertex -38.79227250814438 19.4861943051219 0
      vertex -14.892786219716072 15.182868152856827 0
      vertex -20.857003681361675 15.182868152856827 0
    endloop
  endfacet
  facet normal 0 0 -1
    outer loop
      vertex -33.06321522593498 19.998756729066372 0
      vertex -11.480016708374023 15.182868152856827 0
      vertex -14.892786219716072 15.182868152856827 0
    endloop
  endfacet
  facet normal 0 0 -1
    outer loop
      vertex -33.06321522593498 19.998756729066372 0
      vertex -5.033012375235558 15.182868152856827 0
      vertex -11.480016708374023 15.182868152856827 0
    endloop
  endfacet
  facet normal 0 -1 0
    outer loop
      vertex -20.857003681361675 15.182868152856827 0
      vertex -14.892786219716072 15.182868152856827 0
      vertex -14.892786219716072 15.182868152856827 2
    endloop
  endfacet
  facet normal 0 0 -1
    outer loop
      vertex -33.06321522593498 19.998756729066372 0
      vertex 4.689396180212498 15.534617252647877 0
      vertex -5.033012375235558 15.182868152856827 0
    endloop
  endfacet
  facet normal 0 0 -1
    outer loop
      vertex -5.033012375235558 15.182868152856827 0
      vertex -0.9565883949398994 11.545852065086365 0
      vertex -1.2015741914510727 10.960086114704609 0
    endloop
  endfacet
  facet normal 0 0 -1
    outer loop
      vertex -5.033012375235558 15.182868152856827 0
      vertex -0.6669752299785614 12.094426169991493 0
      vertex -0.9565883949398994 11.545852065086365 0
    endloop
  endfacet
  facet normal 0 0 -1
    outer loop
      vertex -5.033012375235558 15.182868152856827 0
      vertex -0.33270861208438873 12.605808481574059 0
      vertex -0.6669752299785614 12.094426169991493 0
    endloop
  endfacet
  facet normal 0 0 -1
    outer loop
      vertex -33.06321522593498 19.998756729066372 0
      vertex 5.471630685031414 15.674081355333328 0
      vertex 4.689396180212498 15.534617252647877 0
    endloop
  endfacet
  facet normal 0 0 -1
    outer loop
      vertex -33.06321522593498 19.998756729066372 0
      vertex 6.298805318772793 15.776353619992733 0
      vertex 5.471630685031414 15.674081355333328 0
    endloop
  endfacet
  facet normal 0 0 -1
    outer loop
      vertex -33.06321522593498 19.998756729066372 0
      vertex 7.170946151018143 15.841434083878994 0
      vertex 6.298805318772793 15.776353619992733 0
    endloop
  endfacet
  facet normal 0 0 -1
    outer loop
      vertex -33.06321522593498 19.998756729066372 0
      vertex 8.446546025574207 15.880206063389778 0
      vertex 7.170946151018143 15.841434083878994 0
    endloop
  endfacet
  facet normal 0 0 -1
    outer loop
      vertex -33.06321522593498 19.998756729066372 0
      vertex 9.349177546799183 15.853189073503017 0
      vertex 8.446546025574207 15.880206063389778 0
    endloop
  endfacet
  facet normal 0 -1 0
    outer loop
      vertex -11.480016708374023 15.182868152856827 0
      vertex -5.033012375235558 15.182868152856827 0
      vertex -5.033012375235558 15.182868152856827 2
    endloop
  endfacet
  facet normal 0 -1 0
    outer loop
      vertex -20.857003681361675 15.182868152856827 0
      vertex -14.892786219716072 15.182868152856827 2
      vertex -20.857003681361675 15.182868152856827 2
    endloop
  endfacet
  facet normal 0 -1 0
    outer loop
      vertex -11.480016708374023 15.182868152856827 0
      vertex -5.033012375235558 15.182868152856827 2
      vertex -11.480016708374023 15.182868152856827 2
    endloop
  endfacet
  facet normal 0 1 0
    outer loop
      vertex -33.06321522593498 19.998756729066372 0
      vertex -33.06321522593498 19.998756729066372 2
      vertex 40.87534376978874 19.998756729066372 2
    endloop
  endfacet
  facet normal 0 0 1
    outer loop
      vertex -35.026363998651505 -15.5 2
      vertex -42.2780831605196 10.16610886901617 2
      vertex -42.65809639543295 10.282933503389359 2
    endloop
  endfacet
  facet normal 0 0 1
    outer loop
      vertex -35.026363998651505 -15.5 2
      vertex -41.889989480376244 10.079845659434795 2
      vertex -42.2780831605196 10.16610886901617 2
    endloop
  endfacet
  facet normal 0 0 1
    outer loop
      vertex -35.026363998651505 -15.5 2
      vertex -41.49626899510622 10.024689249694347 2
      vertex -41.889989480376244 10.079845659434795 2
    endloop
  endfacet
  facet normal 0 0 1
    outer loop
      vertex -35.026363998651505 -15.5 2
      vertex -41.09941093623638 10.000988349318504 2
      vertex -41.49626899510622 10.024689249694347 2
    endloop
  endfacet
  facet normal 0 0 1
    outer loop
      vertex -35.026363998651505 -15.5 2
      vertex -40.70192437618971 10.008892819285393 2
      vertex -41.09941093623638 10.000988349318504 2
    endloop
  endfacet
  facet normal 0 0 1
    outer loop
      vertex -35.026363998651505 -15.5 2
      vertex -40.30632234364748 10.048352666199207 2
      vertex -40.70192437618971 10.008892819285393 2
    endloop
  endfacet
  facet normal 0 0 1
    outer loop
      vertex -35.026363998651505 -15.5 2
      vertex -39.91510596126318 10.119118429720402 2
      vertex -40.30632234364748 10.048352666199207 2
    endloop
  endfacet
  facet normal 0 0 1
    outer loop
      vertex -35.026363998651505 -15.5 2
      vertex -39.53074862807989 10.22074269503355 2
      vertex -39.91510596126318 10.119118429720402 2
    endloop
  endfacet
  facet normal 0 0 1
    outer loop
      vertex -35.026363998651505 -15.5 2
      vertex -39.15568038076162 10.352582961320877 2
      vertex -39.53074862807989 10.22074269503355 2
    endloop
  endfacet
  facet normal 0 0 1
    outer loop
      vertex -35.026363998651505 -15.5 2
      vertex -38.79227250814438 10.513805694878101 2
      vertex -39.15568038076162 10.352582961320877 2
    endloop
  endfacet
  facet normal 0 0 1
    outer loop
      vertex -35.026363998651505 -15.5 2
      vertex -38.442822605371475 10.70339159667492 2
      vertex -38.79227250814438 10.513805694878101 2
    endloop
  endfacet
  facet normal 0 0 1
    outer loop
      vertex -43.38433750718832 10.605124048888683 2
      vertex -43.32778104394674 10.157820358872414 2
      vertex -43.10314756631851 9.828343510627747 2
    endloop
  endfacet
  facet normal 0 0 1
    outer loop
      vertex -43.38433750718832 10.605124048888683 2
      vertex -43.508364014327526 10.39622301608324 2
      vertex -43.32778104394674 10.157820358872414 2
    endloop
  endfacet
  facet normal 0 0 1
    outer loop
      vertex -43.38433750718832 10.605124048888683 2
      vertex -43.10314756631851 9.828343510627747 2
      vertex -43.02762660384178 10.429580941796303 2
    endloop
  endfacet
  facet normal 0 0 1
    outer loop
      vertex -43.72597385942936 10.808452971279621 2
      vertex -43.76468653231859 10.70169634371996 2
      vertex -43.508364014327526 10.39622301608324 2
    endloop
  endfacet
  facet normal 0 0 1
    outer loop
      vertex -43.72597385942936 10.808452971279621 2
      vertex -43.508364014327526 10.39622301608324 2
      vertex -43.38433750718832 10.605124048888683 2
    endloop
  endfacet
  facet normal 0 0 1
    outer loop
      vertex -43.72597385942936 10.808452971279621 2
      vertex -43.96810941398144 10.920934103429317 2
      vertex -43.76468653231859 10.70169634371996 2
    endloop
  endfacet
  facet normal 0 0 1
    outer loop
      vertex -44.66181748754539 11.597254732145867 2
      vertex -44.86228876535589 11.827767678106005 2
      vertex -44.83727357536554 11.796399623155594 2
    endloop
  endfacet
  facet normal 0 0 1
    outer loop
      vertex -44.66181748754539 11.597254732145867 2
      vertex -44.821266032755375 11.777322575449944 2
      vertex -44.672817185521126 11.609109587967396 2
    endloop
  endfacet
  facet normal 0 0 1
    outer loop
      vertex -44.66181748754539 11.597254732145867 2
      vertex -44.83727357536554 11.796399623155594 2
      vertex -44.821266032755375 11.777322575449944 2
    endloop
  endfacet
  facet normal 0 0 1
    outer loop
      vertex -45.104952706625035 12.14849783053511 2
      vertex -44.977153077721596 11.971802964806557 2
      vertex -44.939983120731874 11.925193314677658 2
    endloop
  endfacet
  facet normal 0 0 1
    outer loop
      vertex -45.104952706625035 12.14849783053511 2
      vertex -44.992189951241016 11.991654396057129 2
      vertex -44.977153077721596 11.971802964806557 2
    endloop
  endfacet
  facet normal 0 0 1
    outer loop
      vertex -44.05037572979927 11.038282200694084 2
      vertex -44.25296847522259 11.200905986130238 2
      vertex -43.96810941398144 10.920934103429317 2
    endloop
  endfacet
  facet normal 0 0 1
    outer loop
      vertex -43.72597385942936 10.808452971279621 2
      vertex -44.05037572979927 11.038282200694084 2
      vertex -43.96810941398144 10.920934103429317 2
    endloop
  endfacet
  facet normal 0 0 1
    outer loop
      vertex -44.20044708997011 11.147549904882908 2
      vertex -43.96810941398144 10.920934103429317 2
      vertex -44.25296847522259 11.200905986130238 2
    endloop
  endfacet
  facet normal 0 0 1
    outer loop
      vertex -44.2015021070838 11.146468237042427 2
      vertex -44.20044708997011 11.147549904882908 2
      vertex -44.25296847522259 11.200905986130238 2
    endloop
  endfacet
  facet normal 0 0 1
    outer loop
      vertex -44.05037572979927 11.038282200694084 2
      vertex -44.32441481248234 11.267198500459536 2
      vertex -44.25296847522259 11.200905986130238 2
    endloop
  endfacet
  facet normal 0 0 1
    outer loop
      vertex -44.584154646969886 11.517319198232085 2
      vertex -44.49922966212034 11.430249907076359 2
      vertex -44.48140246421099 11.41286175698042 2
    endloop
  endfacet
  facet normal 0 0 1
    outer loop
      vertex -44.410315996392136 11.346903152701412 2
      vertex -44.584154646969886 11.517319198232085 2
      vertex -44.48140246421099 11.41286175698042 2
    endloop
  endfacet
  facet normal 0 0 1
    outer loop
      vertex -42.65809639543295 10.282933503389359 2
      vertex -42.36953863501549 8.304988592863083 2
      vertex -42.251999996602535 7.923937603831291 2
    endloop
  endfacet
  facet normal 0 0 1
    outer loop
      vertex -42.65809639543295 10.282933503389359 2
      vertex -42.251999996602535 7.923937603831291 2
      vertex -42.1782009601593 7.6341104581952095 2
    endloop
  endfacet
  facet normal 0 0 1
    outer loop
      vertex -43.02762660384178 10.429580941796303 2
      vertex -42.47182838618755 8.586027435958385 2
      vertex -42.36953863501549 8.304988592863083 2
    endloop
  endfacet
  facet normal 0 0 1
    outer loop
      vertex -43.02762660384178 10.429580941796303 2
      vertex -42.756487257778645 9.222939364612103 2
      vertex -42.62672337144613 8.953481830656528 2
    endloop
  endfacet
  facet normal 0 0 1
    outer loop
      vertex -43.02762660384178 10.429580941796303 2
      vertex -42.62672337144613 8.953481830656528 2
      vertex -42.47182838618755 8.586027435958385 2
    endloop
  endfacet
  facet normal 0 0 1
    outer loop
      vertex -43.02762660384178 10.429580941796303 2
      vertex -42.947199173271656 9.573145233094692 2
      vertex -42.756487257778645 9.222939364612103 2
    endloop
  endfacet
  facet normal 0 0 1
    outer loop
      vertex -43.02762660384178 10.429580941796303 2
      vertex -42.36953863501549 8.304988592863083 2
      vertex -42.65809639543295 10.282933503389359 2
    endloop
  endfacet
  facet normal 0 0 1
    outer loop
      vertex -43.02762660384178 10.429580941796303 2
      vertex -43.10314756631851 9.828343510627747 2
      vertex -42.947199173271656 9.573145233094692 2
    endloop
  endfacet
  facet normal 0 0 1
    outer loop
      vertex -35.026363998651505 -15.5 2
      vertex -38.1095400005579 10.920142039656639 2
      vertex -38.442822605371475 10.70339159667492 2
    endloop
  endfacet
  facet normal 0 0 1
    outer loop
      vertex -35.026363998651505 -15.5 2
      vertex -37.79453181475401 11.16268665343523 2
      vertex -38.1095400005579 10.920142039656639 2
    endloop
  endfacet
  facet normal 0 0 1
    outer loop
      vertex -35.026363998651505 -15.5 2
      vertex -37.499789625406265 11.429492004215717 2
      vertex -37.79453181475401 11.16268665343523 2
    endloop
  endfacet
  facet normal 0 0 1
    outer loop
      vertex -35.026363998651505 -15.5 2
      vertex -37.227176897227764 11.718871250748634 2
      vertex -37.499789625406265 11.429492004215717 2
    endloop
  endfacet
  facet normal 0 0 1
    outer loop
      vertex -35.026363998651505 -15.5 2
      vertex -36.97841717302799 12.028994858264923 2
      vertex -37.227176897227764 11.718871250748634 2
    endloop
  endfacet
  facet normal 0 0 1
    outer loop
      vertex -35.026363998651505 -15.5 2
      vertex -36.755083188414574 12.357902109622955 2
      vertex -36.97841717302799 12.028994858264923 2
    endloop
  endfacet
  facet normal 0 0 1
    outer loop
      vertex -35.026363998651505 -15.5 2
      vertex -36.558586932718754 12.70351355522871 2
      vertex -36.755083188414574 12.357902109622955 2
    endloop
  endfacet
  facet normal 0 0 1
    outer loop
      vertex -35.026363998651505 -15.5 2
      vertex -36.390170723199844 13.063644126057625 2
      vertex -36.558586932718754 12.70351355522871 2
    endloop
  endfacet
  facet normal 0 0 1
    outer loop
      vertex -35.026363998651505 -15.5 2
      vertex -36.25089934468269 13.436016961932182 2
      vertex -36.390170723199844 13.063644126057625 2
    endloop
  endfacet
  facet normal 0 0 1
    outer loop
      vertex -35.026363998651505 -15.5 2
      vertex -36.141653299331665 13.818277806043625 2
      vertex -36.25089934468269 13.436016961932182 2
    endloop
  endfacet
  facet normal 0 0 1
    outer loop
      vertex -35.026363998651505 -15.5 2
      vertex -36.063123293221 14.208009876310825 2
      vertex -36.141653299331665 13.818277806043625 2
    endloop
  endfacet
  facet normal 0 0 1
    outer loop
      vertex -35.026363998651505 -15.5 2
      vertex -35.026363998651505 15.182868152856827 2
      vertex -36.063123293221 14.208009876310825 2
    endloop
  endfacet
  facet normal 0 0 1
    outer loop
      vertex -29.165405824780464 -15.5 2
      vertex -28.407095335423946 12.7809574380517 2
      vertex -29.165405824780464 15.182868152856827 2
    endloop
  endfacet
  facet normal 0 0 1
    outer loop
      vertex -45.37013884220406 12.574275603272408 2
      vertex -45.39597099274397 12.620259918272495 2
      vertex -45.38406091183424 12.598389334976673 2
    endloop
  endfacet
  facet normal 0 0 1
    outer loop
      vertex -45.37013884220406 12.574275603272408 2
      vertex -45.49832170456648 12.81990235298872 2
      vertex -45.39597099274397 12.620259918272495 2
    endloop
  endfacet
  facet normal 0 0 1
    outer loop
      vertex -45.37013884220406 12.574275603272408 2
      vertex -45.50912669301033 12.842339150607586 2
      vertex -45.49832170456648 12.81990235298872 2
    endloop
  endfacet
  facet normal 0 0 1
    outer loop
      vertex -45.37013884220406 12.574275603272408 2
      vertex -45.51174680644377 12.848145918283214 2
      vertex -45.50912669301033 12.842339150607586 2
    endloop
  endfacet
  facet normal 0 0 1
    outer loop
      vertex -45.17315198403261 12.250082240399372 2
      vertex -45.308696377807905 12.46785413426283 2
      vertex -45.271886341273785 12.404097281396389 2
    endloop
  endfacet
  facet normal 0 0 1
    outer loop
      vertex -45.271886341273785 12.404097281396389 2
      vertex -45.25890078395605 12.382847353816032 2
      vertex -45.17315198403261 12.250082240399372 2
    endloop
  endfacet
  facet normal 0 0 1
    outer loop
      vertex -45.55915889767492 12.953221902888009 2
      vertex -45.65307997643498 13.17681723550176 2
      vertex -45.6110722348094 13.069783248007298 2
    endloop
  endfacet
  facet normal 0 0 1
    outer loop
      vertex -45.55915889767492 12.953221902888009 2
      vertex -45.6110722348094 13.069783248007298 2
      vertex -45.60139869898558 13.046834915876389 2
    endloop
  endfacet
  facet normal 0 0 1
    outer loop
      vertex -45.693768059233776 13.2806348266861 2
      vertex -45.77300561964512 13.514691598713398 2
      vertex -45.701553516089916 13.302025198936462 2
    endloop
  endfacet
  facet normal 0 0 1
    outer loop
      vertex -45.693768059233776 13.2806348266861 2
      vertex -45.790089643586654 13.573119394672622 2
      vertex -45.780346274375916 13.538489401340485 2
    endloop
  endfacet
  facet normal 0 0 1
    outer loop
      vertex -45.693768059233776 13.2806348266861 2
      vertex -45.780346274375916 13.538489401340485 2
      vertex -45.77300561964512 13.514691598713398 2
    endloop
  endfacet
  facet normal 0 0 1
    outer loop
      vertex -45.82372737848636 13.692675013482713 2
      vertex -45.887295228201616 13.954017871192539 2
      vertex -45.84110899269581 13.75445294380188 2
    endloop
  endfacet
  facet normal 0 0 1
    outer loop
      vertex -45.887295228201616 13.954017871192539 2
      vertex -45.84725421667099 13.778586737811565 2
      vertex -45.84110899269581 13.75445294380188 2
    endloop
  endfacet
  facet normal 0 0 1
    outer loop
      vertex -45.94478064030409 14.267287127673626 2
      vertex -45.94106885045767 14.242660991847515 2
      vertex -45.911833567177645 14.076859450850149 2
    endloop
  endfacet
  facet normal 0 0 1
    outer loop
      vertex -45.953340549781565 14.335593579046293 2
      vertex -45.94478064030409 14.267287127673626 2
      vertex -45.911833567177645 14.076859450850149 2
    endloop
  endfacet
  facet normal 0 0 1
    outer loop
      vertex -45.9687123783117 14.458257850294226 2
      vertex -45.9751565605402 14.51467428356409 2
      vertex -45.97267697751522 14.489894598722458 2
    endloop
  endfacet
  facet normal 0 0 1
    outer loop
      vertex -45.9687123783117 14.458257850294226 2
      vertex -45.991922207176685 14.738396294414997 2
      vertex -45.9751565605402 14.51467428356409 2
    endloop
  endfacet
  facet normal 0 0 1
    outer loop
      vertex -45.9687123783117 14.458257850294226 2
      vertex -45.99322781667766 14.765846140883667 2
      vertex -45.99316354095936 14.763268768787384 2
    endloop
  endfacet
  facet normal 0 0 1
    outer loop
      vertex -45.9687123783117 14.458257850294226 2
      vertex -45.99316354095936 14.763268768787384 2
      vertex -45.991922207176685 14.738396294414997 2
    endloop
  endfacet
  facet normal 0 0 1
    outer loop
      vertex -45.99875672906637 15.012451700866222 2
      vertex -45.99875672906637 14.987548284232616 2
      vertex -45.99604698270559 14.878891005209073 2
    endloop
  endfacet
  facet normal 0 0 1
    outer loop
      vertex -45.99604698270559 14.878891005209073 2
      vertex -45.99604698270559 15.121108979889765 2
      vertex -45.99875672906637 15.012451700866222 2
    endloop
  endfacet
  facet normal 0 0 1
    outer loop
      vertex -45.99322781613682 15.23415386590208 2
      vertex -45.991922207176685 15.261603690683842 2
      vertex -45.99316354095936 15.236731216311455 2
    endloop
  endfacet
  facet normal 0 0 1
    outer loop
      vertex -45.99322781613682 15.23415386590208 2
      vertex -45.9751565605402 15.485325701534748 2
      vertex -45.991922207176685 15.261603690683842 2
    endloop
  endfacet
  facet normal 0 0 1
    outer loop
      vertex -45.99322781613682 15.23415386590208 2
      vertex -45.968712381574555 15.541742108767647 2
      vertex -45.97267697751522 15.510105386376381 2
    endloop
  endfacet
  facet normal 0 0 1
    outer loop
      vertex -45.99322781613682 15.23415386590208 2
      vertex -45.97267697751522 15.510105386376381 2
      vertex -45.9751565605402 15.485325701534748 2
    endloop
  endfacet
  facet normal 0 0 1
    outer loop
      vertex -45.95334054124858 15.66440647414413 2
      vertex -45.9118335936815 15.923140383937882 2
      vertex -45.94478064030409 15.732712857425213 2
    endloop
  endfacet
  facet normal 0 0 1
    outer loop
      vertex -45.9118335936815 15.923140383937882 2
      vertex -45.94106885045767 15.757338993251324 2
      vertex -45.94478064030409 15.732712857425213 2
    endloop
  endfacet
  facet normal 0 0 1
    outer loop
      vertex -45.84110899269581 16.24554704129696 2
      vertex -45.84725421667099 16.221413247287273 2
      vertex -45.88729517302103 16.045982355668254 2
    endloop
  endfacet
  facet normal 0 0 1
    outer loop
      vertex -45.823727405237385 16.307324876537326 2
      vertex -45.84110899269581 16.24554704129696 2
      vertex -45.88729517302103 16.045982355668254 2
    endloop
  endfacet
  facet normal 0 0 1
    outer loop
      vertex -45.79008961480154 16.426880692734603 2
      vertex -45.77300561964512 16.48530838638544 2
      vertex -45.780346274375916 16.461510583758354 2
    endloop
  endfacet
  facet normal 0 0 1
    outer loop
      vertex -45.79008961480154 16.426880692734603 2
      vertex -45.701553516089916 16.697974786162376 2
      vertex -45.77300561964512 16.48530838638544 2
    endloop
  endfacet
  facet normal 0 0 1
    outer loop
      vertex -45.79008961480154 16.426880692734603 2
      vertex -45.693768110783424 16.7193650167812 2
      vertex -45.701553516089916 16.697974786162376 2
    endloop
  endfacet
  facet normal 0 0 1
    outer loop
      vertex -45.60139869898558 16.95316506922245 2
      vertex -45.6110722348094 16.93021673709154 2
      vertex -45.653079887359084 16.823182976558794 2
    endloop
  endfacet
  facet normal 0 0 1
    outer loop
      vertex -45.653079887359084 16.823182976558794 2
      vertex -45.55915898828981 17.046777881387616 2
      vertex -45.60139869898558 16.95316506922245 2
    endloop
  endfacet
  facet normal 0 0 1
    outer loop
      vertex -45.51174675364471 17.151854183830366 2
      vertex -45.49832170456648 17.18009763211012 2
      vertex -45.50912669301033 17.157660834491253 2
    endloop
  endfacet
  facet normal 0 0 1
    outer loop
      vertex -45.51174675364471 17.151854183830366 2
      vertex -45.39597099274397 17.379740066826344 2
      vertex -45.49832170456648 17.18009763211012 2
    endloop
  endfacet
  facet normal 0 0 1
    outer loop
      vertex -45.51174675364471 17.151854183830366 2
      vertex -45.370138915989415 17.42572425402645 2
      vertex -45.38406091183424 17.401610650122166 2
    endloop
  endfacet
  facet normal 0 0 1
    outer loop
      vertex -45.51174675364471 17.151854183830366 2
      vertex -45.38406091183424 17.401610650122166 2
      vertex -45.39597099274397 17.379740066826344 2
    endloop
  endfacet
  facet normal 0 0 1
    outer loop
      vertex -45.30869625898316 17.532146056646496 2
      vertex -45.17315223943708 17.74991734925599 2
      vertex -45.271886341273785 17.59590270370245 2
    endloop
  endfacet
  facet normal 0 0 1
    outer loop
      vertex -45.17315223943708 17.74991734925599 2
      vertex -45.25890078395605 17.617152631282806 2
      vertex -45.271886341273785 17.59590270370245 2
    endloop
  endfacet
  facet normal 0 0 1
    outer loop
      vertex -45.104952307183915 17.85150271015247 2
      vertex -44.939983270266985 18.074806482910084 2
      vertex -44.977153077721596 18.028197020292282 2
    endloop
  endfacet
  facet normal 0 0 1
    outer loop
      vertex -44.977153077721596 18.028197020292282 2
      vertex -44.992189951241016 18.00834558904171 2
      vertex -45.104952307183915 17.85150271015247 2
    endloop
  endfacet
  facet normal 0 0 1
    outer loop
      vertex -44.8622886222201 18.17223248647943 2
      vertex -44.672817185521126 18.390890397131443 2
      vertex -44.83727357536554 18.203600361943245 2
    endloop
  endfacet
  facet normal 0 0 1
    outer loop
      vertex -44.83727357536554 18.203600361943245 2
      vertex -44.672817185521126 18.390890397131443 2
      vertex -44.821266032755375 18.222677409648895 2
    endloop
  endfacet
  facet normal 0 0 1
    outer loop
      vertex -44.8622886222201 18.17223248647943 2
      vertex -44.66181769418607 18.40274503024727 2
      vertex -44.672817185521126 18.390890397131443 2
    endloop
  endfacet
  facet normal 0 0 1
    outer loop
      vertex -44.48140247911215 18.58713821321726 2
      vertex -44.49922966212034 18.56975007802248 2
      vertex -44.58415431537475 18.48268112683447 2
    endloop
  endfacet
  facet normal 0 0 1
    outer loop
      vertex -44.58415431537475 18.48268112683447 2
      vertex -44.41031629462257 18.65309655493984 2
      vertex -44.48140247911215 18.58713821321726 2
    endloop
  endfacet
  facet normal 0 0 1
    outer loop
      vertex -44.32441464779976 18.7328016371067 2
      vertex -44.29827041924 18.75621298700571 2
      vertex -44.31694246083498 18.739734813570976 2
    endloop
  endfacet
  facet normal 0 0 1
    outer loop
      vertex -44.32441464779976 18.7328016371067 2
      vertex -44.12640918791294 18.900421679019928 2
      vertex -44.29827041924 18.75621298700571 2
    endloop
  endfacet
  facet normal 0 0 1
    outer loop
      vertex -44.32441464779976 18.7328016371067 2
      vertex -44.08792651779514 18.93035005658422 2
      vertex -44.106938511133194 18.915949031710625 2
    endloop
  endfacet
  facet normal 0 0 1
    outer loop
      vertex -44.32441464779976 18.7328016371067 2
      vertex -44.106938511133194 18.915949031710625 2
      vertex -44.12640918791294 18.900421679019928 2
    endloop
  endfacet
  facet normal 0 0 1
    outer loop
      vertex -43.99069943920066 19.003996704378046 2
      vertex -43.90788243710995 19.065949268639088 2
      vertex -43.92810261249542 19.05141195654869 2
    endloop
  endfacet
  facet normal 0 0 1
    outer loop
      vertex -43.99069943920066 19.003996704378046 2
      vertex -43.784986437155844 19.149738344790247 2
      vertex -43.90788243710995 19.065949268639088 2
    endloop
  endfacet
  facet normal 0 0 1
    outer loop
      vertex -43.48859480768442 19.335276186466217 2
      vertex -43.51016192883253 19.322824403643608 2
      vertex -43.68813835623334 19.21406527668346 2
    endloop
  endfacet
  facet normal 0 0 1
    outer loop
      vertex -43.68813835623334 19.21406527668346 2
      vertex -43.440163095218736 19.3616506910311 2
      vertex -43.48859480768442 19.335276186466217 2
    endloop
  endfacet
  facet normal 0 0 1
    outer loop
      vertex -43.330495893882976 19.421372265078215 2
      vertex -43.067274048924446 19.551274739205837 2
      vertex -43.29156658798456 19.44257203489542 2
    endloop
  endfacet
  facet normal 0 0 1
    outer loop
      vertex -43.330495893882976 19.421372265078215 2
      vertex -43.058305097582334 19.555321683658637 2
      vertex -43.067274048924446 19.551274739205837 2
    endloop
  endfacet
  facet normal 0 0 1
    outer loop
      vertex -43.29156658798456 19.44257203489542 2
      vertex -43.067274048924446 19.551274739205837 2
      vertex -43.26940558105707 19.45393332093954 2
    endloop
  endfacet
  facet normal 0 0 1
    outer loop
      vertex -42.814659632742405 19.65776064246893 2
      vertex -42.83784185349941 19.64866228401661 2
      vertex -42.95642504881414 19.598675274929132 2
    endloop
  endfacet
  facet normal 0 0 1
    outer loop
      vertex -42.95642504881414 19.598675274929132 2
      vertex -42.72870564540791 19.689045335143895 2
      vertex -42.814659632742405 19.65776064246893 2
    endloop
  endfacet
  facet normal 0 0 1
    outer loop
      vertex -42.61704261609588 19.72968735378101 2
      vertex -42.58023387938738 19.742423929274082 2
      vertex -42.603840842843056 19.734492406249046 2
    endloop
  endfacet
  facet normal 0 0 1
    outer loop
      vertex -42.61704261609588 19.72968735378101 2
      vertex -42.36585211753845 19.80855194479227 2
      vertex -42.58023387938738 19.742423929274082 2
    endloop
  endfacet
  facet normal 0 0 1
    outer loop
      vertex -42.61704261609588 19.72968735378101 2
      vertex -42.32259401364284 19.820207491404943 2
      vertex -42.34187913686037 19.81529689580202 2
    endloop
  endfacet
  facet normal 0 0 1
    outer loop
      vertex -42.61704261609588 19.72968735378101 2
      vertex -42.34187913686037 19.81529689580202 2
      vertex -42.36585211753845 19.80855194479227 2
    endloop
  endfacet
  facet normal 0 0 1
    outer loop
      vertex -42.20546277538402 19.850032768488767 2
      vertex -42.100188471376896 19.87619822472334 2
      vertex -42.1244675591588 19.870656684041023 2
    endloop
  endfacet
  facet normal 0 0 1
    outer loop
      vertex -42.20546277538402 19.850032768488767 2
      vertex -41.96272732973794 19.903986593794198 2
      vertex -42.100188471376896 19.87619822472334 2
    endloop
  endfacet
  facet normal 0 0 1
    outer loop
      vertex -41.856517868046 19.924843387829522 2
      vertex -41.63391888141632 19.958414129912853 2
      vertex -41.85576241463423 19.924976594746113 2
    endloop
  endfacet
  facet normal 0 0 1
    outer loop
      vertex -41.856517868046 19.924843387829522 2
      vertex -41.55869761443783 19.966565108063993 2
      vertex -41.60920887440443 19.961510695517063 2
    endloop
  endfacet
  facet normal 0 0 1
    outer loop
      vertex -41.856517868046 19.924843387829522 2
      vertex -41.60920887440443 19.961510695517063 2
      vertex -41.63391888141632 19.958414129912853 2
    endloop
  endfacet
  facet normal 0 0 1
    outer loop
      vertex -41.43433323848916 19.979009637513496 2
      vertex -41.13707034289837 19.99689259380102 2
      vertex -41.385974392294884 19.98384866863489 2
    endloop
  endfacet
  facet normal 0 0 1
    outer loop
      vertex -41.385974392294884 19.98384866863489 2
      vertex -41.13707034289837 19.99689259380102 2
      vertex -41.36114075034857 19.985709697008133 2
    endloop
  endfacet
  facet normal 0 0 1
    outer loop
      vertex -41.43433323848916 19.979009637513496 2
      vertex -41.133332474137106 19.996985810529303 2
      vertex -41.13707034289837 19.99689259380102 2
    endloop
  endfacet
  facet normal 0 0 1
    outer loop
      vertex -40.86292964965105 19.99689259380102 2
      vertex -40.88782548904419 19.997513458132744 2
      vertex -41.02407237400698 19.997513458132744 2
    endloop
  endfacet
  facet normal 0 0 1
    outer loop
      vertex -40.65677780248796 19.986603976129164 2
      vertex -40.36608110368252 19.958414129912853 2
      vertex -40.39079111069441 19.961510695517063 2
    endloop
  endfacet
  facet normal 0 0 1
    outer loop
      vertex -40.65677780248796 19.986603976129164 2
      vertex -40.350269244800906 19.956030875464386 2
      vertex -40.36608110368252 19.958414129912853 2
    endloop
  endfacet
  facet normal 0 0 1
    outer loop
      vertex -41.02407237400698 19.997513458132744 2
      vertex -40.776870892463165 19.99259757698596 2
      vertex -40.86292964965105 19.99689259380102 2
    endloop
  endfacet
  facet normal 0 0 1
    outer loop
      vertex -40.65677780248796 19.986603976129164 2
      vertex -40.39079111069441 19.961510695517063 2
      vertex -40.614025592803955 19.98384866863489 2
    endloop
  endfacet
  facet normal 0 0 1
    outer loop
      vertex -40.65677780248796 19.986603976129164 2
      vertex -40.614025592803955 19.98384866863489 2
      vertex -40.63885923475027 19.985709697008133 2
    endloop
  endfacet
  facet normal 0 0 1
    outer loop
      vertex -37.227176897227764 18.281128749251366 2
      vertex -37.127908669412136 18.30240409821272 2
      vertex -37.445778876543045 18.54318141937256 2
    endloop
  endfacet
  facet normal 0 0 1
    outer loop
      vertex -37.499789625406265 18.570507995784283 2
      vertex -37.445778876543045 18.54318141937256 2
      vertex -37.591227762401104 18.660663664340973 2
    endloop
  endfacet
  facet normal 0 0 1
    outer loop
      vertex -37.499789625406265 18.570507995784283 2
      vertex -37.227176897227764 18.281128749251366 2
      vertex -37.445778876543045 18.54318141937256 2
    endloop
  endfacet
  facet normal 0 0 1
    outer loop
      vertex -37.499789625406265 18.570507995784283 2
      vertex -37.70172968506813 18.75621308386326 2
      vertex -37.74567811508925 18.7930901951224 2
    endloop
  endfacet
  facet normal 0 0 1
    outer loop
      vertex -37.499789625406265 18.570507995784283 2
      vertex -37.69501591473818 18.750288151204586 2
      vertex -37.70172968506813 18.75621308386326 2
    endloop
  endfacet
  facet normal 0 0 1
    outer loop
      vertex -37.499789625406265 18.570507995784283 2
      vertex -37.66682054847479 18.72571650892496 2
      vertex -37.69501591473818 18.750288151204586 2
    endloop
  endfacet
  facet normal 0 0 1
    outer loop
      vertex -37.84125126476819 18.873285589415282 2
      vertex -37.8735907971859 18.900421679019928 2
      vertex -38.08243258684648 19.058986257684605 2
    endloop
  endfacet
  facet normal 0 0 1
    outer loop
      vertex -38.08243258684648 19.058986257684605 2
      vertex -37.8735907971859 18.900421679019928 2
      vertex -37.893061473965645 18.915949031710625 2
    endloop
  endfacet
  facet normal 0 0 1
    outer loop
      vertex -37.499789625406265 18.570507995784283 2
      vertex -37.591227762401104 18.660663664340973 2
      vertex -37.66682054847479 18.72571650892496 2
    endloop
  endfacet
  facet normal 0 0 1
    outer loop
      vertex -38.75029896947911 19.463422539794983 2
      vertex -38.70843339711428 19.44257203489542 2
      vertex -38.73059440404177 19.45393332093954 2
    endloop
  endfacet
  facet normal 0 0 1
    outer loop
      vertex -39.08848773681221 19.617607608150163 2
      vertex -38.859716424420476 19.51611521042735 2
      vertex -38.93272593617439 19.551274739205837 2
    endloop
  endfacet
  facet normal 0 0 1
    outer loop
      vertex -38.93272593617439 19.551274739205837 2
      vertex -38.95542550086975 19.561517171561718 2
      vertex -39.08848773681221 19.617607608150163 2
    endloop
  endfacet
  facet normal 0 0 1
    outer loop
      vertex -40.232040739023226 19.938210794065984 2
      vertex -39.98993749539194 19.894417584839648 2
      vertex -40.11971219629049 19.920652106404305 2
    endloop
  endfacet
  facet normal 0 0 1
    outer loop
      vertex -40.232040739023226 19.938210794065984 2
      vertex -40.11971219629049 19.920652106404305 2
      vertex -40.14423757046461 19.924976594746113 2
    endloop
  endfacet
  facet normal 0 0 1
    outer loop
      vertex -39.882125199127096 19.87216144077462 2
      vertex -39.65812084823847 19.81529689580202 2
      vertex -39.87553242594004 19.870656684041023 2
    endloop
  endfacet
  facet normal 0 0 1
    outer loop
      vertex -39.882125199127096 19.87216144077462 2
      vertex -39.58975635309437 19.794858976079972 2
      vertex -39.63414786756039 19.80855194479227 2
    endloop
  endfacet
  facet normal 0 0 1
    outer loop
      vertex -39.882125199127096 19.87216144077462 2
      vertex -39.63414786756039 19.80855194479227 2
      vertex -39.65812084823847 19.81529689580202 2
    endloop
  endfacet
  facet normal 0 0 1
    outer loop
      vertex -39.47035964608934 19.75802996961247 2
      vertex -39.191935366519125 19.660161031300966 2
      vertex -39.41976610571146 19.742423929274082 2
    endloop
  endfacet
  facet normal 0 0 1
    outer loop
      vertex -39.191935366519125 19.660161031300966 2
      vertex -39.39615914225578 19.734492406249046 2
      vertex -39.41976610571146 19.742423929274082 2
    endloop
  endfacet
  facet normal 0 0 1
    outer loop
      vertex -38.08243258684648 19.058986257684605 2
      vertex -37.893061473965645 18.915949031710625 2
      vertex -38.071897372603416 19.05141195654869 2
    endloop
  endfacet
  facet normal 0 0 1
    outer loop
      vertex -38.37877911026581 19.254957696886276 2
      vertex -38.17411959790165 19.121857321035073 2
      vertex -38.27748345583677 19.192329607903957 2
    endloop
  endfacet
  facet normal 0 0 1
    outer loop
      vertex -38.37877911026581 19.254957696886276 2
      vertex -38.27748345583677 19.192329607903957 2
      vertex -38.29840283840895 19.205840781331062 2
    endloop
  endfacet
  facet normal 0 0 1
    outer loop
      vertex -38.75029896947911 19.463422539794983 2
      vertex -38.479498832084644 19.316506235491428 2
      vertex -38.48983805626631 19.322824403643608 2
    endloop
  endfacet
  facet normal 0 0 1
    outer loop
      vertex -38.75029896947911 19.463422539794983 2
      vertex -38.48983805626631 19.322824403643608 2
      vertex -38.51140517741442 19.335276186466217 2
    endloop
  endfacet
  facet normal 0 0 1
    outer loop
      vertex -38.75029896947911 19.463422539794983 2
      vertex -38.51140517741442 19.335276186466217 2
      vertex -38.70843339711428 19.44257203489542 2
    endloop
  endfacet
  facet normal 0 0 1
    outer loop
      vertex -36.063123293221 14.208009876310825 2
      vertex -35.026363998651505 15.182868152856827 2
      vertex -36.015805803239346 14.602749161422253 2
    endloop
  endfacet
  facet normal 0 0 1
    outer loop
      vertex -36.015805803239346 14.602749161422253 2
      vertex -35.026363998651505 15.182868152856827 2
      vertex -36 15 2
    endloop
  endfacet
  facet normal 0 0 1
    outer loop
      vertex -36 15 2
      vertex -35.026363998651505 15.182868152856827 2
      vertex -36.015805803239346 15.397250838577747 2
    endloop
  endfacet
  facet normal 0 0 1
    outer loop
      vertex -36.015805803239346 15.397250838577747 2
      vertex -35.026363998651505 15.182868152856827 2
      vertex -36.063123293221 15.791990123689175 2
    endloop
  endfacet
  facet normal 0 0 1
    outer loop
      vertex -36.063123293221 15.791990123689175 2
      vertex -35.026363998651505 15.182868152856827 2
      vertex -36.141653299331665 16.181722193956375 2
    endloop
  endfacet
  facet normal 0 0 1
    outer loop
      vertex -36.755083188414574 17.642097890377045 2
      vertex -35.64301486313343 17.49377403408289 2
      vertex -35.91860560327768 17.60994526743889 2
    endloop
  endfacet
  facet normal 0 0 1
    outer loop
      vertex -36.755083188414574 17.642097890377045 2
      vertex -35.268296375870705 17.35738765448332 2
      vertex -35.64301486313343 17.49377403408289 2
    endloop
  endfacet
  facet normal 0 0 1
    outer loop
      vertex -36.141653299331665 16.181722193956375 2
      vertex -35.026363998651505 15.182868152856827 2
      vertex -29.165405824780464 15.182868152856827 2
    endloop
  endfacet
  facet normal 0 0 1
    outer loop
      vertex -36.141653299331665 16.181722193956375 2
      vertex -29.165405824780464 15.182868152856827 2
      vertex -36.25089934468269 16.563983038067818 2
    endloop
  endfacet
  facet normal 0 0 1
    outer loop
      vertex -36.25089934468269 16.563983038067818 2
      vertex -29.165405824780464 15.182868152856827 2
      vertex -36.390170723199844 16.936355873942375 2
    endloop
  endfacet
  facet normal 0 0 1
    outer loop
      vertex -36.390170723199844 16.936355873942375 2
      vertex -29.165405824780464 15.182868152856827 2
      vertex -36.558586932718754 17.29648644477129 2
    endloop
  endfacet
  facet normal 0 0 1
    outer loop
      vertex -36.558586932718754 17.29648644477129 2
      vertex -29.165405824780464 15.182868152856827 2
      vertex -36.755083188414574 17.642097890377045 2
    endloop
  endfacet
  facet normal 0 0 1
    outer loop
      vertex -29.165405824780464 15.182868152856827 2
      vertex -35.268296375870705 17.35738765448332 2
      vertex -36.755083188414574 17.642097890377045 2
    endloop
  endfacet
  facet normal 0 0 1
    outer loop
      vertex -29.165405824780464 15.182868152856827 2
      vertex -34.98250808566809 17.269233636558056 2
      vertex -35.268296375870705 17.35738765448332 2
    endloop
  endfacet
  facet normal 0 0 1
    outer loop
      vertex -29.165405824780464 15.182868152856827 2
      vertex -34.59607196599245 17.17083491384983 2
      vertex -34.98250808566809 17.269233636558056 2
    endloop
  endfacet
  facet normal 0 0 1
    outer loop
      vertex -29.165405824780464 15.182868152856827 2
      vertex -34.302926637232304 17.111574307084084 2
      vertex -34.59607196599245 17.17083491384983 2
    endloop
  endfacet
  facet normal 0 0 1
    outer loop
      vertex -29.165405824780464 15.182868152856827 2
      vertex -33.611024260520935 17.022362865507603 2
      vertex -33.908613450825214 17.052141152322292 2
    endloop
  endfacet
  facet normal 0 0 1
    outer loop
      vertex -29.165405824780464 15.182868152856827 2
      vertex -33.908613450825214 17.052141152322292 2
      vertex -34.302926637232304 17.111574307084084 2
    endloop
  endfacet
  facet normal 0 0 1
    outer loop
      vertex -29.165405824780464 15.182868152856827 2
      vertex -33.21275287121534 17.00248596817255 2
      vertex -33.611024260520935 17.022362865507603 2
    endloop
  endfacet
  facet normal 0 0 1
    outer loop
      vertex -29.165405824780464 15.182868152856827 2
      vertex -33.06321522593498 16.998756729066372 2
      vertex -33.21275287121534 17.00248596817255 2
    endloop
  endfacet
  facet normal 0 0 1
    outer loop
      vertex -28.407095335423946 12.7809574380517 2
      vertex -20.857003681361675 15.182868152856827 2
      vertex -29.165405824780464 15.182868152856827 2
    endloop
  endfacet
  facet normal 0 0 1
    outer loop
      vertex -29.165405824780464 15.182868152856827 2
      vertex -20.857003681361675 15.182868152856827 2
      vertex -33.06321522593498 16.998756729066372 2
    endloop
  endfacet
  facet normal 0 0 1
    outer loop
      vertex -36.755083188414574 17.642097890377045 2
      vertex -35.91860560327768 17.60994526743889 2
      vertex -36.97841717302799 17.971005141735077 2
    endloop
  endfacet
  facet normal 0 0 1
    outer loop
      vertex -36.97841717302799 17.971005141735077 2
      vertex -36.27788233757019 17.782963819801807 2
      vertex -36.540536783635616 17.92599780857563 2
    endloop
  endfacet
  facet normal 0 0 1
    outer loop
      vertex -36.97841717302799 17.971005141735077 2
      vertex -37.127908669412136 18.30240409821272 2
      vertex -37.227176897227764 18.281128749251366 2
    endloop
  endfacet
  facet normal 0 0 1
    outer loop
      vertex -36.97841717302799 17.971005141735077 2
      vertex -36.88080109655857 18.133929006755352 2
      vertex -37.127908669412136 18.30240409821272 2
    endloop
  endfacet
  facet normal 0 0 1
    outer loop
      vertex -36.97841717302799 17.971005141735077 2
      vertex -36.540536783635616 17.92599780857563 2
      vertex -36.88080109655857 18.133929006755352 2
    endloop
  endfacet
  facet normal 0 0 1
    outer loop
      vertex -36.97841717302799 17.971005141735077 2
      vertex -35.91860560327768 17.60994526743889 2
      vertex -36.27788233757019 17.782963819801807 2
    endloop
  endfacet
  facet normal 0 0 1
    outer loop
      vertex -21.581059873104095 -2.8703735917806625 2
      vertex -20.857003681361675 15.182868152856827 2
      vertex -28.407095335423946 12.7809574380517 2
    endloop
  endfacet
  facet normal 0 0 1
    outer loop
      vertex -11.480016708374023 -15.5 2
      vertex -11.480016708374023 15.182868152856827 2
      vertex -14.892786219716072 15.182868152856827 2
    endloop
  endfacet
  facet normal 0 0 1
    outer loop
      vertex -5.033012375235558 -15.5 2
      vertex -1.7580046728253365 7.473379135131836 2
      vertex -5.033012375235558 15.182868152856827 2
    endloop
  endfacet
  facet normal 0 0 1
    outer loop
      vertex -5.033012375235558 15.182868152856827 2
      vertex -1.7580046728253365 7.473379135131836 2
      vertex -1.7357648387551308 8.245104178786278 2
    endloop
  endfacet
  facet normal 0 0 1
    outer loop
      vertex -5.033012375235558 15.182868152856827 2
      vertex -1.7357648387551308 8.245104178786278 2
      vertex -1.669027917087078 8.979637376964092 2
    endloop
  endfacet
  facet normal 0 0 1
    outer loop
      vertex -5.033012375235558 15.182868152856827 2
      vertex -1.669027917087078 8.979637376964092 2
      vertex -1.5577678754925728 9.676978781819344 2
    endloop
  endfacet
  facet normal 0 0 1
    outer loop
      vertex -5.033012375235558 15.182868152856827 2
      vertex -1.5577678754925728 9.676978781819344 2
      vertex -1.4019586592912674 10.33712837100029 2
    endloop
  endfacet
  facet normal 0 0 1
    outer loop
      vertex -5.033012375235558 15.182868152856827 2
      vertex -1.4019586592912674 10.33712837100029 2
      vertex -1.2015741914510727 10.960086114704609 2
    endloop
  endfacet
  facet normal 0 0 1
    outer loop
      vertex -20.857003681361675 15.182868152856827 2
      vertex -14.892786219716072 15.182868152856827 2
      vertex -33.06321522593498 16.998756729066372 2
    endloop
  endfacet
  facet normal 0 0 1
    outer loop
      vertex -14.892786219716072 15.182868152856827 2
      vertex -11.480016708374023 15.182868152856827 2
      vertex -33.06321522593498 16.998756729066372 2
    endloop
  endfacet
  facet normal 0 0 1
    outer loop
      vertex -11.480016708374023 15.182868152856827 2
      vertex -5.033012375235558 15.182868152856827 2
      vertex -33.06321522593498 16.998756729066372 2
    endloop
  endfacet
  facet normal 0 0 1
    outer loop
      vertex -5.033012375235558 15.182868152856827 2
      vertex 4.689396180212498 15.534617252647877 2
      vertex -33.06321522593498 16.998756729066372 2
    endloop
  endfacet
  facet normal 0 0 1
    outer loop
      vertex -5.033012375235558 15.182868152856827 2
      vertex -1.2015741914510727 10.960086114704609 2
      vertex -0.9565883949398994 11.545852065086365 2
    endloop
  endfacet
  facet normal 0 0 1
    outer loop
      vertex -5.033012375235558 15.182868152856827 2
      vertex -0.9565883949398994 11.545852065086365 2
      vertex -0.6669752299785614 12.094426169991493 2
    endloop
  endfacet
  facet normal 0 0 1
    outer loop
      vertex -5.033012375235558 15.182868152856827 2
      vertex -0.6669752299785614 12.094426169991493 2
      vertex -0.33270861208438873 12.605808481574059 2
    endloop
  endfacet
  facet normal 0 0 1
    outer loop
      vertex 4.689396180212498 15.534617252647877 2
      vertex 5.471630685031414 15.674081355333328 2
      vertex -33.06321522593498 16.998756729066372 2
    endloop
  endfacet
  facet normal 0 0 1
    outer loop
      vertex 5.471630685031414 15.674081355333328 2
      vertex 6.298805318772793 15.776353619992733 2
      vertex -33.06321522593498 16.998756729066372 2
    endloop
  endfacet
  facet normal 0 0 1
    outer loop
      vertex 6.298805318772793 15.776353619992733 2
      vertex 7.170946151018143 15.841434083878994 2
      vertex -33.06321522593498 16.998756729066372 2
    endloop
  endfacet
  facet normal 0 0 1
    outer loop
      vertex 7.170946151018143 15.841434083878994 2
      vertex 8.446546025574207 15.880206063389778 2
      vertex -33.06321522593498 16.998756729066372 2
    endloop
  endfacet
  facet normal 0 0 -1
    outer loop
      vertex -5.033012375235558 -15.5 0
      vertex 0.9382725059986115 -14.099260441958904 0
      vertex 1.4514135196805 -14.487795606255531 0
    endloop
  endfacet
  facet normal 0 0 -1
    outer loop
      vertex -5.033012375235558 -15.5 0
      vertex 2.6120728850364685 -15.141492165625095 0
      vertex 3.2596433460712433 -15.406770274043083 0
    endloop
  endfacet
  facet normal 0 0 -1
    outer loop
      vertex -5.033012375235558 -15.5 0
      vertex 3.2596433460712433 -15.406770274043083 0
      vertex 3.9520757645368576 -15.631079450249672 0
    endloop
  endfacet
  facet normal 0 0 -1
    outer loop
      vertex -5.033012375235558 -15.5 0
      vertex 2.0093382969498634 -14.83518671989441 0
      vertex 2.6120728850364685 -15.141492165625095 0
    endloop
  endfacet
  facet normal 0 0 -1
    outer loop
      vertex -5.033012375235558 -15.5 0
      vertex 1.4514135196805 -14.487795606255531 0
      vertex 2.0093382969498634 -14.83518671989441 0
    endloop
  endfacet
  facet normal 0 0 -1
    outer loop
      vertex -5.033012375235558 -15.5 0
      vertex 3.9520757645368576 -15.631079450249672 0
      vertex 4.689396180212498 -15.814478017389774 0
    endloop
  endfacet
  facet normal 0 0 -1
    outer loop
      vertex -5.033012375235558 -15.5 0
      vertex 4.689396180212498 -15.814478017389774 0
      vertex 5.471630685031414 -15.95702438056469 0
    endloop
  endfacet
  facet normal 0 0 -1
    outer loop
      vertex -5.033012375235558 -15.5 0
      vertex 5.471630685031414 -15.95702438056469 0
      vertex 6.298805318772793 -16.058776900172234 0
    endloop
  endfacet
  facet normal 0 0 -1
    outer loop
      vertex -5.033012375235558 -15.5 0
      vertex 6.298805318772793 -16.058776900172234 0
      vertex 7.170946151018143 -16.119793936610222 0
    endloop
  endfacet
  facet normal 0 0 -1
    outer loop
      vertex -11.480016708374023 -15.5 0
      vertex -5.033012375235558 -15.5 0
      vertex 40.87534376978874 -19.998756729066372 0
    endloop
  endfacet
  facet normal 0.4530471494979435 0.8914865564503975 0
    outer loop
      vertex 2.0093382969498634 -14.83518671989441 0
      vertex 2.0093382969498634 -14.83518671989441 2
      vertex 2.6120728850364685 -15.141492165625095 0
    endloop
  endfacet
  facet normal 0.3081771139322846 0.9513290001089885 0
    outer loop
      vertex 3.2596433460712433 -15.406770274043083 0
      vertex 3.2596433460712433 -15.406770274043083 2
      vertex 3.9520757645368576 -15.631079450249672 0
    endloop
  endfacet
  facet normal 0.3790770584918908 0.9253651083356966 0
    outer loop
      vertex 3.2596433460712433 -15.406770274043083 0
      vertex 2.6120728850364685 -15.141492165625095 0
      vertex 2.6120728850364685 -15.141492165625095 2
    endloop
  endfacet
  facet normal 0.12209185947572286 0.9925188047839498 0
    outer loop
      vertex 6.298805318772793 -16.058776900172234 0
      vertex 5.471630685031414 -15.95702438056469 0
      vertex 5.471630685031414 -15.95702438056469 2
    endloop
  endfacet
  facet normal 0.0697917688526888 0.9975615815579572 0
    outer loop
      vertex 6.298805318772793 -16.058776900172234 0
      vertex 6.298805318772793 -16.058776900172234 2
      vertex 7.170946151018143 -16.119793936610222 0
    endloop
  endfacet
  facet normal 0.24138152429210405 0.9704302961730021 0
    outer loop
      vertex 3.9520757645368576 -15.631079450249672 0
      vertex 3.9520757645368576 -15.631079450249672 2
      vertex 4.689396180212498 -15.814478017389774 0
    endloop
  endfacet
  facet normal 0.179277324687304 0.9837985773790097 0
    outer loop
      vertex 4.689396180212498 -15.814478017389774 0
      vertex 4.689396180212498 -15.814478017389774 2
      vertex 5.471630685031414 -15.95702438056469 0
    endloop
  endfacet
  facet normal -0.04884698127478289 0.9988062737189536 0
    outer loop
      vertex 8.446546025574207 -16.119793936610222 0
      vertex 8.446546025574207 -16.119793936610222 2
      vertex 9.349177546799183 -16.075650416314602 0
    endloop
  endfacet
  facet normal -0.09988249525147204 0.9949992397697295 0
    outer loop
      vertex 9.349177546799183 -16.075650416314602 0
      vertex 9.349177546799183 -16.075650416314602 2
      vertex 10.205759570002556 -15.989662863314152 0
    endloop
  endfacet
  facet normal 0 0 -1
    outer loop
      vertex -5.033012375235558 -15.5 0
      vertex 0.04623749852180481 -13.198524460196495 0
      vertex 0.46988919377326965 -13.669522851705551 0
    endloop
  endfacet
  facet normal 0 0 -1
    outer loop
      vertex -5.033012375235558 -15.5 0
      vertex 0.46988919377326965 -13.669522851705551 0
      vertex 0.9382725059986115 -14.099260441958904 0
    endloop
  endfacet
  facet normal 0 0 -1
    outer loop
      vertex -5.033012375235558 -15.5 0
      vertex -0.33270861208438873 -12.686206944286823 0
      vertex 0.04623749852180481 -13.198524460196495 0
    endloop
  endfacet
  facet normal 0 0 -1
    outer loop
      vertex 7.170946151018143 -16.119793936610222 0
      vertex 7.170946151018143 -11.160884566605091 0
      vertex 8.446546025574207 -16.119793936610222 0
    endloop
  endfacet
  facet normal 0 0 -1
    outer loop
      vertex 8.446546025574207 -16.119793936610222 0
      vertex 7.170946151018143 -11.160884566605091 0
      vertex 8.446546025574207 -11.160884566605091 0
    endloop
  endfacet
  facet normal 0 0 -1
    outer loop
      vertex 7.170946151018143 -11.160884566605091 0
      vertex 8.713640689849854 -11.126030959188938 0
      vertex 8.446546025574207 -11.160884566605091 0
    endloop
  endfacet
  facet normal 0 0 -1
    outer loop
      vertex 7.170946151018143 -11.160884566605091 0
      vertex 8.966798894107342 -11.079525038599968 0
      vertex 8.713640689849854 -11.126030959188938 0
    endloop
  endfacet
  facet normal 0 0 -1
    outer loop
      vertex 7.170946151018143 -11.160884566605091 0
      vertex 9.206046491861343 -11.02133772522211 0
      vertex 8.966798894107342 -11.079525038599968 0
    endloop
  endfacet
  facet normal 0 0 -1
    outer loop
      vertex 7.170946151018143 -11.160884566605091 0
      vertex 9.431409396231174 -10.951439969241619 0
      vertex 9.206046491861343 -11.02133772522211 0
    endloop
  endfacet
  facet normal 0 0 -1
    outer loop
      vertex 7.170946151018143 -11.160884566605091 0
      vertex 9.642913445830345 -10.86980264633894 0
      vertex 9.431409396231174 -10.951439969241619 0
    endloop
  endfacet
  facet normal 0 0 -1
    outer loop
      vertex 7.170946151018143 -11.160884566605091 0
      vertex 9.84058453887701 -10.776396714150906 0
      vertex 9.642913445830345 -10.86980264633894 0
    endloop
  endfacet
  facet normal 0 0 -1
    outer loop
      vertex 7.170946151018143 -11.160884566605091 0
      vertex 10.024448566138744 -10.671193085610867 0
      vertex 9.84058453887701 -10.776396714150906 0
    endloop
  endfacet
  facet normal 0 0 -1
    outer loop
      vertex 7.170946151018143 -11.160884566605091 0
      vertex 10.194531358778477 -10.55416265130043 0
      vertex 10.024448566138744 -10.671193085610867 0
    endloop
  endfacet
  facet normal 0 0 -1
    outer loop
      vertex 7.170946151018143 -11.160884566605091 0
      vertex 10.350858844816685 -10.42527637630701 0
      vertex 10.194531358778477 -10.55416265130043 0
    endloop
  endfacet
  facet normal 0 0 -1
    outer loop
      vertex 7.170946151018143 -11.160884566605091 0
      vertex 10.493456855416298 -10.284505151212215 0
      vertex 10.350858844816685 -10.42527637630701 0
    endloop
  endfacet
  facet normal 0 0 -1
    outer loop
      vertex 6.065109021961689 -10.826184175908566 0
      vertex 5.882431671023369 -10.727544009685516 0
      vertex 11.170010060071945 -8.216723896563053 0
    endloop
  endfacet
  facet normal 0 0 -1
    outer loop
      vertex 6.065109021961689 -10.826184175908566 0
      vertex 11.170010060071945 -8.216723896563053 0
      vertex 6.260582387447357 -10.914218865334988 0
    endloop
  endfacet
  facet normal 0 0 -1
    outer loop
      vertex 6.6900191977620125 -11.058588176965714 0
      vertex 11.170010060071945 -8.216723896563053 0
      vertex 6.924033649265766 -11.114980936050415 0
    endloop
  endfacet
  facet normal 0 0 -1
    outer loop
      vertex 6.468877263367176 -10.991677165031433 0
      vertex 6.260582387447357 -10.914218865334988 0
      vertex 11.170010060071945 -8.216723896563053 0
    endloop
  endfacet
  facet normal 0 0 -1
    outer loop
      vertex 6.468877263367176 -10.991677165031433 0
      vertex 11.170010060071945 -8.216723896563053 0
      vertex 6.6900191977620125 -11.058588176965714 0
    endloop
  endfacet
  facet normal 0 0 -1
    outer loop
      vertex 5.712524861097336 -10.618269324302673 0
      vertex 5.555363066494465 -10.498330987989902 0
      vertex 11.170010060071945 -8.216723896563053 0
    endloop
  endfacet
  facet normal 0 0 -1
    outer loop
      vertex 5.279172487556934 -10.226347163319588 0
      vertex 11.170010060071945 -8.216723896563053 0
      vertex 5.410920761525631 -10.367699958384037 0
    endloop
  endfacet
  facet normal 0 0 -1
    outer loop
      vertex 5.555363066494465 -10.498330987989902 0
      vertex 5.410920761525631 -10.367699958384037 0
      vertex 11.170010060071945 -8.216723896563053 0
    endloop
  endfacet
  facet normal 0 0 -1
    outer loop
      vertex 5.160092703998089 -10.074243500828743 0
      vertex 5.0536559000611305 -9.911359921097755 0
      vertex 11.170010060071945 -8.216723896563053 0
    endloop
  endfacet
  facet normal 0 0 -1
    outer loop
      vertex 4.95983661711216 -9.737667299807072 0
      vertex 11.170010060071945 -8.216723896563053 0
      vertex 5.0536559000611305 -9.911359921097755 0
    endloop
  endfacet
  facet normal 0 0 -1
    outer loop
      vertex 5.279172487556934 -10.226347163319588 0
      vertex 5.160092703998089 -10.074243500828743 0
      vertex 11.170010060071945 -8.216723896563053 0
    endloop
  endfacet
  facet normal 0 0 -1
    outer loop
      vertex 5.882431671023369 -10.727544009685516 0
      vertex 5.712524861097336 -10.618269324302673 0
      vertex 11.170010060071945 -8.216723896563053 0
    endloop
  endfacet
  facet normal 0 0 -1
    outer loop
      vertex 6.924033649265766 -11.114980936050415 0
      vertex 11.170010060071945 -8.216723896563053 0
      vertex 7.170946151018143 -11.160884566605091 0
    endloop
  endfacet
  facet normal 0 0 -1
    outer loop
      vertex 7.170946151018143 -11.160884566605091 0
      vertex 10.622351318597794 -10.131819918751717 0
      vertex 10.493456855416298 -10.284505151212215 0
    endloop
  endfacet
  facet normal 0 0 -1
    outer loop
      vertex 7.170946151018143 -11.160884566605091 0
      vertex 10.73756804317236 -9.967191576957703 0
      vertex 10.622351318597794 -10.131819918751717 0
    endloop
  endfacet
  facet normal 0 0 -1
    outer loop
      vertex 7.170946151018143 -11.160884566605091 0
      vertex 10.839132972061634 -9.790591061115265 0
      vertex 10.73756804317236 -9.967191576957703 0
    endloop
  endfacet
  facet normal 0 0 -1
    outer loop
      vertex 7.170946151018143 -11.160884566605091 0
      vertex 10.927071951329708 -9.601989291608334 0
      vertex 10.839132972061634 -9.790591061115265 0
    endloop
  endfacet
  facet normal 0 0 -1
    outer loop
      vertex 7.170946151018143 -11.160884566605091 0
      vertex 11.001410856842995 -9.40135719627142 0
      vertex 10.927071951329708 -9.601989291608334 0
    endloop
  endfacet
  facet normal 0 0 -1
    outer loop
      vertex 7.170946151018143 -11.160884566605091 0
      vertex 11.062175571918488 -9.188665680587292 0
      vertex 11.001410856842995 -9.40135719627142 0
    endloop
  endfacet
  facet normal 0.7434878750285481 0.6687494147179002 0
    outer loop
      vertex 0.46988919377326965 -13.669522851705551 0
      vertex 0.04623749852180481 -13.198524460196495 0
      vertex 0.04623749852180481 -13.198524460196495 2
    endloop
  endfacet
  facet normal 0.6760547254782142 0.7368514152517971 0
    outer loop
      vertex 0.46988919377326965 -13.669522851705551 0
      vertex 0.46988919377326965 -13.669522851705551 2
      vertex 0.9382725059986115 -14.099260441958904 0
    endloop
  endfacet
  facet normal 0.8560917014866553 0.5168239532429624 0
    outer loop
      vertex -0.6669752299785614 -12.132511869072914 0
      vertex -0.6669752299785614 -12.132511869072914 2
      vertex -0.33270861208438873 -12.686206944286823 0
    endloop
  endfacet
  facet normal 0.8039685810629275 0.594671775573436 0
    outer loop
      vertex 0.04623749852180481 -13.198524460196495 0
      vertex -0.33270861208438873 -12.686206944286823 0
      vertex -0.33270861208438873 -12.686206944286823 2
    endloop
  endfacet
  facet normal 0.5285628255559494 0.8488941862448529 0
    outer loop
      vertex 2.0093382969498634 -14.83518671989441 0
      vertex 1.4514135196805 -14.487795606255531 0
      vertex 1.4514135196805 -14.487795606255531 2
    endloop
  endfacet
  facet normal 0.6036523177417873 0.7972476900468062 0
    outer loop
      vertex 1.4514135196805 -14.487795606255531 0
      vertex 0.9382725059986115 -14.099260441958904 0
      vertex 0.9382725059986115 -14.099260441958904 2
    endloop
  endfacet
  facet normal 0.8991815806893899 0.4375756905369974 0
    outer loop
      vertex -0.6669752299785614 -12.132511869072914 0
      vertex -0.9565883949398994 -11.537380948662758 0
      vertex -0.9565883949398994 -11.537380948662758 2
    endloop
  endfacet
  facet normal 0.9332817625428518 0.35914502879047083 0
    outer loop
      vertex -0.9565883949398994 -11.537380948662758 0
      vertex -1.2015741914510727 -10.900755748152733 0
      vertex -1.2015741914510727 -10.900755748152733 2
    endloop
  endfacet
  facet normal 0.9590124256731171 0.28336401924832305 0
    outer loop
      vertex -1.2015741914510727 -10.900755748152733 0
      vertex -1.4019586592912674 -10.222577922046185 0
      vertex -1.4019586592912674 -10.222577922046185 2
    endloop
  endfacet
  facet normal 0.9773638756023115 0.21156524919662414 0
    outer loop
      vertex -1.4019586592912674 -10.222577922046185 0
      vertex -1.5577678754925728 -9.502789109945297 0
      vertex -1.5577678754925728 -9.502789109945297 2
    endloop
  endfacet
  facet normal -1 0 0
    outer loop
      vertex 7.170946151018143 -16.119793936610222 0
      vertex 7.170946151018143 -16.119793936610222 2
      vertex 7.170946151018143 -11.160884566605091 0
    endloop
  endfacet
  facet normal 1 0 0
    outer loop
      vertex 8.446546025574207 -16.119793936610222 0
      vertex 8.446546025574207 -11.160884566605091 0
      vertex 8.446546025574207 -11.160884566605091 2
    endloop
  endfacet
  facet normal -0.47512801820358297 -0.879916681463612 0
    outer loop
      vertex 6.065109021961689 -10.826184175908566 0
      vertex 6.065109021961689 -10.826184175908566 2
      vertex 5.882431671023369 -10.727544009685516 0
    endloop
  endfacet
  facet normal -0.5409287861835688 -0.8410683969083436 0
    outer loop
      vertex 5.882431671023369 -10.727544009685516 0
      vertex 5.882431671023369 -10.727544009685516 2
      vertex 5.712524861097336 -10.618269324302673 0
    endloop
  endfacet
  facet normal -0.3485488415113763 -0.9372906193284329 0
    outer loop
      vertex 6.468877263367176 -10.991677165031433 0
      vertex 6.468877263367176 -10.991677165031433 2
      vertex 6.260582387447357 -10.914218865334988 0
    endloop
  endfacet
  facet normal -0.2896042304862624 -0.9571464828773388 0
    outer loop
      vertex 6.468877263367176 -10.991677165031433 0
      vertex 6.6900191977620125 -11.058588176965714 0
      vertex 6.6900191977620125 -11.058588176965714 2
    endloop
  endfacet
  facet normal -0.41064268887086675 -0.9117963490149017 0
    outer loop
      vertex 6.065109021961689 -10.826184175908566 0
      vertex 6.260582387447357 -10.914218865334988 0
      vertex 6.260582387447357 -10.914218865334988 2
    endloop
  endfacet
  facet normal -0.7873991259533322 -0.616443522512751 0
    outer loop
      vertex 5.279172487556934 -10.226347163319588 0
      vertex 5.279172487556934 -10.226347163319588 2
      vertex 5.160092703998089 -10.074243500828743 0
    endloop
  endfacet
  facet normal -0.8371202336738525 -0.5470189342004852 0
    outer loop
      vertex 5.160092703998089 -10.074243500828743 0
      vertex 5.160092703998089 -10.074243500828743 2
      vertex 5.0536559000611305 -9.911359921097755 0
    endloop
  endfacet
  facet normal -0.915253195680095 -0.40287912305972573 0
    outer loop
      vertex 4.95983661711216 -9.737667299807072 0
      vertex 4.95983661711216 -9.737667299807072 2
      vertex 4.878609292209148 -9.553136594593525 0
    endloop
  endfacet
  facet normal -0.8798518795610324 -0.47524800897312386 0
    outer loop
      vertex 4.95983661711216 -9.737667299807072 0
      vertex 5.0536559000611305 -9.911359921097755 0
      vertex 5.0536559000611305 -9.911359921097755 2
    endloop
  endfacet
  facet normal -0.9434488176095823 -0.33151821752519284 0
    outer loop
      vertex 4.878609292209148 -9.553136594593525 0
      vertex 4.878609292209148 -9.553136594593525 2
      vertex 4.809948481619358 -9.357738703489304 0
    endloop
  endfacet
  facet normal -0.9649324441484022 -0.26249833948006335 0
    outer loop
      vertex 4.809948481619358 -9.357738703489304 0
      vertex 4.809948481619358 -9.357738703489304 2
      vertex 4.753828629851341 -9.15144457668066 0
    endloop
  endfacet
  facet normal -0.6707583983246225 -0.7416759205185153 0
    outer loop
      vertex 5.555363066494465 -10.498330987989902 0
      vertex 5.555363066494465 -10.498330987989902 2
      vertex 5.410920761525631 -10.367699958384037 0
    endloop
  endfacet
  facet normal -0.6066703530207376 -0.7949535098140605 0
    outer loop
      vertex 5.712524861097336 -10.618269324302673 0
      vertex 5.712524861097336 -10.618269324302673 2
      vertex 5.555363066494465 -10.498330987989902 0
    endloop
  endfacet
  facet normal -0.7315223393845565 -0.6818174733617098 0
    outer loop
      vertex 5.279172487556934 -10.226347163319588 0
      vertex 5.410920761525631 -10.367699958384037 0
      vertex 5.410920761525631 -10.367699958384037 2
    endloop
  endfacet
  facet normal -0.18277868287214025 -0.9831540841025509 0
    outer loop
      vertex 6.924033649265766 -11.114980936050415 0
      vertex 7.170946151018143 -11.160884566605091 0
      vertex 7.170946151018143 -11.160884566605091 2
    endloop
  endfacet
  facet normal -0.23427352072124114 -0.9721707244557791 0
    outer loop
      vertex 6.6900191977620125 -11.058588176965714 0
      vertex 6.924033649265766 -11.114980936050415 0
      vertex 6.924033649265766 -11.114980936050415 2
    endloop
  endfacet
  facet normal 0.12939457134686358 -0.9915931851853166 0
    outer loop
      vertex 8.446546025574207 -11.160884566605091 0
      vertex 8.713640689849854 -11.126030959188938 0
      vertex 8.713640689849854 -11.126030959188938 2
    endloop
  endfacet
  facet normal 0.1806796131952208 -0.9835420059029637 0
    outer loop
      vertex 8.713640689849854 -11.126030959188938 0
      vertex 8.966798894107342 -11.079525038599968 0
      vertex 8.966798894107342 -11.079525038599968 2
    endloop
  endfacet
  facet normal 0.23632071804583105 -0.9716751093973246 0
    outer loop
      vertex 8.966798894107342 -11.079525038599968 0
      vertex 9.206046491861343 -11.02133772522211 0
      vertex 9.206046491861343 -11.02133772522211 2
    endloop
  endfacet
  facet normal 0.29623508556690353 -0.9551150580318422 0
    outer loop
      vertex 9.206046491861343 -11.02133772522211 0
      vertex 9.431409396231174 -10.951439969241619 0
      vertex 9.431409396231174 -10.951439969241619 2
    endloop
  endfacet
  facet normal 0.3600916445957787 -0.9329169349370325 0
    outer loop
      vertex 9.431409396231174 -10.951439969241619 0
      vertex 9.642913445830345 -10.86980264633894 0
      vertex 9.642913445830345 -10.86980264633894 2
    endloop
  endfacet
  facet normal 0 0 -1
    outer loop
      vertex -5.033012375235558 -15.5 0
      vertex 7.170946151018143 -16.119793936610222 0
      vertex 40.87534376978874 -19.998756729066372 0
    endloop
  endfacet
  facet normal 0 0 -1
    outer loop
      vertex 11.016266234219074 -15.861831687390804 0
      vertex 11.780671663582325 -15.692157328128815 0
      vertex 20.823017075657845 -15.5 0
    endloop
  endfacet
  facet normal 0 0 -1
    outer loop
      vertex 11.780671663582325 -15.692157328128815 0
      vertex 12.498949952423573 -15.480640158057213 0
      vertex 20.823017075657845 -15.5 0
    endloop
  endfacet
  facet normal 0 0 -1
    outer loop
      vertex 12.498949952423573 -15.480640158057213 0
      vertex 13.171075262129307 -15.227280624210835 0
      vertex 20.823017075657845 -15.5 0
    endloop
  endfacet
  facet normal 0 0 -1
    outer loop
      vertex 7.170946151018143 -16.119793936610222 0
      vertex 8.446546025574207 -16.119793936610222 0
      vertex 40.87534376978874 -19.998756729066372 0
    endloop
  endfacet
  facet normal 0 0 -1
    outer loop
      vertex 8.446546025574207 -16.119793936610222 0
      vertex 9.349177546799183 -16.075650416314602 0
      vertex 40.87534376978874 -19.998756729066372 0
    endloop
  endfacet
  facet normal 0 0 -1
    outer loop
      vertex 9.349177546799183 -16.075650416314602 0
      vertex 10.205759570002556 -15.989662863314152 0
      vertex 40.87534376978874 -19.998756729066372 0
    endloop
  endfacet
  facet normal 0 0 -1
    outer loop
      vertex 13.171075262129307 -15.227280624210835 0
      vertex 13.797021687030792 -14.932079136371613 0
      vertex 20.823017075657845 -15.5 0
    endloop
  endfacet
  facet normal 0 0 -1
    outer loop
      vertex 13.797021687030792 -14.932079136371613 0
      vertex 14.376763373613358 -14.595036149024963 0
      vertex 20.823017075657845 -15.5 0
    endloop
  endfacet
  facet normal 0 0 -1
    outer loop
      vertex 20.823017075657845 -15.5 0
      vertex 14.376763373613358 -14.595036149024963 0
      vertex 14.910274423658848 -14.216152027249336 0
    endloop
  endfacet
  facet normal 0 0 -1
    outer loop
      vertex 10.205759570002556 -15.989662863314152 0
      vertex 11.016266234219074 -15.861831687390804 0
      vertex 40.87534376978874 -19.998756729066372 0
    endloop
  endfacet
  facet normal -0.15579186524475813 0.9877899041413408 0
    outer loop
      vertex 10.205759570002556 -15.989662863314152 0
      vertex 10.205759570002556 -15.989662863314152 2
      vertex 11.016266234219074 -15.861831687390804 0
    endloop
  endfacet
  facet normal -0.2166949406773691 0.9762393675143568 0
    outer loop
      vertex 11.016266234219074 -15.861831687390804 0
      vertex 11.016266234219074 -15.861831687390804 2
      vertex 11.780671663582325 -15.692157328128815 0
    endloop
  endfacet
  facet normal -0.2824844827301034 0.9592718681462028 0
    outer loop
      vertex 11.780671663582325 -15.692157328128815 0
      vertex 11.780671663582325 -15.692157328128815 2
      vertex 12.498949952423573 -15.480640158057213 0
    endloop
  endfacet
  facet normal -0.35272495339161375 0.9357270474101324 0
    outer loop
      vertex 12.498949952423573 -15.480640158057213 0
      vertex 12.498949952423573 -15.480640158057213 2
      vertex 13.171075262129307 -15.227280624210835 0
    endloop
  endfacet
  facet normal -0.4265521774282284 0.9044629566384891 0
    outer loop
      vertex 13.171075262129307 -15.227280624210835 0
      vertex 13.171075262129307 -15.227280624210835 2
      vertex 13.797021687030792 -14.932079136371613 0
    endloop
  endfacet
  facet normal -0.5026024774514071 0.8645176398776996 0
    outer loop
      vertex 13.797021687030792 -14.932079136371613 0
      vertex 13.797021687030792 -14.932079136371613 2
      vertex 14.376763373613358 -14.595036149024963 0
    endloop
  endfacet
  facet normal 0 0 -1
    outer loop
      vertex 7.170946151018143 -11.160884566605091 0
      vertex 11.10939197987318 -8.96388566493988 0
      vertex 11.062175571918488 -9.188665680587292 0
    endloop
  endfacet
  facet normal 0 0 -1
    outer loop
      vertex 7.170946151018143 -11.160884566605091 0
      vertex 11.143085949122906 -8.726988099515438 0
      vertex 11.10939197987318 -8.96388566493988 0
    endloop
  endfacet
  facet normal 0 0 -1
    outer loop
      vertex 7.170946151018143 -11.160884566605091 0
      vertex 11.163283348083496 -8.477943867444992 0
      vertex 11.143085949122906 -8.726988099515438 0
    endloop
  endfacet
  facet normal 0 0 -1
    outer loop
      vertex 7.170946151018143 -11.160884566605091 0
      vertex 11.170010060071945 -8.216723896563053 0
      vertex 11.163283348083496 -8.477943867444992 0
    endloop
  endfacet
  facet normal 0 0 -1
    outer loop
      vertex 20.823017075657845 -15.5 0
      vertex 14.910274423658848 -14.216152027249336 0
      vertex 15.39752896875143 -13.795427195727825 0
    endloop
  endfacet
  facet normal 0 0 -1
    outer loop
      vertex 20.823017075657845 -15.5 0
      vertex 15.39752896875143 -13.795427195727825 0
      vertex 15.838501118123531 -13.332862108945847 0
    endloop
  endfacet
  facet normal 0 0 -1
    outer loop
      vertex 20.823017075657845 -15.5 0
      vertex 15.838501118123531 -13.332862108945847 0
      vertex 16.23316503316164 -12.828457184135914 0
    endloop
  endfacet
  facet normal 0 0 -1
    outer loop
      vertex 20.823017075657845 -15.5 0
      vertex 16.23316503316164 -12.828457184135914 0
      vertex 16.58149478584528 -12.282212786376476 0
    endloop
  endfacet
  facet normal 0 0 -1
    outer loop
      vertex 20.823017075657845 -15.5 0
      vertex 16.58149478584528 -12.282212786376476 0
      vertex 16.88346454501152 -11.694129385054111 0
    endloop
  endfacet
  facet normal 0 0 -1
    outer loop
      vertex 20.823017075657845 -15.5 0
      vertex 16.88346454501152 -11.694129385054111 0
      vertex 17.139048412442207 -11.064207389950752 0
    endloop
  endfacet
  facet normal 0 0 -1
    outer loop
      vertex 20.823017075657845 -15.5 0
      vertex 17.139048412442207 -11.064207389950752 0
      vertex 17.348220504820347 -10.39244720339775 0
    endloop
  endfacet
  facet normal 0 0 -1
    outer loop
      vertex 20.823017075657845 -15.5 0
      vertex 17.348220504820347 -10.39244720339775 0
      vertex 17.510954961180687 -9.67884924262762 0
    endloop
  endfacet
  facet normal 0 0 -1
    outer loop
      vertex 20.823017075657845 -15.5 0
      vertex 17.510954961180687 -9.67884924262762 0
      vertex 17.627225890755653 -8.923413962125778 0
    endloop
  endfacet
  facet normal 0 0 -1
    outer loop
      vertex 20.823017075657845 -15.5 0
      vertex 17.627225890755653 -8.923413962125778 0
      vertex 17.697007425129414 -8.126141734421253 0
    endloop
  endfacet
  facet normal 0 0 -1
    outer loop
      vertex 20.823017075657845 -15.5 0
      vertex 17.697007425129414 -8.126141734421253 0
      vertex 17.720273688435555 -7.2870330065488815 0
    endloop
  endfacet
  facet normal -0.579014654717702 0.8153171343852282 0
    outer loop
      vertex 14.376763373613358 -14.595036149024963 0
      vertex 14.376763373613358 -14.595036149024963 2
      vertex 14.910274423658848 -14.216152027249336 0
    endloop
  endfacet
  facet normal -0.6535434273738266 0.7568890199603057 0
    outer loop
      vertex 14.910274423658848 -14.216152027249336 0
      vertex 14.910274423658848 -14.216152027249336 2
      vertex 15.39752896875143 -13.795427195727825 0
    endloop
  endfacet
  facet normal -0.7237987187665641 0.6900111699906606 0
    outer loop
      vertex 15.39752896875143 -13.795427195727825 0
      vertex 15.39752896875143 -13.795427195727825 2
      vertex 15.838501118123531 -13.332862108945847 0
    endloop
  endfacet
  facet normal 0.42723536266141965 -0.9041404453355493 0
    outer loop
      vertex 9.642913445830345 -10.86980264633894 0
      vertex 9.84058453887701 -10.776396714150906 0
      vertex 9.84058453887701 -10.776396714150906 2
    endloop
  endfacet
  facet normal 0.49663162633855185 -0.8679614206405288 0
    outer loop
      vertex 9.84058453887701 -10.776396714150906 0
      vertex 10.024448566138744 -10.671193085610867 0
      vertex 10.024448566138744 -10.671193085610867 2
    endloop
  endfacet
  facet normal 0.566852797496164 -0.8238190978429505 0
    outer loop
      vertex 10.024448566138744 -10.671193085610867 0
      vertex 10.194531358778477 -10.55416265130043 0
      vertex 10.194531358778477 -10.55416265130043 2
    endloop
  endfacet
  facet normal 0.636136522776428 -0.7715765188171004 0
    outer loop
      vertex 10.194531358778477 -10.55416265130043 0
      vertex 10.350858844816685 -10.42527637630701 0
      vertex 10.350858844816685 -10.42527637630701 2
    endloop
  endfacet
  facet normal 0.7025337049137642 -0.7116504714114508 0
    outer loop
      vertex 10.350858844816685 -10.42527637630701 0
      vertex 10.493456855416298 -10.284505151212215 0
      vertex 10.493456855416298 -10.284505151212215 2
    endloop
  endfacet
  facet normal 0.7641279267590957 -0.645064734384733 0
    outer loop
      vertex 10.493456855416298 -10.284505151212215 0
      vertex 10.622351318597794 -10.131819918751717 0
      vertex 10.622351318597794 -10.131819918751717 2
    endloop
  endfacet
  facet normal 0.8192859587787061 -0.5733851391063919 0
    outer loop
      vertex 10.622351318597794 -10.131819918751717 0
      vertex 10.73756804317236 -9.967191576957703 0
      vertex 10.73756804317236 -9.967191576957703 2
    endloop
  endfacet
  facet normal 0.8668646570110565 -0.4985435451644151 0
    outer loop
      vertex 10.73756804317236 -9.967191576957703 0
      vertex 10.839132972061634 -9.790591061115265 0
      vertex 10.839132972061634 -9.790591061115265 2
    endloop
  endfacet
  facet normal 0.906321536231666 -0.42258877524453126 0
    outer loop
      vertex 10.839132972061634 -9.790591061115265 0
      vertex 10.927071951329708 -9.601989291608334 0
      vertex 10.927071951329708 -9.601989291608334 2
    endloop
  endfacet
  facet normal 0.9377019869012706 -0.3474406190436133 0
    outer loop
      vertex 10.927071951329708 -9.601989291608334 0
      vertex 11.001410856842995 -9.40135719627142 0
      vertex 11.001410856842995 -9.40135719627142 2
    endloop
  endfacet
  facet normal 0.961529069732778 -0.2747031999428085 0
    outer loop
      vertex 11.001410856842995 -9.40135719627142 0
      vertex 11.062175571918488 -9.188665680587292 0
      vertex 11.062175571918488 -9.188665680587292 2
    endloop
  endfacet
  facet normal -0.7875715060579742 0.6162232735344993 0
    outer loop
      vertex 15.838501118123531 -13.332862108945847 0
      vertex 15.838501118123531 -13.332862108945847 2
      vertex 16.23316503316164 -12.828457184135914 0
    endloop
  endfacet
  facet normal -0.8431579596423973 0.5376659326121283 0
    outer loop
      vertex 16.23316503316164 -12.828457184135914 0
      vertex 16.23316503316164 -12.828457184135914 2
      vertex 16.58149478584528 -12.282212786376476 0
    endloop
  endfacet
  facet normal -0.889578705827084 0.45678192405020834 0
    outer loop
      vertex 16.58149478584528 -12.282212786376476 0
      vertex 16.58149478584528 -12.282212786376476 2
      vertex 16.88346454501152 -11.694129385054111 0
    endloop
  endfacet
  facet normal -0.9266316279624479 0.3759705122209233 0
    outer loop
      vertex 16.88346454501152 -11.694129385054111 0
      vertex 16.88346454501152 -11.694129385054111 2
      vertex 17.139048412442207 -11.064207389950752 0
    endloop
  endfacet
  facet normal -0.9547841642650093 0.29729984808063337 0
    outer loop
      vertex 17.139048412442207 -11.064207389950752 0
      vertex 17.139048412442207 -11.064207389950752 2
      vertex 17.348220504820347 -10.39244720339775 0
    endloop
  endfacet
  facet normal -0.9749692793802673 0.22233961469950098 0
    outer loop
      vertex 17.348220504820347 -10.39244720339775 0
      vertex 17.348220504820347 -10.39244720339775 2
      vertex 17.510954961180687 -9.67884924262762 0
    endloop
  endfacet
  facet normal -0.9883618411188069 0.15212123790004625 0
    outer loop
      vertex 17.510954961180687 -9.67884924262762 0
      vertex 17.510954961180687 -9.67884924262762 2
      vertex 17.627225890755653 -8.923413962125778 0
    endloop
  endfacet
  facet normal 0.5285628255559494 0.8488941862448529 0
    outer loop
      vertex 2.0093382969498634 -14.83518671989441 0
      vertex 1.4514135196805 -14.487795606255531 2
      vertex 2.0093382969498634 -14.83518671989441 2
    endloop
  endfacet
  facet normal 0.3790770584918908 0.9253651083356966 0
    outer loop
      vertex 3.2596433460712433 -15.406770274043083 0
      vertex 2.6120728850364685 -15.141492165625095 2
      vertex 3.2596433460712433 -15.406770274043083 2
    endloop
  endfacet
  facet normal 0.3081771139322846 0.9513290001089885 0
    outer loop
      vertex 3.9520757645368576 -15.631079450249672 0
      vertex 3.2596433460712433 -15.406770274043083 2
      vertex 3.9520757645368576 -15.631079450249672 2
    endloop
  endfacet
  facet normal 0.4530471494979435 0.8914865564503975 0
    outer loop
      vertex 2.6120728850364685 -15.141492165625095 0
      vertex 2.0093382969498634 -14.83518671989441 2
      vertex 2.6120728850364685 -15.141492165625095 2
    endloop
  endfacet
  facet normal 0.12209185947572286 0.9925188047839498 0
    outer loop
      vertex 6.298805318772793 -16.058776900172234 0
      vertex 5.471630685031414 -15.95702438056469 2
      vertex 6.298805318772793 -16.058776900172234 2
    endloop
  endfacet
  facet normal 0.24138152429210405 0.9704302961730021 0
    outer loop
      vertex 4.689396180212498 -15.814478017389774 0
      vertex 3.9520757645368576 -15.631079450249672 2
      vertex 4.689396180212498 -15.814478017389774 2
    endloop
  endfacet
  facet normal 0.179277324687304 0.9837985773790097 0
    outer loop
      vertex 5.471630685031414 -15.95702438056469 0
      vertex 4.689396180212498 -15.814478017389774 2
      vertex 5.471630685031414 -15.95702438056469 2
    endloop
  endfacet
  facet normal 0.0697917688526888 0.9975615815579572 0
    outer loop
      vertex 7.170946151018143 -16.119793936610222 0
      vertex 6.298805318772793 -16.058776900172234 2
      vertex 7.170946151018143 -16.119793936610222 2
    endloop
  endfacet
  facet normal -0.04884698127478289 0.9988062737189536 0
    outer loop
      vertex 9.349177546799183 -16.075650416314602 0
      vertex 8.446546025574207 -16.119793936610222 2
      vertex 9.349177546799183 -16.075650416314602 2
    endloop
  endfacet
  facet normal 0.6760547254782142 0.7368514152517971 0
    outer loop
      vertex 0.9382725059986115 -14.099260441958904 0
      vertex 0.46988919377326965 -13.669522851705551 2
      vertex 0.9382725059986115 -14.099260441958904 2
    endloop
  endfacet
  facet normal 0.7434878750285481 0.6687494147179002 0
    outer loop
      vertex 0.46988919377326965 -13.669522851705551 0
      vertex 0.04623749852180481 -13.198524460196495 2
      vertex 0.46988919377326965 -13.669522851705551 2
    endloop
  endfacet
  facet normal 0.8039685810629275 0.594671775573436 0
    outer loop
      vertex 0.04623749852180481 -13.198524460196495 0
      vertex -0.33270861208438873 -12.686206944286823 2
      vertex 0.04623749852180481 -13.198524460196495 2
    endloop
  endfacet
  facet normal 0.8560917014866553 0.5168239532429624 0
    outer loop
      vertex -0.33270861208438873 -12.686206944286823 0
      vertex -0.6669752299785614 -12.132511869072914 2
      vertex -0.33270861208438873 -12.686206944286823 2
    endloop
  endfacet
  facet normal 0.6036523177417873 0.7972476900468062 0
    outer loop
      vertex 1.4514135196805 -14.487795606255531 0
      vertex 0.9382725059986115 -14.099260441958904 2
      vertex 1.4514135196805 -14.487795606255531 2
    endloop
  endfacet
  facet normal 0.8991815806893899 0.4375756905369974 0
    outer loop
      vertex -0.6669752299785614 -12.132511869072914 0
      vertex -0.9565883949398994 -11.537380948662758 2
      vertex -0.6669752299785614 -12.132511869072914 2
    endloop
  endfacet
  facet normal 0.9332817625428518 0.35914502879047083 0
    outer loop
      vertex -0.9565883949398994 -11.537380948662758 0
      vertex -1.2015741914510727 -10.900755748152733 2
      vertex -0.9565883949398994 -11.537380948662758 2
    endloop
  endfacet
  facet normal 0.9590124256731171 0.28336401924832305 0
    outer loop
      vertex -1.2015741914510727 -10.900755748152733 0
      vertex -1.4019586592912674 -10.222577922046185 2
      vertex -1.2015741914510727 -10.900755748152733 2
    endloop
  endfacet
  facet normal 0.9773638756023115 0.21156524919662414 0
    outer loop
      vertex -1.4019586592912674 -10.222577922046185 0
      vertex -1.5577678754925728 -9.502789109945297 2
      vertex -1.4019586592912674 -10.222577922046185 2
    endloop
  endfacet
  facet normal 1 0 0
    outer loop
      vertex 8.446546025574207 -16.119793936610222 0
      vertex 8.446546025574207 -11.160884566605091 2
      vertex 8.446546025574207 -16.119793936610222 2
    endloop
  endfacet
  facet normal -1 0 0
    outer loop
      vertex 7.170946151018143 -11.160884566605091 0
      vertex 7.170946151018143 -16.119793936610222 2
      vertex 7.170946151018143 -11.160884566605091 2
    endloop
  endfacet
  facet normal -0.5409287861835688 -0.8410683969083436 0
    outer loop
      vertex 5.712524861097336 -10.618269324302673 0
      vertex 5.882431671023369 -10.727544009685516 2
      vertex 5.712524861097336 -10.618269324302673 2
    endloop
  endfacet
  facet normal -0.47512801820358297 -0.879916681463612 0
    outer loop
      vertex 5.882431671023369 -10.727544009685516 0
      vertex 6.065109021961689 -10.826184175908566 2
      vertex 5.882431671023369 -10.727544009685516 2
    endloop
  endfacet
  facet normal -0.3485488415113763 -0.9372906193284329 0
    outer loop
      vertex 6.260582387447357 -10.914218865334988 0
      vertex 6.468877263367176 -10.991677165031433 2
      vertex 6.260582387447357 -10.914218865334988 2
    endloop
  endfacet
  facet normal -0.2896042304862624 -0.9571464828773388 0
    outer loop
      vertex 6.468877263367176 -10.991677165031433 0
      vertex 6.6900191977620125 -11.058588176965714 2
      vertex 6.468877263367176 -10.991677165031433 2
    endloop
  endfacet
  facet normal -0.23427352072124114 -0.9721707244557791 0
    outer loop
      vertex 6.6900191977620125 -11.058588176965714 0
      vertex 6.924033649265766 -11.114980936050415 2
      vertex 6.6900191977620125 -11.058588176965714 2
    endloop
  endfacet
  facet normal -0.41064268887086675 -0.9117963490149017 0
    outer loop
      vertex 6.065109021961689 -10.826184175908566 0
      vertex 6.260582387447357 -10.914218865334988 2
      vertex 6.065109021961689 -10.826184175908566 2
    endloop
  endfacet
  facet normal -0.7315223393845565 -0.6818174733617098 0
    outer loop
      vertex 5.279172487556934 -10.226347163319588 0
      vertex 5.410920761525631 -10.367699958384037 2
      vertex 5.279172487556934 -10.226347163319588 2
    endloop
  endfacet
  facet normal -0.7873991259533322 -0.616443522512751 0
    outer loop
      vertex 5.160092703998089 -10.074243500828743 0
      vertex 5.279172487556934 -10.226347163319588 2
      vertex 5.160092703998089 -10.074243500828743 2
    endloop
  endfacet
  facet normal -0.8371202336738525 -0.5470189342004852 0
    outer loop
      vertex 5.0536559000611305 -9.911359921097755 0
      vertex 5.160092703998089 -10.074243500828743 2
      vertex 5.0536559000611305 -9.911359921097755 2
    endloop
  endfacet
  facet normal -0.915253195680095 -0.40287912305972573 0
    outer loop
      vertex 4.878609292209148 -9.553136594593525 0
      vertex 4.95983661711216 -9.737667299807072 2
      vertex 4.878609292209148 -9.553136594593525 2
    endloop
  endfacet
  facet normal -0.8798518795610324 -0.47524800897312386 0
    outer loop
      vertex 4.95983661711216 -9.737667299807072 0
      vertex 5.0536559000611305 -9.911359921097755 2
      vertex 4.95983661711216 -9.737667299807072 2
    endloop
  endfacet
  facet normal -0.9434488176095823 -0.33151821752519284 0
    outer loop
      vertex 4.809948481619358 -9.357738703489304 0
      vertex 4.878609292209148 -9.553136594593525 2
      vertex 4.809948481619358 -9.357738703489304 2
    endloop
  endfacet
  facet normal -0.6066703530207376 -0.7949535098140605 0
    outer loop
      vertex 5.555363066494465 -10.498330987989902 0
      vertex 5.712524861097336 -10.618269324302673 2
      vertex 5.555363066494465 -10.498330987989902 2
    endloop
  endfacet
  facet normal -0.6707583983246225 -0.7416759205185153 0
    outer loop
      vertex 5.410920761525631 -10.367699958384037 0
      vertex 5.555363066494465 -10.498330987989902 2
      vertex 5.410920761525631 -10.367699958384037 2
    endloop
  endfacet
  facet normal -0.18277868287214025 -0.9831540841025509 0
    outer loop
      vertex 6.924033649265766 -11.114980936050415 0
      vertex 7.170946151018143 -11.160884566605091 2
      vertex 6.924033649265766 -11.114980936050415 2
    endloop
  endfacet
  facet normal 0.12939457134686358 -0.9915931851853166 0
    outer loop
      vertex 8.446546025574207 -11.160884566605091 0
      vertex 8.713640689849854 -11.126030959188938 2
      vertex 8.446546025574207 -11.160884566605091 2
    endloop
  endfacet
  facet normal 0.1806796131952208 -0.9835420059029637 0
    outer loop
      vertex 8.713640689849854 -11.126030959188938 0
      vertex 8.966798894107342 -11.079525038599968 2
      vertex 8.713640689849854 -11.126030959188938 2
    endloop
  endfacet
  facet normal 0.23632071804583105 -0.9716751093973246 0
    outer loop
      vertex 8.966798894107342 -11.079525038599968 0
      vertex 9.206046491861343 -11.02133772522211 2
      vertex 8.966798894107342 -11.079525038599968 2
    endloop
  endfacet
  facet normal 0.29623508556690353 -0.9551150580318422 0
    outer loop
      vertex 9.206046491861343 -11.02133772522211 0
      vertex 9.431409396231174 -10.951439969241619 2
      vertex 9.206046491861343 -11.02133772522211 2
    endloop
  endfacet
  facet normal 0.3600916445957787 -0.9329169349370325 0
    outer loop
      vertex 9.431409396231174 -10.951439969241619 0
      vertex 9.642913445830345 -10.86980264633894 2
      vertex 9.431409396231174 -10.951439969241619 2
    endloop
  endfacet
  facet normal 0.42723536266141965 -0.9041404453355493 0
    outer loop
      vertex 9.642913445830345 -10.86980264633894 0
      vertex 9.84058453887701 -10.776396714150906 2
      vertex 9.642913445830345 -10.86980264633894 2
    endloop
  endfacet
  facet normal 0 -1 0
    outer loop
      vertex -41.02491416037083 -19.998756729066372 2
      vertex 40.87534376978874 -19.998756729066372 0
      vertex 40.87534376978874 -19.998756729066372 2
    endloop
  endfacet
  facet normal -0.09988249525147204 0.9949992397697295 0
    outer loop
      vertex 10.205759570002556 -15.989662863314152 0
      vertex 9.349177546799183 -16.075650416314602 2
      vertex 10.205759570002556 -15.989662863314152 2
    endloop
  endfacet
  facet normal -0.15579186524475813 0.9877899041413408 0
    outer loop
      vertex 11.016266234219074 -15.861831687390804 0
      vertex 10.205759570002556 -15.989662863314152 2
      vertex 11.016266234219074 -15.861831687390804 2
    endloop
  endfacet
  facet normal -0.2166949406773691 0.9762393675143568 0
    outer loop
      vertex 11.780671663582325 -15.692157328128815 0
      vertex 11.016266234219074 -15.861831687390804 2
      vertex 11.780671663582325 -15.692157328128815 2
    endloop
  endfacet
  facet normal -0.2824844827301034 0.9592718681462028 0
    outer loop
      vertex 12.498949952423573 -15.480640158057213 0
      vertex 11.780671663582325 -15.692157328128815 2
      vertex 12.498949952423573 -15.480640158057213 2
    endloop
  endfacet
  facet normal -0.35272495339161375 0.9357270474101324 0
    outer loop
      vertex 13.171075262129307 -15.227280624210835 0
      vertex 12.498949952423573 -15.480640158057213 2
      vertex 13.171075262129307 -15.227280624210835 2
    endloop
  endfacet
  facet normal -0.4265521774282284 0.9044629566384891 0
    outer loop
      vertex 13.797021687030792 -14.932079136371613 0
      vertex 13.171075262129307 -15.227280624210835 2
      vertex 13.797021687030792 -14.932079136371613 2
    endloop
  endfacet
  facet normal -0.5026024774514071 0.8645176398776996 0
    outer loop
      vertex 14.376763373613358 -14.595036149024963 0
      vertex 13.797021687030792 -14.932079136371613 2
      vertex 14.376763373613358 -14.595036149024963 2
    endloop
  endfacet
  facet normal -0.579014654717702 0.8153171343852282 0
    outer loop
      vertex 14.910274423658848 -14.216152027249336 0
      vertex 14.376763373613358 -14.595036149024963 2
      vertex 14.910274423658848 -14.216152027249336 2
    endloop
  endfacet
  facet normal -0.6535434273738266 0.7568890199603057 0
    outer loop
      vertex 15.39752896875143 -13.795427195727825 0
      vertex 14.910274423658848 -14.216152027249336 2
      vertex 15.39752896875143 -13.795427195727825 2
    endloop
  endfacet
  facet normal 0.49663162633855185 -0.8679614206405288 0
    outer loop
      vertex 9.84058453887701 -10.776396714150906 0
      vertex 10.024448566138744 -10.671193085610867 2
      vertex 9.84058453887701 -10.776396714150906 2
    endloop
  endfacet
  facet normal 0.566852797496164 -0.8238190978429505 0
    outer loop
      vertex 10.024448566138744 -10.671193085610867 0
      vertex 10.194531358778477 -10.55416265130043 2
      vertex 10.024448566138744 -10.671193085610867 2
    endloop
  endfacet
  facet normal 0.636136522776428 -0.7715765188171004 0
    outer loop
      vertex 10.194531358778477 -10.55416265130043 0
      vertex 10.350858844816685 -10.42527637630701 2
      vertex 10.194531358778477 -10.55416265130043 2
    endloop
  endfacet
  facet normal 0.7025337049137642 -0.7116504714114508 0
    outer loop
      vertex 10.350858844816685 -10.42527637630701 0
      vertex 10.493456855416298 -10.284505151212215 2
      vertex 10.350858844816685 -10.42527637630701 2
    endloop
  endfacet
  facet normal 0.7641279267590957 -0.645064734384733 0
    outer loop
      vertex 10.493456855416298 -10.284505151212215 0
      vertex 10.622351318597794 -10.131819918751717 2
      vertex 10.493456855416298 -10.284505151212215 2
    endloop
  endfacet
  facet normal 0.8192859587787061 -0.5733851391063919 0
    outer loop
      vertex 10.622351318597794 -10.131819918751717 0
      vertex 10.73756804317236 -9.967191576957703 2
      vertex 10.622351318597794 -10.131819918751717 2
    endloop
  endfacet
  facet normal 0.8668646570110565 -0.4985435451644151 0
    outer loop
      vertex 10.73756804317236 -9.967191576957703 0
      vertex 10.839132972061634 -9.790591061115265 2
      vertex 10.73756804317236 -9.967191576957703 2
    endloop
  endfacet
  facet normal 0.906321536231666 -0.42258877524453126 0
    outer loop
      vertex 10.839132972061634 -9.790591061115265 0
      vertex 10.927071951329708 -9.601989291608334 2
      vertex 10.839132972061634 -9.790591061115265 2
    endloop
  endfacet
  facet normal 0.9377019869012706 -0.3474406190436133 0
    outer loop
      vertex 10.927071951329708 -9.601989291608334 0
      vertex 11.001410856842995 -9.40135719627142 2
      vertex 10.927071951329708 -9.601989291608334 2
    endloop
  endfacet
  facet normal 0.961529069732778 -0.2747031999428085 0
    outer loop
      vertex 11.001410856842995 -9.40135719627142 0
      vertex 11.062175571918488 -9.188665680587292 2
      vertex 11.001410856842995 -9.40135719627142 2
    endloop
  endfacet
  facet normal -0.7237987187665641 0.6900111699906606 0
    outer loop
      vertex 15.838501118123531 -13.332862108945847 0
      vertex 15.39752896875143 -13.795427195727825 2
      vertex 15.838501118123531 -13.332862108945847 2
    endloop
  endfacet
  facet normal -0.7875715060579742 0.6162232735344993 0
    outer loop
      vertex 16.23316503316164 -12.828457184135914 0
      vertex 15.838501118123531 -13.332862108945847 2
      vertex 16.23316503316164 -12.828457184135914 2
    endloop
  endfacet
  facet normal -0.8431579596423973 0.5376659326121283 0
    outer loop
      vertex 16.58149478584528 -12.282212786376476 0
      vertex 16.23316503316164 -12.828457184135914 2
      vertex 16.58149478584528 -12.282212786376476 2
    endloop
  endfacet
  facet normal -0.889578705827084 0.45678192405020834 0
    outer loop
      vertex 16.88346454501152 -11.694129385054111 0
      vertex 16.58149478584528 -12.282212786376476 2
      vertex 16.88346454501152 -11.694129385054111 2
    endloop
  endfacet
  facet normal -0.9266316279624479 0.3759705122209233 0
    outer loop
      vertex 17.139048412442207 -11.064207389950752 0
      vertex 16.88346454501152 -11.694129385054111 2
      vertex 17.139048412442207 -11.064207389950752 2
    endloop
  endfacet
  facet normal -0.9547841642650093 0.29729984808063337 0
    outer loop
      vertex 17.348220504820347 -10.39244720339775 0
      vertex 17.139048412442207 -11.064207389950752 2
      vertex 17.348220504820347 -10.39244720339775 2
    endloop
  endfacet
  facet normal -0.9749692793802673 0.22233961469950098 0
    outer loop
      vertex 17.510954961180687 -9.67884924262762 0
      vertex 17.348220504820347 -10.39244720339775 2
      vertex 17.510954961180687 -9.67884924262762 2
    endloop
  endfacet
  facet normal 0 0 -1
    outer loop
      vertex 4.95983661711216 -9.737667299807072 0
      vertex 4.878609292209148 -9.553136594593525 0
      vertex 11.170010060071945 -8.216723896563053 0
    endloop
  endfacet
  facet normal 0 0 -1
    outer loop
      vertex 4.878609292209148 -9.553136594593525 0
      vertex 4.809948481619358 -9.357738703489304 0
      vertex 11.170010060071945 -8.216723896563053 0
    endloop
  endfacet
  facet normal 0 0 -1
    outer loop
      vertex 4.809948481619358 -9.357738703489304 0
      vertex 4.753828629851341 -9.15144457668066 0
      vertex 11.170010060071945 -8.216723896563053 0
    endloop
  endfacet
  facet normal 0 0 -1
    outer loop
      vertex 4.753828629851341 -9.15144457668066 0
      vertex 4.710224263370037 -8.934225097298622 0
      vertex 11.170010060071945 -8.216723896563053 0
    endloop
  endfacet
  facet normal 0 0 -1
    outer loop
      vertex 4.710224263370037 -8.934225097298622 0
      vertex 4.679109841585159 -8.706051208078861 0
      vertex 11.170010060071945 -8.216723896563053 0
    endloop
  endfacet
  facet normal 0 0 -1
    outer loop
      vertex 4.679109841585159 -8.706051208078861 0
      vertex 4.660459905862808 -8.466893844306469 0
      vertex 11.170010060071945 -8.216723896563053 0
    endloop
  endfacet
  facet normal 0 0 -1
    outer loop
      vertex 4.660459905862808 -8.466893844306469 0
      vertex 4.654248937964439 -8.216723896563053 0
      vertex 11.170010060071945 -8.216723896563053 0
    endloop
  endfacet
  facet normal 0 0 -1
    outer loop
      vertex 4.654248937964439 -8.216723896563053 0
      vertex 11.170010060071945 -3.9939244389533997 0
      vertex 11.170010060071945 -8.216723896563053 0
    endloop
  endfacet
  facet normal 0.9894932230027129 0.14457925726639925 0
    outer loop
      vertex -1.5577678754925728 -9.502789109945297 0
      vertex -1.669027917087078 -8.741330936551094 0
      vertex -1.669027917087078 -8.741330936551094 2
    endloop
  endfacet
  facet normal 0.9965657768635368 0.0828049055574336 0
    outer loop
      vertex -1.669027917087078 -8.741330936551094 0
      vertex -1.7357648387551308 -7.938145041465759 0
      vertex -1.7357648387551308 -7.938145041465759 2
    endloop
  endfacet
  facet normal 0.9996538033089881 0.026311091385092508 0
    outer loop
      vertex -1.7357648387551308 -7.938145041465759 0
      vertex -1.7580046728253365 -7.093173071742058 0
      vertex -1.7580046728253365 -7.093173071742058 2
    endloop
  endfacet
  facet normal -0.980441139987156 -0.19681252760097864 0
    outer loop
      vertex 4.753828629851341 -9.15144457668066 0
      vertex 4.753828629851341 -9.15144457668066 2
      vertex 4.710224263370037 -8.934225097298622 0
    endloop
  endfacet
  facet normal -0.9908302840052338 -0.13511235435039926 0
    outer loop
      vertex 4.710224263370037 -8.934225097298622 0
      vertex 4.710224263370037 -8.934225097298622 2
      vertex 4.679109841585159 -8.706051208078861 0
    endloop
  endfacet
  facet normal -0.9969732126975835 -0.07774582409016403 0
    outer loop
      vertex 4.679109841585159 -8.706051208078861 0
      vertex 4.679109841585159 -8.706051208078861 2
      vertex 4.660459905862808 -8.466893844306469 0
    endloop
  endfacet
  facet normal -0.9996919525721794 -0.024819346534987158 0
    outer loop
      vertex 4.660459905862808 -8.466893844306469 0
      vertex 4.660459905862808 -8.466893844306469 2
      vertex 4.654248937964439 -8.216723896563053 0
    endloop
  endfacet
  facet normal 0 0 -1
    outer loop
      vertex 4.654248937964439 -8.216723896563053 0
      vertex 11.170010060071945 4.490446470677853 0
      vertex 11.170010060071945 -3.9939244389533997 0
    endloop
  endfacet
  facet normal 0 0 -1
    outer loop
      vertex 4.654248937964439 -8.216723896563053 0
      vertex 11.170010060071945 7.744504116475582 0
      vertex 11.170010060071945 4.490446470677853 0
    endloop
  endfacet
  facet normal -1 0 0
    outer loop
      vertex 4.654248937964439 -8.216723896563053 0
      vertex 4.654248937964439 -8.216723896563053 2
      vertex 4.654248937964439 7.744504116475582 0
    endloop
  endfacet
  facet normal 0 0 -1
    outer loop
      vertex 20.823017075657845 -15.5 0
      vertex 17.720273688435555 -7.2870330065488815 0
      vertex 17.720273688435555 -3.9939244389533997 0
    endloop
  endfacet
  facet normal 0 0 -1
    outer loop
      vertex 20.823017075657845 -15.5 0
      vertex 17.720273688435555 -3.9939244389533997 0
      vertex 17.720273688435555 4.490446470677853 0
    endloop
  endfacet
  facet normal 0.9786424575819125 -0.20556979403121112 0
    outer loop
      vertex 11.062175571918488 -9.188665680587292 0
      vertex 11.10939197987318 -8.96388566493988 0
      vertex 11.10939197987318 -8.96388566493988 2
    endloop
  endfacet
  facet normal 0.9900362152252382 -0.14081297007905783 0
    outer loop
      vertex 11.10939197987318 -8.96388566493988 0
      vertex 11.143085949122906 -8.726988099515438 0
      vertex 11.143085949122906 -8.726988099515438 2
    endloop
  endfacet
  facet normal 0.9967275574381694 -0.08083425167180344 0
    outer loop
      vertex 11.143085949122906 -8.726988099515438 0
      vertex 11.163283348083496 -8.477943867444992 0
      vertex 11.163283348083496 -8.477943867444992 2
    endloop
  endfacet
  facet normal 0.9996686042071058 -0.025742605979522572 0
    outer loop
      vertex 11.163283348083496 -8.477943867444992 0
      vertex 11.170010060071945 -8.216723896563053 0
      vertex 11.170010060071945 -8.216723896563053 2
    endloop
  endfacet
  facet normal 1 0 0
    outer loop
      vertex 11.170010060071945 -8.216723896563053 0
      vertex 11.170010060071945 -3.9939244389533997 0
      vertex 11.170010060071945 -3.9939244389533997 2
    endloop
  endfacet
  facet normal 0 -1 0
    outer loop
      vertex 11.170010060071945 -3.9939244389533997 0
      vertex 17.720273688435555 -3.9939244389533997 0
      vertex 17.720273688435555 -3.9939244389533997 2
    endloop
  endfacet
  facet normal -0.99619152390228 0.08719201629308301 0
    outer loop
      vertex 17.627225890755653 -8.923413962125778 0
      vertex 17.627225890755653 -8.923413962125778 2
      vertex 17.697007425129414 -8.126141734421253 0
    endloop
  endfacet
  facet normal -0.9996158184741611 0.02771669995207202 0
    outer loop
      vertex 17.697007425129414 -8.126141734421253 0
      vertex 17.697007425129414 -8.126141734421253 2
      vertex 17.720273688435555 -7.2870330065488815 0
    endloop
  endfacet
  facet normal -1 0 0
    outer loop
      vertex 17.720273688435555 -7.2870330065488815 0
      vertex 17.720273688435555 -7.2870330065488815 2
      vertex 17.720273688435555 -3.9939244389533997 0
    endloop
  endfacet
  facet normal 0 0 -1
    outer loop
      vertex 11.170010060071945 -3.9939244389533997 0
      vertex 17.720273688435555 4.490446470677853 0
      vertex 17.720273688435555 -3.9939244389533997 0
    endloop
  endfacet
  facet normal 0 0 -1
    outer loop
      vertex 20.823017075657845 -15.5 0
      vertex 17.720273688435555 4.490446470677853 0
      vertex 20.823017075657845 15.182868152856827 0
    endloop
  endfacet
  facet normal 0.9894932230027129 0.14457925726639925 0
    outer loop
      vertex -1.5577678754925728 -9.502789109945297 0
      vertex -1.669027917087078 -8.741330936551094 2
      vertex -1.5577678754925728 -9.502789109945297 2
    endloop
  endfacet
  facet normal 0.9965657768635368 0.0828049055574336 0
    outer loop
      vertex -1.669027917087078 -8.741330936551094 0
      vertex -1.7357648387551308 -7.938145041465759 2
      vertex -1.669027917087078 -8.741330936551094 2
    endloop
  endfacet
  facet normal 0.9996538033089881 0.026311091385092508 0
    outer loop
      vertex -1.7357648387551308 -7.938145041465759 0
      vertex -1.7580046728253365 -7.093173071742058 2
      vertex -1.7357648387551308 -7.938145041465759 2
    endloop
  endfacet
  facet normal -0.9649324441484022 -0.26249833948006335 0
    outer loop
      vertex 4.753828629851341 -9.15144457668066 0
      vertex 4.809948481619358 -9.357738703489304 2
      vertex 4.753828629851341 -9.15144457668066 2
    endloop
  endfacet
  facet normal -0.980441139987156 -0.19681252760097864 0
    outer loop
      vertex 4.710224263370037 -8.934225097298622 0
      vertex 4.753828629851341 -9.15144457668066 2
      vertex 4.710224263370037 -8.934225097298622 2
    endloop
  endfacet
  facet normal -0.9908302840052338 -0.13511235435039926 0
    outer loop
      vertex 4.679109841585159 -8.706051208078861 0
      vertex 4.710224263370037 -8.934225097298622 2
      vertex 4.679109841585159 -8.706051208078861 2
    endloop
  endfacet
  facet normal -0.9969732126975835 -0.07774582409016403 0
    outer loop
      vertex 4.660459905862808 -8.466893844306469 0
      vertex 4.679109841585159 -8.706051208078861 2
      vertex 4.660459905862808 -8.466893844306469 2
    endloop
  endfacet
  facet normal -0.9996919525721794 -0.024819346534987158 0
    outer loop
      vertex 4.654248937964439 -8.216723896563053 0
      vertex 4.660459905862808 -8.466893844306469 2
      vertex 4.654248937964439 -8.216723896563053 2
    endloop
  endfacet
  facet normal 1 0 0
    outer loop
      vertex -1.7580046728253365 -7.093173071742058 0
      vertex -1.7580046728253365 7.473379135131836 2
      vertex -1.7580046728253365 -7.093173071742058 2
    endloop
  endfacet
  facet normal 0.9786424575819125 -0.20556979403121112 0
    outer loop
      vertex 11.062175571918488 -9.188665680587292 0
      vertex 11.10939197987318 -8.96388566493988 2
      vertex 11.062175571918488 -9.188665680587292 2
    endloop
  endfacet
  facet normal 0.9900362152252382 -0.14081297007905783 0
    outer loop
      vertex 11.10939197987318 -8.96388566493988 0
      vertex 11.143085949122906 -8.726988099515438 2
      vertex 11.10939197987318 -8.96388566493988 2
    endloop
  endfacet
  facet normal 0.9967275574381694 -0.08083425167180344 0
    outer loop
      vertex 11.143085949122906 -8.726988099515438 0
      vertex 11.163283348083496 -8.477943867444992 2
      vertex 11.143085949122906 -8.726988099515438 2
    endloop
  endfacet
  facet normal 0.9996686042071058 -0.025742605979522572 0
    outer loop
      vertex 11.163283348083496 -8.477943867444992 0
      vertex 11.170010060071945 -8.216723896563053 2
      vertex 11.163283348083496 -8.477943867444992 2
    endloop
  endfacet
  facet normal 1 0 0
    outer loop
      vertex 11.170010060071945 -8.216723896563053 0
      vertex 11.170010060071945 -3.9939244389533997 2
      vertex 11.170010060071945 -8.216723896563053 2
    endloop
  endfacet
  facet normal 0 -1 0
    outer loop
      vertex 11.170010060071945 -3.9939244389533997 0
      vertex 17.720273688435555 -3.9939244389533997 2
      vertex 11.170010060071945 -3.9939244389533997 2
    endloop
  endfacet
  facet normal -0.9883618411188069 0.15212123790004625 0
    outer loop
      vertex 17.627225890755653 -8.923413962125778 0
      vertex 17.510954961180687 -9.67884924262762 2
      vertex 17.627225890755653 -8.923413962125778 2
    endloop
  endfacet
  facet normal -0.99619152390228 0.08719201629308301 0
    outer loop
      vertex 17.697007425129414 -8.126141734421253 0
      vertex 17.627225890755653 -8.923413962125778 2
      vertex 17.697007425129414 -8.126141734421253 2
    endloop
  endfacet
  facet normal -0.9996158184741611 0.02771669995207202 0
    outer loop
      vertex 17.720273688435555 -7.2870330065488815 0
      vertex 17.697007425129414 -8.126141734421253 2
      vertex 17.720273688435555 -7.2870330065488815 2
    endloop
  endfacet
  facet normal -1 0 0
    outer loop
      vertex 17.720273688435555 -3.9939244389533997 0
      vertex 17.720273688435555 -7.2870330065488815 2
      vertex 17.720273688435555 -3.9939244389533997 2
    endloop
  endfacet
  facet normal 1 0 0
    outer loop
      vertex 20.823017075657845 -15.5 0
      vertex 20.823017075657845 15.182868152856827 2
      vertex 20.823017075657845 -15.5 2
    endloop
  endfacet
  facet normal 0 0 -1
    outer loop
      vertex 11.016266234219074 -15.861831687390804 0
      vertex 20.823017075657845 -15.5 0
      vertex 40.87534376978874 -19.998756729066372 0
    endloop
  endfacet
  facet normal 0 0 -1
    outer loop
      vertex 20.823017075657845 -15.5 0
      vertex 27.16651389747858 -15.5 0
      vertex 40.87534376978874 -19.998756729066372 0
    endloop
  endfacet
  facet normal 0 1 0
    outer loop
      vertex 20.823017075657845 -15.5 0
      vertex 20.823017075657845 -15.5 2
      vertex 27.16651389747858 -15.5 0
    endloop
  endfacet
  facet normal 0 0 -1
    outer loop
      vertex 27.16651389747858 -15.5 0
      vertex 28.13183941692114 -4.846350312232971 0
      vertex 34.751108072698116 -15.5 0
    endloop
  endfacet
  facet normal 0 0 -1
    outer loop
      vertex 34.751108072698116 -15.5 0
      vertex 40.92520289123058 -19.99813511967659 0
      vertex 40.87534376978874 -19.998756729066372 0
    endloop
  endfacet
  facet normal 0 0 -1
    outer loop
      vertex 27.16651389747858 -15.5 0
      vertex 34.751108072698116 -15.5 0
      vertex 40.87534376978874 -19.998756729066372 0
    endloop
  endfacet
  facet normal 0 0 -1
    outer loop
      vertex 34.751108072698116 -15.5 0
      vertex 41.473636001348495 -15.5 0
      vertex 40.92520289123058 -19.99813511967659 0
    endloop
  endfacet
  facet normal 0 0 -1
    outer loop
      vertex 40.92520289123058 -19.99813511967659 0
      vertex 41.473636001348495 -15.5 0
      vertex 41.199197709560394 -19.991302110254765 0
    endloop
  endfacet
  facet normal 0 0 -1
    outer loop
      vertex 41.199197709560394 -19.991302110254765 0
      vertex 41.473636001348495 -15.5 0
      vertex 41.397899843752384 -19.976411446928978 0
    endloop
  endfacet
  facet normal 0 0 -1
    outer loop
      vertex 41.397899843752384 -19.976411446928978 0
      vertex 41.473636001348495 -15.5 0
      vertex 41.595613181591034 -19.951634757220745 0
    endloop
  endfacet
  facet normal 0 0 -1
    outer loop
      vertex 41.595613181591034 -19.951634757220745 0
      vertex 41.473636001348495 -15.5 0
      vertex 41.7918453887105 -19.917033724486828 0
    endloop
  endfacet
  facet normal 0 0 -1
    outer loop
      vertex 41.7918453887105 -19.917033724486828 0
      vertex 41.473636001348495 -15.5 0
      vertex 41.98610907793045 -19.872694298624992 0
    endloop
  endfacet
  facet normal 0 0 -1
    outer loop
      vertex 41.98610907793045 -19.872694298624992 0
      vertex 41.473636001348495 -15.5 0
      vertex 42.17792120575905 -19.818726733326912 0
    endloop
  endfacet
  facet normal 0 0 -1
    outer loop
      vertex 42.17792120575905 -19.818726733326912 0
      vertex 41.473636001348495 -15.5 0
      vertex 42.36680483072996 -19.755265213549137 0
    endloop
  endfacet
  facet normal 0 0 -1
    outer loop
      vertex 42.36680483072996 -19.755265213549137 0
      vertex 41.473636001348495 -15.5 0
      vertex 42.55229017138481 -19.682467579841614 0
    endloop
  endfacet
  facet normal 0 0 -1
    outer loop
      vertex 42.55229017138481 -19.682467579841614 0
      vertex 41.473636001348495 -15.5 0
      vertex 42.73391655087471 -19.600514642894268 0
    endloop
  endfacet
  facet normal 0 0 -1
    outer loop
      vertex 42.73391655087471 -19.600514642894268 0
      vertex 41.473636001348495 -15.5 0
      vertex 42.91123174875975 -19.509610451757908 0
    endloop
  endfacet
  facet normal 0 0 -1
    outer loop
      vertex 42.91123174875975 -19.509610451757908 0
      vertex 41.473636001348495 -15.5 0
      vertex 43.08379581570625 -19.40998052805662 0
    endloop
  endfacet
  facet normal 0 0 -1
    outer loop
      vertex 43.08379581570625 -19.40998052805662 0
      vertex 41.473636001348495 -15.5 0
      vertex 43.25117891281843 -19.301873065531254 0
    endloop
  endfacet
  facet normal 0 0 -1
    outer loop
      vertex 43.25117891281843 -19.301873065531254 0
      vertex 41.473636001348495 -15.5 0
      vertex 43.412965297698975 -19.185556575655937 0
    endloop
  endfacet
  facet normal 0 0 -1
    outer loop
      vertex 43.412965297698975 -19.185556575655937 0
      vertex 41.473636001348495 -15.5 0
      vertex 43.568752720952034 -19.06132025271654 0
    endloop
  endfacet
  facet normal 0 0 -1
    outer loop
      vertex 43.568752720952034 -19.06132025271654 0
      vertex 41.473636001348495 -15.5 0
      vertex 43.71815375238657 -18.92947306483984 0
    endloop
  endfacet
  facet normal 0 0 -1
    outer loop
      vertex 43.71815375238657 -18.92947306483984 0
      vertex 41.473636001348495 -15.5 0
      vertex 43.860797084867954 -18.790342673659325 0
    endloop
  endfacet
  facet normal 0 0 -1
    outer loop
      vertex 43.860797084867954 -18.790342673659325 0
      vertex 41.473636001348495 -15.5 0
      vertex 43.99632798880339 -18.644275099039078 0
    endloop
  endfacet
  facet normal 0 0 -1
    outer loop
      vertex 43.99632798880339 -18.644275099039078 0
      vertex 41.473636001348495 -15.5 0
      vertex 44.12440950423479 -18.491633504629135 0
    endloop
  endfacet
  facet normal 0 0 -1
    outer loop
      vertex 44.12440950423479 -18.491633504629135 0
      vertex 41.473636001348495 -15.5 0
      vertex 44.244723312556744 -18.332797214388847 0
    endloop
  endfacet
  facet normal 0 0 -1
    outer loop
      vertex 44.244723312556744 -18.332797214388847 0
      vertex 41.473636001348495 -15.5 0
      vertex 44.356970235705376 -18.16816122084856 0
    endloop
  endfacet
  facet normal 0 0 -1
    outer loop
      vertex 44.356970235705376 -18.16816122084856 0
      vertex 41.473636001348495 -15.5 0
      vertex 44.460871145129204 -17.998134918510914 0
    endloop
  endfacet
  facet normal 0 0 -1
    outer loop
      vertex 44.460871145129204 -17.998134918510914 0
      vertex 41.473636001348495 -15.5 0
      vertex 44.55616782605648 -17.823140874505043 0
    endloop
  endfacet
  facet normal 0 0 -1
    outer loop
      vertex 44.55616782605648 -17.823140874505043 0
      vertex 41.473636001348495 -15.5 0
      vertex 44.64262329787016 -17.64361423254013 0
    endloop
  endfacet
  facet normal 0 0 -1
    outer loop
      vertex 44.64262329787016 -17.64361423254013 0
      vertex 41.473636001348495 -15.5 0
      vertex 44.72002263367176 -17.460001312196255 0
    endloop
  endfacet
  facet normal 0 0 -1
    outer loop
      vertex 44.72002263367176 -17.460001312196255 0
      vertex 41.473636001348495 -15.5 0
      vertex 44.78817343711853 -17.272758528590202 0
    endloop
  endfacet
  facet normal 0 0 -1
    outer loop
      vertex 41.473636001348495 -15.5 0
      vertex 44.84690619260073 -17.082351617515087 0
      vertex 44.78817343711853 -17.272758528590202 0
    endloop
  endfacet
  facet normal 0 0 -1
    outer loop
      vertex 41.473636001348495 -15.5 0
      vertex 44.89607497304678 -16.88925365358591 0
      vertex 44.84690619260073 -17.082351617515087 0
    endloop
  endfacet
  facet normal 0 0 -1
    outer loop
      vertex 41.473636001348495 -15.5 0
      vertex 44.93555746227503 -16.69394502043724 0
      vertex 44.89607497304678 -16.88925365358591 0
    endloop
  endfacet
  facet normal 0 0 -1
    outer loop
      vertex 41.473636001348495 -15.5 0
      vertex 44.965255565941334 -16.496910989284515 0
      vertex 44.93555746227503 -16.69394502043724 0
    endloop
  endfacet
  facet normal 0 0 -1
    outer loop
      vertex 41.473636001348495 -15.5 0
      vertex 44.98509541898966 -16.29864154011011 0
      vertex 44.965255565941334 -16.496910989284515 0
    endloop
  endfacet
  facet normal 0 0 -1
    outer loop
      vertex 41.473636001348495 -15.5 0
      vertex 44.997514218091965 -16.049807339906693 0
      vertex 44.98509541898966 -16.29864154011011 0
    endloop
  endfacet
  facet normal 0 0 -1
    outer loop
      vertex 41.473636001348495 -15.5 0
      vertex 45 -15.95013077557087 0
      vertex 44.997514218091965 -16.049807339906693 0
    endloop
  endfacet
  facet normal 0 1 0
    outer loop
      vertex 34.751108072698116 -15.5 0
      vertex 34.751108072698116 -15.5 2
      vertex 41.473636001348495 -15.5 0
    endloop
  endfacet
  facet normal 0.012466346534725345 -0.9999222920827779 0
    outer loop
      vertex 40.92520289123058 -19.99813511967659 0
      vertex 40.87534376978874 -19.998756729066372 2
      vertex 40.87534376978874 -19.998756729066372 0
    endloop
  endfacet
  facet normal 0.024930710872150697 -0.999689181523642 0
    outer loop
      vertex 40.92520289123058 -19.99813511967659 0
      vertex 41.199197709560394 -19.991302110254765 0
      vertex 40.92520289123058 -19.99813511967659 2
    endloop
  endfacet
  facet normal 0.07473007820758867 -0.9972037983336645 0
    outer loop
      vertex 41.199197709560394 -19.991302110254765 0
      vertex 41.397899843752384 -19.976411446928978 0
      vertex 41.199197709560394 -19.991302110254765 2
    endloop
  endfacet
  facet normal 0.12434367503463077 -0.9922392103111437 0
    outer loop
      vertex 41.397899843752384 -19.976411446928978 0
      vertex 41.595613181591034 -19.951634757220745 0
      vertex 41.397899843752384 -19.976411446928978 2
    endloop
  endfacet
  facet normal 0.1736481783229577 -0.9848077528965328 0
    outer loop
      vertex 41.595613181591034 -19.951634757220745 0
      vertex 41.7918453887105 -19.917033724486828 0
      vertex 41.595613181591034 -19.951634757220745 2
    endloop
  endfacet
  facet normal 0.22252096489709772 -0.9749279051197912 0
    outer loop
      vertex 41.7918453887105 -19.917033724486828 0
      vertex 41.98610907793045 -19.872694298624992 0
      vertex 41.7918453887105 -19.917033724486828 2
    endloop
  endfacet
  facet normal 0.2708404701149581 -0.9626242463951905 0
    outer loop
      vertex 41.98610907793045 -19.872694298624992 0
      vertex 42.17792120575905 -19.818726733326912 0
      vertex 41.98610907793045 -19.872694298624992 2
    endloop
  endfacet
  facet normal 0.3184866360860152 -0.9479273509265435 0
    outer loop
      vertex 42.17792120575905 -19.818726733326912 0
      vertex 42.36680483072996 -19.755265213549137 0
      vertex 42.17792120575905 -19.818726733326912 2
    endloop
  endfacet
  facet normal 0.36534103287797465 -0.9308737453036554 0
    outer loop
      vertex 42.36680483072996 -19.755265213549137 0
      vertex 42.55229017138481 -19.682467579841614 0
      vertex 42.36680483072996 -19.755265213549137 2
    endloop
  endfacet
  facet normal 0.4112870764575361 -0.9115058643470227 0
    outer loop
      vertex 42.55229017138481 -19.682467579841614 0
      vertex 42.73391655087471 -19.600514642894268 0
      vertex 42.55229017138481 -19.682467579841614 2
    endloop
  endfacet
  facet normal 0.45621063059893097 -0.8898718225275626 0
    outer loop
      vertex 42.73391655087471 -19.600514642894268 0
      vertex 42.91123174875975 -19.509610451757908 0
      vertex 42.73391655087471 -19.600514642894268 2
    endloop
  endfacet
  facet normal 0.5000000496735749 -0.8660253751053849 0
    outer loop
      vertex 42.91123174875975 -19.509610451757908 0
      vertex 43.08379581570625 -19.40998052805662 0
      vertex 42.91123174875975 -19.509610451757908 2
    endloop
  endfacet
  facet normal 0.5425462513655318 -0.8400259312242744 0
    outer loop
      vertex 43.08379581570625 -19.40998052805662 0
      vertex 43.25117891281843 -19.301873065531254 0
      vertex 43.08379581570625 -19.40998052805662 2
    endloop
  endfacet
  facet normal 0.5837436738381088 -0.8119380045631488 0
    outer loop
      vertex 43.25117891281843 -19.301873065531254 0
      vertex 43.412965297698975 -19.185556575655937 0
      vertex 43.25117891281843 -19.301873065531254 2
    endloop
  endfacet
  facet normal 0.6234897974797156 -0.7818314859601802 0
    outer loop
      vertex 43.412965297698975 -19.185556575655937 0
      vertex 43.568752720952034 -19.06132025271654 0
      vertex 43.412965297698975 -19.185556575655937 2
    endloop
  endfacet
  facet normal 0.6616858244702383 -0.7497812145520459 0
    outer loop
      vertex 43.568752720952034 -19.06132025271654 0
      vertex 43.71815375238657 -18.92947306483984 0
      vertex 43.568752720952034 -19.06132025271654 2
    endloop
  endfacet
  facet normal 0.6982368474654573 -0.7158668206038745 0
    outer loop
      vertex 43.71815375238657 -18.92947306483984 0
      vertex 43.860797084867954 -18.790342673659325 0
      vertex 43.71815375238657 -18.92947306483984 2
    endloop
  endfacet
  facet normal 0.7330518694688924 -0.6801727403154009 0
    outer loop
      vertex 43.860797084867954 -18.790342673659325 0
      vertex 43.99632798880339 -18.644275099039078 0
      vertex 43.860797084867954 -18.790342673659325 2
    endloop
  endfacet
  facet normal 0.7660444187539653 -0.6427876387236297 0
    outer loop
      vertex 43.99632798880339 -18.644275099039078 0
      vertex 44.12440950423479 -18.491633504629135 0
      vertex 43.99632798880339 -18.644275099039078 2
    endloop
  endfacet
  facet normal 0.7971325220274855 -0.6038043907807398 0
    outer loop
      vertex 44.12440950423479 -18.491633504629135 0
      vertex 44.244723312556744 -18.332797214388847 0
      vertex 44.12440950423479 -18.491633504629135 2
    endloop
  endfacet
  facet normal 0.8262387665059674 -0.5633200695188284 0
    outer loop
      vertex 44.244723312556744 -18.332797214388847 0
      vertex 44.356970235705376 -18.16816122084856 0
      vertex 44.244723312556744 -18.332797214388847 2
    endloop
  endfacet
  facet normal 0.8532908840780183 -0.5214351993770213 0
    outer loop
      vertex 44.356970235705376 -18.16816122084856 0
      vertex 44.460871145129204 -17.998134918510914 0
      vertex 44.356970235705376 -18.16816122084856 2
    endloop
  endfacet
  facet normal 0.8782215654975454 -0.4782539930779884 0
    outer loop
      vertex 44.460871145129204 -17.998134918510914 0
      vertex 44.55616782605648 -17.823140874505043 0
      vertex 44.460871145129204 -17.998134918510914 2
    endloop
  endfacet
  facet normal 0.900968872525244 -0.433883729518163 0
    outer loop
      vertex 44.55616782605648 -17.823140874505043 0
      vertex 44.64262329787016 -17.64361423254013 0
      vertex 44.55616782605648 -17.823140874505043 2
    endloop
  endfacet
  facet normal 0.9214762129453603 -0.3884347937246058 0
    outer loop
      vertex 44.64262329787016 -17.64361423254013 0
      vertex 44.72002263367176 -17.460001312196255 0
      vertex 44.64262329787016 -17.64361423254013 2
    endloop
  endfacet
  facet normal 0.9396926149260665 -0.34202015942545183 0
    outer loop
      vertex 44.72002263367176 -17.460001312196255 0
      vertex 44.78817343711853 -17.272758528590202 0
      vertex 44.72002263367176 -17.460001312196255 2
    endloop
  endfacet
  facet normal 0.9555728033236471 -0.2947551823941123 0
    outer loop
      vertex 44.78817343711853 -17.272758528590202 0
      vertex 44.84690619260073 -17.082351617515087 0
      vertex 44.78817343711853 -17.272758528590202 2
    endloop
  endfacet
  facet normal 0.969077289642777 -0.24675738428385316 0
    outer loop
      vertex 44.84690619260073 -17.082351617515087 0
      vertex 44.89607497304678 -16.88925365358591 0
      vertex 44.84690619260073 -17.082351617515087 2
    endloop
  endfacet
  facet normal 0.9801724905321151 -0.19814612992453542 0
    outer loop
      vertex 44.89607497304678 -16.88925365358591 0
      vertex 44.93555746227503 -16.69394502043724 0
      vertex 44.89607497304678 -16.88925365358591 2
    endloop
  endfacet
  facet normal 0.9888308248272704 -0.14904227545035698 0
    outer loop
      vertex 44.93555746227503 -16.69394502043724 0
      vertex 44.965255565941334 -16.496910989284515 0
      vertex 44.93555746227503 -16.69394502043724 2
    endloop
  endfacet
  facet normal 0.9950307742352167 -0.09956785789031111 0
    outer loop
      vertex 44.965255565941334 -16.496910989284515 0
      vertex 44.98509541898966 -16.29864154011011 0
      vertex 44.965255565941334 -16.496910989284515 2
    endloop
  endfacet
  facet normal 0.9987569211259214 -0.04984588752414771 0
    outer loop
      vertex 44.98509541898966 -16.29864154011011 0
      vertex 44.997514218091965 -16.049807339906693 0
      vertex 44.98509541898966 -16.29864154011011 2
    endloop
  endfacet
  facet normal 0.9996891811048515 -0.02493072766509818 0
    outer loop
      vertex 44.997514218091965 -16.049807339906693 0
      vertex 45 -15.95013077557087 0
      vertex 44.997514218091965 -16.049807339906693 2
    endloop
  endfacet
  facet normal 0 1 0
    outer loop
      vertex 27.16651389747858 -15.5 0
      vertex 20.823017075657845 -15.5 2
      vertex 27.16651389747858 -15.5 2
    endloop
  endfacet
  facet normal 0.9239401532051847 0.38253704826484425 0
    outer loop
      vertex 34.751108072698116 -15.5 0
      vertex 29.441941790282726 -2.676792599260807 2
      vertex 34.751108072698116 -15.5 2
    endloop
  endfacet
  facet normal 0.012466346534725345 -0.9999222920827779 0
    outer loop
      vertex 40.92520289123058 -19.99813511967659 0
      vertex 40.92520289123058 -19.99813511967659 2
      vertex 40.87534376978874 -19.998756729066372 2
    endloop
  endfacet
  facet normal 0.024930710872150697 -0.999689181523642 0
    outer loop
      vertex 41.199197709560394 -19.991302110254765 0
      vertex 41.199197709560394 -19.991302110254765 2
      vertex 40.92520289123058 -19.99813511967659 2
    endloop
  endfacet
  facet normal 0.07473007820758867 -0.9972037983336645 0
    outer loop
      vertex 41.397899843752384 -19.976411446928978 0
      vertex 41.397899843752384 -19.976411446928978 2
      vertex 41.199197709560394 -19.991302110254765 2
    endloop
  endfacet
  facet normal 0.12434367503463077 -0.9922392103111437 0
    outer loop
      vertex 41.595613181591034 -19.951634757220745 0
      vertex 41.595613181591034 -19.951634757220745 2
      vertex 41.397899843752384 -19.976411446928978 2
    endloop
  endfacet
  facet normal 0.1736481783229577 -0.9848077528965328 0
    outer loop
      vertex 41.7918453887105 -19.917033724486828 0
      vertex 41.7918453887105 -19.917033724486828 2
      vertex 41.595613181591034 -19.951634757220745 2
    endloop
  endfacet
  facet normal 0.22252096489709772 -0.9749279051197912 0
    outer loop
      vertex 41.98610907793045 -19.872694298624992 0
      vertex 41.98610907793045 -19.872694298624992 2
      vertex 41.7918453887105 -19.917033724486828 2
    endloop
  endfacet
  facet normal 0.2708404701149581 -0.9626242463951905 0
    outer loop
      vertex 42.17792120575905 -19.818726733326912 0
      vertex 42.17792120575905 -19.818726733326912 2
      vertex 41.98610907793045 -19.872694298624992 2
    endloop
  endfacet
  facet normal 0.3184866360860152 -0.9479273509265435 0
    outer loop
      vertex 42.36680483072996 -19.755265213549137 0
      vertex 42.36680483072996 -19.755265213549137 2
      vertex 42.17792120575905 -19.818726733326912 2
    endloop
  endfacet
  facet normal 0.36534103287797465 -0.9308737453036554 0
    outer loop
      vertex 42.55229017138481 -19.682467579841614 0
      vertex 42.55229017138481 -19.682467579841614 2
      vertex 42.36680483072996 -19.755265213549137 2
    endloop
  endfacet
  facet normal 0.4112870764575361 -0.9115058643470227 0
    outer loop
      vertex 42.73391655087471 -19.600514642894268 0
      vertex 42.73391655087471 -19.600514642894268 2
      vertex 42.55229017138481 -19.682467579841614 2
    endloop
  endfacet
  facet normal 0.45621063059893097 -0.8898718225275626 0
    outer loop
      vertex 42.91123174875975 -19.509610451757908 0
      vertex 42.91123174875975 -19.509610451757908 2
      vertex 42.73391655087471 -19.600514642894268 2
    endloop
  endfacet
  facet normal 0.5000000496735749 -0.8660253751053849 0
    outer loop
      vertex 43.08379581570625 -19.40998052805662 0
      vertex 43.08379581570625 -19.40998052805662 2
      vertex 42.91123174875975 -19.509610451757908 2
    endloop
  endfacet
  facet normal 0.5425462513655318 -0.8400259312242744 0
    outer loop
      vertex 43.25117891281843 -19.301873065531254 0
      vertex 43.25117891281843 -19.301873065531254 2
      vertex 43.08379581570625 -19.40998052805662 2
    endloop
  endfacet
  facet normal 0.5837436738381088 -0.8119380045631488 0
    outer loop
      vertex 43.412965297698975 -19.185556575655937 0
      vertex 43.412965297698975 -19.185556575655937 2
      vertex 43.25117891281843 -19.301873065531254 2
    endloop
  endfacet
  facet normal 0.6234897974797156 -0.7818314859601802 0
    outer loop
      vertex 43.568752720952034 -19.06132025271654 0
      vertex 43.568752720952034 -19.06132025271654 2
      vertex 43.412965297698975 -19.185556575655937 2
    endloop
  endfacet
  facet normal 0.6616858244702383 -0.7497812145520459 0
    outer loop
      vertex 43.71815375238657 -18.92947306483984 0
      vertex 43.71815375238657 -18.92947306483984 2
      vertex 43.568752720952034 -19.06132025271654 2
    endloop
  endfacet
  facet normal 0.6982368474654573 -0.7158668206038745 0
    outer loop
      vertex 43.860797084867954 -18.790342673659325 0
      vertex 43.860797084867954 -18.790342673659325 2
      vertex 43.71815375238657 -18.92947306483984 2
    endloop
  endfacet
  facet normal 0.7330518694688924 -0.6801727403154009 0
    outer loop
      vertex 43.99632798880339 -18.644275099039078 0
      vertex 43.99632798880339 -18.644275099039078 2
      vertex 43.860797084867954 -18.790342673659325 2
    endloop
  endfacet
  facet normal 0.7660444187539653 -0.6427876387236297 0
    outer loop
      vertex 44.12440950423479 -18.491633504629135 0
      vertex 44.12440950423479 -18.491633504629135 2
      vertex 43.99632798880339 -18.644275099039078 2
    endloop
  endfacet
  facet normal 0.7971325220274855 -0.6038043907807398 0
    outer loop
      vertex 44.244723312556744 -18.332797214388847 0
      vertex 44.244723312556744 -18.332797214388847 2
      vertex 44.12440950423479 -18.491633504629135 2
    endloop
  endfacet
  facet normal 0.8262387665059674 -0.5633200695188284 0
    outer loop
      vertex 44.356970235705376 -18.16816122084856 0
      vertex 44.356970235705376 -18.16816122084856 2
      vertex 44.244723312556744 -18.332797214388847 2
    endloop
  endfacet
  facet normal 0.8532908840780183 -0.5214351993770213 0
    outer loop
      vertex 44.460871145129204 -17.998134918510914 0
      vertex 44.460871145129204 -17.998134918510914 2
      vertex 44.356970235705376 -18.16816122084856 2
    endloop
  endfacet
  facet normal 0.8782215654975454 -0.4782539930779884 0
    outer loop
      vertex 44.55616782605648 -17.823140874505043 0
      vertex 44.55616782605648 -17.823140874505043 2
      vertex 44.460871145129204 -17.998134918510914 2
    endloop
  endfacet
  facet normal 0.900968872525244 -0.433883729518163 0
    outer loop
      vertex 44.64262329787016 -17.64361423254013 0
      vertex 44.64262329787016 -17.64361423254013 2
      vertex 44.55616782605648 -17.823140874505043 2
    endloop
  endfacet
  facet normal 0.9214762129453603 -0.3884347937246058 0
    outer loop
      vertex 44.72002263367176 -17.460001312196255 0
      vertex 44.72002263367176 -17.460001312196255 2
      vertex 44.64262329787016 -17.64361423254013 2
    endloop
  endfacet
  facet normal 0.9396926149260665 -0.34202015942545183 0
    outer loop
      vertex 44.78817343711853 -17.272758528590202 0
      vertex 44.78817343711853 -17.272758528590202 2
      vertex 44.72002263367176 -17.460001312196255 2
    endloop
  endfacet
  facet normal 0 1 0
    outer loop
      vertex 41.473636001348495 -15.5 0
      vertex 34.751108072698116 -15.5 2
      vertex 41.473636001348495 -15.5 2
    endloop
  endfacet
  facet normal 0.9555728033236471 -0.2947551823941123 0
    outer loop
      vertex 44.84690619260073 -17.082351617515087 0
      vertex 44.84690619260073 -17.082351617515087 2
      vertex 44.78817343711853 -17.272758528590202 2
    endloop
  endfacet
  facet normal 0.969077289642777 -0.24675738428385316 0
    outer loop
      vertex 44.89607497304678 -16.88925365358591 0
      vertex 44.89607497304678 -16.88925365358591 2
      vertex 44.84690619260073 -17.082351617515087 2
    endloop
  endfacet
  facet normal 0.9801724905321151 -0.19814612992453542 0
    outer loop
      vertex 44.93555746227503 -16.69394502043724 0
      vertex 44.93555746227503 -16.69394502043724 2
      vertex 44.89607497304678 -16.88925365358591 2
    endloop
  endfacet
  facet normal 0.9888308248272704 -0.14904227545035698 0
    outer loop
      vertex 44.965255565941334 -16.496910989284515 0
      vertex 44.965255565941334 -16.496910989284515 2
      vertex 44.93555746227503 -16.69394502043724 2
    endloop
  endfacet
  facet normal 0.9950307742352167 -0.09956785789031111 0
    outer loop
      vertex 44.98509541898966 -16.29864154011011 0
      vertex 44.98509541898966 -16.29864154011011 2
      vertex 44.965255565941334 -16.496910989284515 2
    endloop
  endfacet
  facet normal 0.9987569211259214 -0.04984588752414771 0
    outer loop
      vertex 44.997514218091965 -16.049807339906693 0
      vertex 44.997514218091965 -16.049807339906693 2
      vertex 44.98509541898966 -16.29864154011011 2
    endloop
  endfacet
  facet normal 0.9996891811048515 -0.02493072766509818 0
    outer loop
      vertex 45 -15.95013077557087 0
      vertex 45 -15.95013077557087 2
      vertex 44.997514218091965 -16.049807339906693 2
    endloop
  endfacet
  facet normal 0 0 -1
    outer loop
      vertex 34.751108072698116 -15.5 0
      vertex 28.13183941692114 -4.846350312232971 0
      vertex 29.441941790282726 -2.676792599260807 0
    endloop
  endfacet
  facet normal 0 0 -1
    outer loop
      vertex 27.16651389747858 -15.5 0
      vertex 28.13183941692114 3.9479175731539726 0
      vertex 28.13183941692114 -4.846350312232971 0
    endloop
  endfacet
  facet normal -1 0 0
    outer loop
      vertex 27.16651389747858 -15.5 0
      vertex 27.16651389747858 -15.5 2
      vertex 27.16651389747858 15.182868152856827 0
    endloop
  endfacet
  facet normal 0.9239401532051847 0.38253704826484425 2.4798139483850004e-16
    outer loop
      vertex 34.751108072698116 -15.5 0
      vertex 29.441941790282726 -2.676792599260807 0
      vertex 29.441941790282726 -2.676792599260807 2
    endloop
  endfacet
  facet normal -0.8560328900478514 0.5169213587735788 0
    outer loop
      vertex 28.13183941692114 -4.846350312232971 0
      vertex 28.13183941692114 -4.846350312232971 2
      vertex 29.441941790282726 -2.676792599260807 0
    endloop
  endfacet
  facet normal 0 0 -1
    outer loop
      vertex 27.16651389747858 -15.5 0
      vertex 27.16651389747858 15.182868152856827 0
      vertex 28.13183941692114 3.9479175731539726 0
    endloop
  endfacet
  facet normal 1 0 0
    outer loop
      vertex 28.13183941692114 -4.846350312232971 0
      vertex 28.13183941692114 3.9479175731539726 0
      vertex 28.13183941692114 3.9479175731539726 2
    endloop
  endfacet
  facet normal 0 0 -1
    outer loop
      vertex 41.473636001348495 -15.5 0
      vertex 34.3373261988163 4.567990444600582 0
      vertex 45 -15.95013077557087 0
    endloop
  endfacet
  facet normal -0.9204357063648101 -0.390893988760013 0
    outer loop
      vertex 41.473636001348495 -15.5 0
      vertex 41.473636001348495 -15.5 2
      vertex 30.99331348389387 9.177951917052269 0
    endloop
  endfacet
  facet normal 1 0 0
    outer loop
      vertex 45 -15.95013077557087 0
      vertex 45 15.95013077557087 0
      vertex 45 -15.95013077557087 2
    endloop
  endfacet
  facet normal 0 0 -1
    outer loop
      vertex 41.473636001348495 -15.5 0
      vertex 30.99331348389387 9.177951917052269 0
      vertex 34.3373261988163 4.567990444600582 0
    endloop
  endfacet
  facet normal 0 0 -1
    outer loop
      vertex 45 -15.95013077557087 0
      vertex 34.3373261988163 4.567990444600582 0
      vertex 40.92209234088659 15.182868152856827 0
    endloop
  endfacet
  facet normal -0.8560328900478514 0.5169213587735788 0
    outer loop
      vertex 29.441941790282726 -2.676792599260807 0
      vertex 28.13183941692114 -4.846350312232971 2
      vertex 29.441941790282726 -2.676792599260807 2
    endloop
  endfacet
  facet normal 1 0 0
    outer loop
      vertex 28.13183941692114 -4.846350312232971 0
      vertex 28.13183941692114 3.9479175731539726 2
      vertex 28.13183941692114 -4.846350312232971 2
    endloop
  endfacet
  facet normal -0.9204357063648101 -0.390893988760013 -1.7184728323126932e-16
    outer loop
      vertex 41.473636001348495 -15.5 2
      vertex 30.99331348389387 9.177951917052269 2
      vertex 30.99331348389387 9.177951917052269 0
    endloop
  endfacet
  facet normal 0 0 1
    outer loop
      vertex -11.480016708374023 -15.5 2
      vertex 19.222248365761846 -16.998756729066372 2
      vertex -5.033012375235558 -15.5 2
    endloop
  endfacet
  facet normal 0 0 1
    outer loop
      vertex -5.033012375235558 -15.5 2
      vertex 1.4514135196805 -14.487795606255531 2
      vertex 0.9382725059986115 -14.099260441958904 2
    endloop
  endfacet
  facet normal 0 0 1
    outer loop
      vertex -5.033012375235558 -15.5 2
      vertex 3.2596433460712433 -15.406770274043083 2
      vertex 2.6120728850364685 -15.141492165625095 2
    endloop
  endfacet
  facet normal 0 0 1
    outer loop
      vertex -5.033012375235558 -15.5 2
      vertex 3.9520757645368576 -15.631079450249672 2
      vertex 3.2596433460712433 -15.406770274043083 2
    endloop
  endfacet
  facet normal 0 0 1
    outer loop
      vertex -5.033012375235558 -15.5 2
      vertex 2.6120728850364685 -15.141492165625095 2
      vertex 2.0093382969498634 -14.83518671989441 2
    endloop
  endfacet
  facet normal 0 0 1
    outer loop
      vertex -5.033012375235558 -15.5 2
      vertex 2.0093382969498634 -14.83518671989441 2
      vertex 1.4514135196805 -14.487795606255531 2
    endloop
  endfacet
  facet normal 0 0 1
    outer loop
      vertex -5.033012375235558 -15.5 2
      vertex 4.689396180212498 -15.814478017389774 2
      vertex 3.9520757645368576 -15.631079450249672 2
    endloop
  endfacet
  facet normal 0 0 1
    outer loop
      vertex -5.033012375235558 -15.5 2
      vertex 5.471630685031414 -15.95702438056469 2
      vertex 4.689396180212498 -15.814478017389774 2
    endloop
  endfacet
  facet normal 0 0 1
    outer loop
      vertex -5.033012375235558 -15.5 2
      vertex 6.298805318772793 -16.058776900172234 2
      vertex 5.471630685031414 -15.95702438056469 2
    endloop
  endfacet
  facet normal 0 0 1
    outer loop
      vertex -5.033012375235558 -15.5 2
      vertex 7.170946151018143 -16.119793936610222 2
      vertex 6.298805318772793 -16.058776900172234 2
    endloop
  endfacet
  facet normal 0 0 1
    outer loop
      vertex -5.033012375235558 -15.5 2
      vertex 19.222248365761846 -16.998756729066372 2
      vertex 7.170946151018143 -16.119793936610222 2
    endloop
  endfacet
  facet normal 0 0 1
    outer loop
      vertex -5.033012375235558 -15.5 2
      vertex 0.46988919377326965 -13.669522851705551 2
      vertex 0.04623749852180481 -13.198524460196495 2
    endloop
  endfacet
  facet normal 0 0 1
    outer loop
      vertex -5.033012375235558 -15.5 2
      vertex 0.9382725059986115 -14.099260441958904 2
      vertex 0.46988919377326965 -13.669522851705551 2
    endloop
  endfacet
  facet normal 0 0 1
    outer loop
      vertex -5.033012375235558 -15.5 2
      vertex 0.04623749852180481 -13.198524460196495 2
      vertex -0.33270861208438873 -12.686206944286823 2
    endloop
  endfacet
  facet normal 0 0 1
    outer loop
      vertex 7.170946151018143 -16.119793936610222 2
      vertex 8.446546025574207 -16.119793936610222 2
      vertex 7.170946151018143 -11.160884566605091 2
    endloop
  endfacet
  facet normal 0 0 1
    outer loop
      vertex 8.446546025574207 -16.119793936610222 2
      vertex 8.446546025574207 -11.160884566605091 2
      vertex 7.170946151018143 -11.160884566605091 2
    endloop
  endfacet
  facet normal 0 0 1
    outer loop
      vertex 7.170946151018143 -11.160884566605091 2
      vertex 8.446546025574207 -11.160884566605091 2
      vertex 8.713640689849854 -11.126030959188938 2
    endloop
  endfacet
  facet normal 0 0 1
    outer loop
      vertex 7.170946151018143 -11.160884566605091 2
      vertex 8.713640689849854 -11.126030959188938 2
      vertex 8.966798894107342 -11.079525038599968 2
    endloop
  endfacet
  facet normal 0 0 1
    outer loop
      vertex 7.170946151018143 -11.160884566605091 2
      vertex 8.966798894107342 -11.079525038599968 2
      vertex 9.206046491861343 -11.02133772522211 2
    endloop
  endfacet
  facet normal 0 0 1
    outer loop
      vertex 7.170946151018143 -11.160884566605091 2
      vertex 9.206046491861343 -11.02133772522211 2
      vertex 9.431409396231174 -10.951439969241619 2
    endloop
  endfacet
  facet normal 0 0 1
    outer loop
      vertex 7.170946151018143 -11.160884566605091 2
      vertex 9.431409396231174 -10.951439969241619 2
      vertex 9.642913445830345 -10.86980264633894 2
    endloop
  endfacet
  facet normal 0 0 1
    outer loop
      vertex 7.170946151018143 -11.160884566605091 2
      vertex 9.642913445830345 -10.86980264633894 2
      vertex 9.84058453887701 -10.776396714150906 2
    endloop
  endfacet
  facet normal 0 0 1
    outer loop
      vertex 7.170946151018143 -11.160884566605091 2
      vertex 9.84058453887701 -10.776396714150906 2
      vertex 10.024448566138744 -10.671193085610867 2
    endloop
  endfacet
  facet normal 0 0 1
    outer loop
      vertex 7.170946151018143 -11.160884566605091 2
      vertex 10.024448566138744 -10.671193085610867 2
      vertex 10.194531358778477 -10.55416265130043 2
    endloop
  endfacet
  facet normal 0 0 1
    outer loop
      vertex 7.170946151018143 -11.160884566605091 2
      vertex 10.194531358778477 -10.55416265130043 2
      vertex 10.350858844816685 -10.42527637630701 2
    endloop
  endfacet
  facet normal 0 0 1
    outer loop
      vertex 7.170946151018143 -11.160884566605091 2
      vertex 10.350858844816685 -10.42527637630701 2
      vertex 10.493456855416298 -10.284505151212215 2
    endloop
  endfacet
  facet normal 0 0 1
    outer loop
      vertex 6.065109021961689 -10.826184175908566 2
      vertex 11.170010060071945 -8.216723896563053 2
      vertex 5.882431671023369 -10.727544009685516 2
    endloop
  endfacet
  facet normal 0 0 1
    outer loop
      vertex 6.065109021961689 -10.826184175908566 2
      vertex 6.260582387447357 -10.914218865334988 2
      vertex 11.170010060071945 -8.216723896563053 2
    endloop
  endfacet
  facet normal 0 0 1
    outer loop
      vertex 6.6900191977620125 -11.058588176965714 2
      vertex 6.924033649265766 -11.114980936050415 2
      vertex 11.170010060071945 -8.216723896563053 2
    endloop
  endfacet
  facet normal 0 0 1
    outer loop
      vertex 6.468877263367176 -10.991677165031433 2
      vertex 11.170010060071945 -8.216723896563053 2
      vertex 6.260582387447357 -10.914218865334988 2
    endloop
  endfacet
  facet normal 0 0 1
    outer loop
      vertex 6.468877263367176 -10.991677165031433 2
      vertex 6.6900191977620125 -11.058588176965714 2
      vertex 11.170010060071945 -8.216723896563053 2
    endloop
  endfacet
  facet normal 0 0 1
    outer loop
      vertex 5.712524861097336 -10.618269324302673 2
      vertex 11.170010060071945 -8.216723896563053 2
      vertex 5.555363066494465 -10.498330987989902 2
    endloop
  endfacet
  facet normal 0 0 1
    outer loop
      vertex 5.279172487556934 -10.226347163319588 2
      vertex 5.410920761525631 -10.367699958384037 2
      vertex 11.170010060071945 -8.216723896563053 2
    endloop
  endfacet
  facet normal 0 0 1
    outer loop
      vertex 5.555363066494465 -10.498330987989902 2
      vertex 11.170010060071945 -8.216723896563053 2
      vertex 5.410920761525631 -10.367699958384037 2
    endloop
  endfacet
  facet normal 0 0 1
    outer loop
      vertex 5.160092703998089 -10.074243500828743 2
      vertex 11.170010060071945 -8.216723896563053 2
      vertex 5.0536559000611305 -9.911359921097755 2
    endloop
  endfacet
  facet normal 0 0 1
    outer loop
      vertex 4.95983661711216 -9.737667299807072 2
      vertex 5.0536559000611305 -9.911359921097755 2
      vertex 11.170010060071945 -8.216723896563053 2
    endloop
  endfacet
  facet normal 0 0 1
    outer loop
      vertex 5.279172487556934 -10.226347163319588 2
      vertex 11.170010060071945 -8.216723896563053 2
      vertex 5.160092703998089 -10.074243500828743 2
    endloop
  endfacet
  facet normal 0 0 1
    outer loop
      vertex 5.882431671023369 -10.727544009685516 2
      vertex 11.170010060071945 -8.216723896563053 2
      vertex 5.712524861097336 -10.618269324302673 2
    endloop
  endfacet
  facet normal 0 0 1
    outer loop
      vertex 6.924033649265766 -11.114980936050415 2
      vertex 7.170946151018143 -11.160884566605091 2
      vertex 11.170010060071945 -8.216723896563053 2
    endloop
  endfacet
  facet normal 0 0 1
    outer loop
      vertex 7.170946151018143 -11.160884566605091 2
      vertex 10.493456855416298 -10.284505151212215 2
      vertex 10.622351318597794 -10.131819918751717 2
    endloop
  endfacet
  facet normal 0 0 1
    outer loop
      vertex 7.170946151018143 -11.160884566605091 2
      vertex 10.622351318597794 -10.131819918751717 2
      vertex 10.73756804317236 -9.967191576957703 2
    endloop
  endfacet
  facet normal 0 0 1
    outer loop
      vertex 7.170946151018143 -11.160884566605091 2
      vertex 10.73756804317236 -9.967191576957703 2
      vertex 10.839132972061634 -9.790591061115265 2
    endloop
  endfacet
  facet normal 0 0 1
    outer loop
      vertex 7.170946151018143 -11.160884566605091 2
      vertex 10.839132972061634 -9.790591061115265 2
      vertex 10.927071951329708 -9.601989291608334 2
    endloop
  endfacet
  facet normal 0 0 1
    outer loop
      vertex 7.170946151018143 -11.160884566605091 2
      vertex 10.927071951329708 -9.601989291608334 2
      vertex 11.001410856842995 -9.40135719627142 2
    endloop
  endfacet
  facet normal 0 0 1
    outer loop
      vertex 7.170946151018143 -11.160884566605091 2
      vertex 11.001410856842995 -9.40135719627142 2
      vertex 11.062175571918488 -9.188665680587292 2
    endloop
  endfacet
  facet normal 0 0 1
    outer loop
      vertex 7.170946151018143 -16.119793936610222 2
      vertex 19.222248365761846 -16.998756729066372 2
      vertex 8.446546025574207 -16.119793936610222 2
    endloop
  endfacet
  facet normal 0 0 1
    outer loop
      vertex 8.446546025574207 -16.119793936610222 2
      vertex 19.222248365761846 -16.998756729066372 2
      vertex 9.349177546799183 -16.075650416314602 2
    endloop
  endfacet
  facet normal 0 0 1
    outer loop
      vertex 9.349177546799183 -16.075650416314602 2
      vertex 19.222248365761846 -16.998756729066372 2
      vertex 10.205759570002556 -15.989662863314152 2
    endloop
  endfacet
  facet normal 0 0 1
    outer loop
      vertex 10.205759570002556 -15.989662863314152 2
      vertex 19.222248365761846 -16.998756729066372 2
      vertex 11.016266234219074 -15.861831687390804 2
    endloop
  endfacet
  facet normal 0 0 1
    outer loop
      vertex 11.016266234219074 -15.861831687390804 2
      vertex 20.823017075657845 -15.5 2
      vertex 11.780671663582325 -15.692157328128815 2
    endloop
  endfacet
  facet normal 0 0 1
    outer loop
      vertex 11.780671663582325 -15.692157328128815 2
      vertex 20.823017075657845 -15.5 2
      vertex 12.498949952423573 -15.480640158057213 2
    endloop
  endfacet
  facet normal 0 0 1
    outer loop
      vertex 12.498949952423573 -15.480640158057213 2
      vertex 20.823017075657845 -15.5 2
      vertex 13.171075262129307 -15.227280624210835 2
    endloop
  endfacet
  facet normal 0 0 1
    outer loop
      vertex 11.016266234219074 -15.861831687390804 2
      vertex 19.222248365761846 -16.998756729066372 2
      vertex 20.823017075657845 -15.5 2
    endloop
  endfacet
  facet normal 0 0 1
    outer loop
      vertex 13.171075262129307 -15.227280624210835 2
      vertex 20.823017075657845 -15.5 2
      vertex 13.797021687030792 -14.932079136371613 2
    endloop
  endfacet
  facet normal 0 0 1
    outer loop
      vertex 13.797021687030792 -14.932079136371613 2
      vertex 20.823017075657845 -15.5 2
      vertex 14.376763373613358 -14.595036149024963 2
    endloop
  endfacet
  facet normal 0 0 1
    outer loop
      vertex 20.823017075657845 -15.5 2
      vertex 14.910274423658848 -14.216152027249336 2
      vertex 14.376763373613358 -14.595036149024963 2
    endloop
  endfacet
  facet normal 0 0 1
    outer loop
      vertex 7.170946151018143 -11.160884566605091 2
      vertex 11.062175571918488 -9.188665680587292 2
      vertex 11.10939197987318 -8.96388566493988 2
    endloop
  endfacet
  facet normal 0 0 1
    outer loop
      vertex 7.170946151018143 -11.160884566605091 2
      vertex 11.10939197987318 -8.96388566493988 2
      vertex 11.143085949122906 -8.726988099515438 2
    endloop
  endfacet
  facet normal 0 0 1
    outer loop
      vertex 7.170946151018143 -11.160884566605091 2
      vertex 11.143085949122906 -8.726988099515438 2
      vertex 11.163283348083496 -8.477943867444992 2
    endloop
  endfacet
  facet normal 0 0 1
    outer loop
      vertex 7.170946151018143 -11.160884566605091 2
      vertex 11.163283348083496 -8.477943867444992 2
      vertex 11.170010060071945 -8.216723896563053 2
    endloop
  endfacet
  facet normal 0 0 1
    outer loop
      vertex 20.823017075657845 -15.5 2
      vertex 15.39752896875143 -13.795427195727825 2
      vertex 14.910274423658848 -14.216152027249336 2
    endloop
  endfacet
  facet normal 0 0 1
    outer loop
      vertex 20.823017075657845 -15.5 2
      vertex 15.838501118123531 -13.332862108945847 2
      vertex 15.39752896875143 -13.795427195727825 2
    endloop
  endfacet
  facet normal 0 0 1
    outer loop
      vertex 20.823017075657845 -15.5 2
      vertex 16.23316503316164 -12.828457184135914 2
      vertex 15.838501118123531 -13.332862108945847 2
    endloop
  endfacet
  facet normal 0 0 1
    outer loop
      vertex 20.823017075657845 -15.5 2
      vertex 16.58149478584528 -12.282212786376476 2
      vertex 16.23316503316164 -12.828457184135914 2
    endloop
  endfacet
  facet normal 0 0 1
    outer loop
      vertex 20.823017075657845 -15.5 2
      vertex 16.88346454501152 -11.694129385054111 2
      vertex 16.58149478584528 -12.282212786376476 2
    endloop
  endfacet
  facet normal 0 0 1
    outer loop
      vertex 20.823017075657845 -15.5 2
      vertex 17.139048412442207 -11.064207389950752 2
      vertex 16.88346454501152 -11.694129385054111 2
    endloop
  endfacet
  facet normal 0 0 1
    outer loop
      vertex 20.823017075657845 -15.5 2
      vertex 17.348220504820347 -10.39244720339775 2
      vertex 17.139048412442207 -11.064207389950752 2
    endloop
  endfacet
  facet normal 0 0 1
    outer loop
      vertex 20.823017075657845 -15.5 2
      vertex 17.510954961180687 -9.67884924262762 2
      vertex 17.348220504820347 -10.39244720339775 2
    endloop
  endfacet
  facet normal 0 0 1
    outer loop
      vertex 20.823017075657845 -15.5 2
      vertex 17.627225890755653 -8.923413962125778 2
      vertex 17.510954961180687 -9.67884924262762 2
    endloop
  endfacet
  facet normal 0 0 1
    outer loop
      vertex 20.823017075657845 -15.5 2
      vertex 17.697007425129414 -8.126141734421253 2
      vertex 17.627225890755653 -8.923413962125778 2
    endloop
  endfacet
  facet normal 0 0 1
    outer loop
      vertex 20.823017075657845 -15.5 2
      vertex 17.720273688435555 -7.2870330065488815 2
      vertex 17.697007425129414 -8.126141734421253 2
    endloop
  endfacet
  facet normal 0 0 1
    outer loop
      vertex 4.95983661711216 -9.737667299807072 2
      vertex 11.170010060071945 -8.216723896563053 2
      vertex 4.878609292209148 -9.553136594593525 2
    endloop
  endfacet
  facet normal 0 0 1
    outer loop
      vertex 4.878609292209148 -9.553136594593525 2
      vertex 11.170010060071945 -8.216723896563053 2
      vertex 4.809948481619358 -9.357738703489304 2
    endloop
  endfacet
  facet normal 0 0 1
    outer loop
      vertex 4.809948481619358 -9.357738703489304 2
      vertex 11.170010060071945 -8.216723896563053 2
      vertex 4.753828629851341 -9.15144457668066 2
    endloop
  endfacet
  facet normal 0 0 1
    outer loop
      vertex 4.753828629851341 -9.15144457668066 2
      vertex 11.170010060071945 -8.216723896563053 2
      vertex 4.710224263370037 -8.934225097298622 2
    endloop
  endfacet
  facet normal 0 0 1
    outer loop
      vertex 4.710224263370037 -8.934225097298622 2
      vertex 11.170010060071945 -8.216723896563053 2
      vertex 4.679109841585159 -8.706051208078861 2
    endloop
  endfacet
  facet normal 0 0 1
    outer loop
      vertex 4.679109841585159 -8.706051208078861 2
      vertex 11.170010060071945 -8.216723896563053 2
      vertex 4.660459905862808 -8.466893844306469 2
    endloop
  endfacet
  facet normal 0 0 1
    outer loop
      vertex 4.660459905862808 -8.466893844306469 2
      vertex 11.170010060071945 -8.216723896563053 2
      vertex 4.654248937964439 -8.216723896563053 2
    endloop
  endfacet
  facet normal 0 0 1
    outer loop
      vertex 4.654248937964439 -8.216723896563053 2
      vertex 11.170010060071945 -8.216723896563053 2
      vertex 11.170010060071945 -3.9939244389533997 2
    endloop
  endfacet
  facet normal 0 0 1
    outer loop
      vertex 4.654248937964439 -8.216723896563053 2
      vertex 11.170010060071945 -3.9939244389533997 2
      vertex 11.170010060071945 4.490446470677853 2
    endloop
  endfacet
  facet normal 0 0 1
    outer loop
      vertex 4.654248937964439 -8.216723896563053 2
      vertex 11.170010060071945 4.490446470677853 2
      vertex 11.170010060071945 7.744504116475582 2
    endloop
  endfacet
  facet normal 0 0 1
    outer loop
      vertex 20.823017075657845 -15.5 2
      vertex 17.720273688435555 -3.9939244389533997 2
      vertex 17.720273688435555 -7.2870330065488815 2
    endloop
  endfacet
  facet normal 0 0 1
    outer loop
      vertex 20.823017075657845 -15.5 2
      vertex 17.720273688435555 4.490446470677853 2
      vertex 17.720273688435555 -3.9939244389533997 2
    endloop
  endfacet
  facet normal 0 0 1
    outer loop
      vertex 11.170010060071945 -3.9939244389533997 2
      vertex 17.720273688435555 -3.9939244389533997 2
      vertex 17.720273688435555 4.490446470677853 2
    endloop
  endfacet
  facet normal 0 0 1
    outer loop
      vertex 20.823017075657845 -15.5 2
      vertex 20.823017075657845 15.182868152856827 2
      vertex 17.720273688435555 4.490446470677853 2
    endloop
  endfacet
  facet normal 0 0 1
    outer loop
      vertex 20.823017075657845 -15.5 2
      vertex 19.222248365761846 -16.998756729066372 2
      vertex 40.856643319129944 -16.998756729066372 2
    endloop
  endfacet
  facet normal 0 0 1
    outer loop
      vertex 20.823017075657845 -15.5 2
      vertex 40.856643319129944 -16.998756729066372 2
      vertex 27.16651389747858 -15.5 2
    endloop
  endfacet
  facet normal 0 0 1
    outer loop
      vertex 27.16651389747858 -15.5 2
      vertex 34.751108072698116 -15.5 2
      vertex 28.13183941692114 -4.846350312232971 2
    endloop
  endfacet
  facet normal 0 0 1
    outer loop
      vertex 27.16651389747858 -15.5 2
      vertex 40.856643319129944 -16.998756729066372 2
      vertex 34.751108072698116 -15.5 2
    endloop
  endfacet
  facet normal 0 0 1
    outer loop
      vertex 34.751108072698116 -15.5 2
      vertex 40.856643319129944 -16.998756729066372 2
      vertex 41.473636001348495 -15.5 2
    endloop
  endfacet
  facet normal 0 0 1
    outer loop
      vertex 41.473636001348495 -15.5 2
      vertex 40.856643319129944 -16.998756729066372 2
      vertex 40.86910529434681 -16.998601354658604 2
    endloop
  endfacet
  facet normal 0 0 1
    outer loop
      vertex 41.473636001348495 -15.5 2
      vertex 40.86910529434681 -16.998601354658604 2
      vertex 41.04961363226175 -16.994099758565426 2
    endloop
  endfacet
  facet normal 0 0 1
    outer loop
      vertex 41.473636001348495 -15.5 2
      vertex 41.04961363226175 -16.994099758565426 2
      vertex 41.09910346567631 -16.99039100855589 2
    endloop
  endfacet
  facet normal 0 0 1
    outer loop
      vertex 41.473636001348495 -15.5 2
      vertex 41.09910346567631 -16.99039100855589 2
      vertex 41.14834740757942 -16.984219945967197 2
    endloop
  endfacet
  facet normal 0 0 1
    outer loop
      vertex 41.473636001348495 -15.5 2
      vertex 41.14834740757942 -16.984219945967197 2
      vertex 41.19722206890583 -16.97560202330351 2
    endloop
  endfacet
  facet normal 0 0 1
    outer loop
      vertex 41.473636001348495 -15.5 2
      vertex 41.19722206890583 -16.97560202330351 2
      vertex 41.24560660868883 -16.96455856412649 2
    endloop
  endfacet
  facet normal 0 0 1
    outer loop
      vertex 41.473636001348495 -15.5 2
      vertex 41.24560660868883 -16.96455856412649 2
      vertex 41.293380819261074 -16.951116986572742 2
    endloop
  endfacet
  facet normal 0 0 1
    outer loop
      vertex 41.473636001348495 -15.5 2
      vertex 41.293380819261074 -16.951116986572742 2
      vertex 41.340425446629524 -16.93531083315611 2
    endloop
  endfacet
  facet normal 0 0 1
    outer loop
      vertex 41.473636001348495 -15.5 2
      vertex 41.340425446629524 -16.93531083315611 2
      vertex 41.3866233676672 -16.917179487645626 2
    endloop
  endfacet
  facet normal 0 0 1
    outer loop
      vertex 41.473636001348495 -15.5 2
      vertex 41.3866233676672 -16.917179487645626 2
      vertex 41.431860737502575 -16.896767608821392 2
    endloop
  endfacet
  facet normal 0 0 1
    outer loop
      vertex 41.473636001348495 -15.5 2
      vertex 41.431860737502575 -16.896767608821392 2
      vertex 41.47602368891239 -16.874126583337784 2
    endloop
  endfacet
  facet normal 0 0 1
    outer loop
      vertex 41.473636001348495 -15.5 2
      vertex 41.47602368891239 -16.874126583337784 2
      vertex 41.51900377124548 -16.849312022328377 2
    endloop
  endfacet
  facet normal 0 0 1
    outer loop
      vertex 41.473636001348495 -15.5 2
      vertex 41.51900377124548 -16.849312022328377 2
      vertex 41.560693331062794 -16.822386048734188 2
    endloop
  endfacet
  facet normal 0 0 1
    outer loop
      vertex 41.473636001348495 -15.5 2
      vertex 41.560693331062794 -16.822386048734188 2
      vertex 41.60098893195391 -16.79341547936201 2
    endloop
  endfacet
  facet normal 0 0 1
    outer loop
      vertex 41.473636001348495 -15.5 2
      vertex 41.60098893195391 -16.79341547936201 2
      vertex 41.63979036360979 -16.7624723687768 2
    endloop
  endfacet
  facet normal 0 0 1
    outer loop
      vertex 41.473636001348495 -15.5 2
      vertex 41.63979036360979 -16.7624723687768 2
      vertex 41.677001006901264 -16.729633785784245 2
    endloop
  endfacet
  facet normal 0 0 1
    outer loop
      vertex 41.473636001348495 -15.5 2
      vertex 41.677001006901264 -16.729633785784245 2
      vertex 41.71252880245447 -16.694980949163437 2
    endloop
  endfacet
  facet normal 0 0 1
    outer loop
      vertex 41.473636001348495 -15.5 2
      vertex 41.71252880245447 -16.694980949163437 2
      vertex 41.74628511816263 -16.65860029309988 2
    endloop
  endfacet
  facet normal 0 0 1
    outer loop
      vertex 41.473636001348495 -15.5 2
      vertex 41.74628511816263 -16.65860029309988 2
      vertex 41.778185807168484 -16.620582535862923 2
    endloop
  endfacet
  facet normal 0 0 1
    outer loop
      vertex 41.473636001348495 -15.5 2
      vertex 41.778185807168484 -16.620582535862923 2
      vertex 41.80815190821886 -16.581021785736084 2
    endloop
  endfacet
  facet normal 0 0 1
    outer loop
      vertex 41.473636001348495 -15.5 2
      vertex 41.80815190821886 -16.581021785736084 2
      vertex 41.8361089900136 -16.540016278624535 2
    endloop
  endfacet
  facet normal 0 0 1
    outer loop
      vertex 41.473636001348495 -15.5 2
      vertex 41.8361089900136 -16.540016278624535 2
      vertex 41.861987106502056 -16.497668623924255 2
    endloop
  endfacet
  facet normal 0 0 1
    outer loop
      vertex 41.473636001348495 -15.5 2
      vertex 41.861987106502056 -16.497668623924255 2
      vertex 41.885722413659096 -16.454083286225796 2
    endloop
  endfacet
  facet normal 0 0 1
    outer loop
      vertex 41.473636001348495 -15.5 2
      vertex 41.885722413659096 -16.454083286225796 2
      vertex 41.90725553035736 -16.409369312226772 2
    endloop
  endfacet
  facet normal 0 0 1
    outer loop
      vertex 41.473636001348495 -15.5 2
      vertex 41.90725553035736 -16.409369312226772 2
      vertex 41.92653313279152 -16.363637432456017 2
    endloop
  endfacet
  facet normal 0 0 1
    outer loop
      vertex 41.473636001348495 -15.5 2
      vertex 41.92653313279152 -16.363637432456017 2
      vertex 41.943507201969624 -16.317001573741436 2
    endloop
  endfacet
  facet normal 0 0 1
    outer loop
      vertex 41.473636001348495 -15.5 2
      vertex 41.943507201969624 -16.317001573741436 2
      vertex 41.95813558995724 -16.269577503204346 2
    endloop
  endfacet
  facet normal 0 0 1
    outer loop
      vertex 41.473636001348495 -15.5 2
      vertex 41.95813558995724 -16.269577503204346 2
      vertex 41.97038186341524 -16.22148334980011 2
    endloop
  endfacet
  facet normal 0 0 1
    outer loop
      vertex 41.473636001348495 -15.5 2
      vertex 41.97038186341524 -16.22148334980011 2
      vertex 41.9802156239748 -16.172838546335697 2
    endloop
  endfacet
  facet normal 0 0 1
    outer loop
      vertex 41.473636001348495 -15.5 2
      vertex 41.9802156239748 -16.172838546335697 2
      vertex 41.98761244863272 -16.12376379966736 2
    endloop
  endfacet
  facet normal 0 0 1
    outer loop
      vertex 41.473636001348495 -15.5 2
      vertex 41.98761244863272 -16.12376379966736 2
      vertex 41.992553889751434 -16.074381545186043 2
    endloop
  endfacet
  facet normal 0 0 1
    outer loop
      vertex 41.473636001348495 -15.5 2
      vertex 41.992553889751434 -16.074381545186043 2
      vertex 41.99937912076712 -15.937625147402287 2
    endloop
  endfacet
  facet normal 0 0 1
    outer loop
      vertex 41.473636001348495 -15.5 2
      vertex 41.99937912076712 -15.937625147402287 2
      vertex 42 -15.912728801369667 2
    endloop
  endfacet
  facet normal 0 0 1
    outer loop
      vertex 34.751108072698116 -15.5 2
      vertex 29.441941790282726 -2.676792599260807 2
      vertex 28.13183941692114 -4.846350312232971 2
    endloop
  endfacet
  facet normal 0 0 1
    outer loop
      vertex 27.16651389747858 -15.5 2
      vertex 28.13183941692114 -4.846350312232971 2
      vertex 28.13183941692114 3.9479175731539726 2
    endloop
  endfacet
  facet normal 0 0 1
    outer loop
      vertex 27.16651389747858 -15.5 2
      vertex 28.13183941692114 3.9479175731539726 2
      vertex 27.16651389747858 15.182868152856827 2
    endloop
  endfacet
  facet normal 0 0 1
    outer loop
      vertex 41.473636001348495 -15.5 2
      vertex 42 -15.912728801369667 2
      vertex 42 15.91272871941328 2
    endloop
  endfacet
  facet normal 0 0 1
    outer loop
      vertex 41.473636001348495 -15.5 2
      vertex 34.3373261988163 4.567990444600582 2
      vertex 30.99331348389387 9.177951917052269 2
    endloop
  endfacet
  facet normal 0 0 -1
    outer loop
      vertex 4.654248937964439 -8.216723896563053 0
      vertex 4.654248937964439 7.744504116475582 0
      vertex 8.446546025574207 10.844031661748886 0
    endloop
  endfacet
  facet normal 0 0 -1
    outer loop
      vertex 4.654248937964439 -8.216723896563053 0
      vertex 11.163283348083496 8.033644780516624 0
      vertex 11.170010060071945 7.744504116475582 0
    endloop
  endfacet
  facet normal 0 0 -1
    outer loop
      vertex 4.654248937964439 -8.216723896563053 0
      vertex 11.143085949122906 8.308312676846981 0
      vertex 11.163283348083496 8.033644780516624 0
    endloop
  endfacet
  facet normal 0 0 -1
    outer loop
      vertex 4.654248937964439 -8.216723896563053 0
      vertex 11.10939197987318 8.568566210567951 0
      vertex 11.143085949122906 8.308312676846981 0
    endloop
  endfacet
  facet normal 0 0 -1
    outer loop
      vertex 4.654248937964439 -8.216723896563053 0
      vertex 11.062175571918488 8.814463689923286 0
      vertex 11.10939197987318 8.568566210567951 0
    endloop
  endfacet
  facet normal 0 0 -1
    outer loop
      vertex 4.654248937964439 -8.216723896563053 0
      vertex 11.001410856842995 9.046063520014286 0
      vertex 11.062175571918488 8.814463689923286 0
    endloop
  endfacet
  facet normal 0 0 -1
    outer loop
      vertex 4.654248937964439 -8.216723896563053 0
      vertex 10.839132972061634 9.466603681445122 0
      vertex 10.927071951329708 9.263424068689346 0
    endloop
  endfacet
  facet normal 0 0 -1
    outer loop
      vertex 4.654248937964439 -8.216723896563053 0
      vertex 10.927071951329708 9.263424068689346 0
      vertex 11.001410856842995 9.046063520014286 0
    endloop
  endfacet
  facet normal 0 0 -1
    outer loop
      vertex 4.654248937964439 -8.216723896563053 0
      vertex 10.73756804317236 9.65566074848175 0
      vertex 10.839132972061634 9.466603681445122 0
    endloop
  endfacet
  facet normal 0 0 -1
    outer loop
      vertex 4.654248937964439 -8.216723896563053 0
      vertex 10.622351318597794 9.830653607845306 0
      vertex 10.73756804317236 9.65566074848175 0
    endloop
  endfacet
  facet normal 0 0 -1
    outer loop
      vertex 4.654248937964439 -8.216723896563053 0
      vertex 10.493456855416298 9.991640664637089 0
      vertex 10.622351318597794 9.830653607845306 0
    endloop
  endfacet
  facet normal 0 0 -1
    outer loop
      vertex 4.654248937964439 -8.216723896563053 0
      vertex 10.350858844816685 10.138680264353752 0
      vertex 10.493456855416298 9.991640664637089 0
    endloop
  endfacet
  facet normal 0 0 -1
    outer loop
      vertex 4.654248937964439 -8.216723896563053 0
      vertex 10.194531358778477 10.27183074504137 0
      vertex 10.350858844816685 10.138680264353752 0
    endloop
  endfacet
  facet normal 0 0 -1
    outer loop
      vertex 4.654248937964439 -8.216723896563053 0
      vertex 10.024448566138744 10.391150534152985 0
      vertex 10.194531358778477 10.27183074504137 0
    endloop
  endfacet
  facet normal 0 0 -1
    outer loop
      vertex 4.654248937964439 -8.216723896563053 0
      vertex 8.446546025574207 10.844031661748886 0
      vertex 8.713640689849854 10.819892659783363 0
    endloop
  endfacet
  facet normal 0 0 -1
    outer loop
      vertex 4.654248937964439 -8.216723896563053 0
      vertex 8.713640689849854 10.819892659783363 0
      vertex 8.966798894107342 10.782331474125385 0
    endloop
  endfacet
  facet normal 0 0 -1
    outer loop
      vertex 4.654248937964439 -8.216723896563053 0
      vertex 9.431409396231174 10.66670922935009 0
      vertex 9.642913445830345 10.588531412184238 0
    endloop
  endfacet
  facet normal 0 0 -1
    outer loop
      vertex 4.654248937964439 -8.216723896563053 0
      vertex 8.966798894107342 10.782331474125385 0
      vertex 9.206046491861343 10.7312897965312 0
    endloop
  endfacet
  facet normal 0 0 -1
    outer loop
      vertex 4.654248937964439 -8.216723896563053 0
      vertex 9.206046491861343 10.7312897965312 0
      vertex 9.431409396231174 10.66670922935009 0
    endloop
  endfacet
  facet normal 0 0 -1
    outer loop
      vertex 4.654248937964439 -8.216723896563053 0
      vertex 9.642913445830345 10.588531412184238 0
      vertex 9.84058453887701 10.496697962284088 0
    endloop
  endfacet
  facet normal 0 0 -1
    outer loop
      vertex 4.654248937964439 -8.216723896563053 0
      vertex 9.84058453887701 10.496697962284088 0
      vertex 10.024448566138744 10.391150534152985 0
    endloop
  endfacet
  facet normal 1 0 0
    outer loop
      vertex -1.7580046728253365 -7.093173071742058 0
      vertex -1.7580046728253365 7.473379135131836 0
      vertex -1.7580046728253365 7.473379135131836 2
    endloop
  endfacet
  facet normal 0 0 -1
    outer loop
      vertex 4.654248937964439 7.744504116475582 0
      vertex 4.660459905862808 8.011539906263351 0
      vertex 8.446546025574207 10.844031661748886 0
    endloop
  endfacet
  facet normal 0 0 -1
    outer loop
      vertex 4.660459905862808 8.011539906263351 0
      vertex 4.679109841585159 8.266400165855885 0
      vertex 8.446546025574207 10.844031661748886 0
    endloop
  endfacet
  facet normal 0 0 -1
    outer loop
      vertex 4.679109841585159 8.266400165855885 0
      vertex 4.710224263370037 8.50911421328783 0
      vertex 8.446546025574207 10.844031661748886 0
    endloop
  endfacet
  facet normal 0 0 -1
    outer loop
      vertex 4.710224263370037 8.50911421328783 0
      vertex 4.753828629851341 8.739711292088032 0
      vertex 8.446546025574207 10.844031661748886 0
    endloop
  endfacet
  facet normal 0 0 -1
    outer loop
      vertex 4.753828629851341 8.739711292088032 0
      vertex 4.809948481619358 8.95822075009346 0
      vertex 8.446546025574207 10.844031661748886 0
    endloop
  endfacet
  facet normal 0 0 -1
    outer loop
      vertex 4.809948481619358 8.95822075009346 0
      vertex 4.878609292209148 9.164671823382378 0
      vertex 8.446546025574207 10.844031661748886 0
    endloop
  endfacet
  facet normal 0 0 -1
    outer loop
      vertex 4.878609292209148 9.164671823382378 0
      vertex 4.95983661711216 9.359093822538853 0
      vertex 8.446546025574207 10.844031661748886 0
    endloop
  endfacet
  facet normal 0 0 -1
    outer loop
      vertex 4.95983661711216 9.359093822538853 0
      vertex 5.0536559000611305 9.54151602089405 0
      vertex 8.446546025574207 10.844031661748886 0
    endloop
  endfacet
  facet normal 0 0 -1
    outer loop
      vertex 5.0536559000611305 9.54151602089405 0
      vertex 5.160092703998089 9.711967721581459 0
      vertex 8.446546025574207 10.844031661748886 0
    endloop
  endfacet
  facet normal 0 0 -1
    outer loop
      vertex 5.160092703998089 9.711967721581459 0
      vertex 5.279172487556934 9.870478212833405 0
      vertex 8.446546025574207 10.844031661748886 0
    endloop
  endfacet
  facet normal 0 0 -1
    outer loop
      vertex 5.279172487556934 9.870478212833405 0
      vertex 5.410920761525631 10.017076767981052 0
      vertex 8.446546025574207 10.844031661748886 0
    endloop
  endfacet
  facet normal 0 0 -1
    outer loop
      vertex 5.410920761525631 10.017076767981052 0
      vertex 5.555363066494465 10.15179268270731 0
      vertex 8.446546025574207 10.844031661748886 0
    endloop
  endfacet
  facet normal 0 0 -1
    outer loop
      vertex 5.555363066494465 10.15179268270731 0
      vertex 5.712524861097336 10.274655245244503 0
      vertex 8.446546025574207 10.844031661748886 0
    endloop
  endfacet
  facet normal 0 0 -1
    outer loop
      vertex 5.712524861097336 10.274655245244503 0
      vertex 5.882431671023369 10.385693773627281 0
      vertex 8.446546025574207 10.844031661748886 0
    endloop
  endfacet
  facet normal 0 0 -1
    outer loop
      vertex 5.882431671023369 10.385693773627281 0
      vertex 6.065109021961689 10.484937496483326 0
      vertex 8.446546025574207 10.844031661748886 0
    endloop
  endfacet
  facet normal 0 0 -1
    outer loop
      vertex 6.065109021961689 10.484937496483326 0
      vertex 6.260582387447357 10.572415761649609 0
      vertex 8.446546025574207 10.844031661748886 0
    endloop
  endfacet
  facet normal 0 0 -1
    outer loop
      vertex 6.260582387447357 10.572415761649609 0
      vertex 6.468877263367176 10.648157812654972 0
      vertex 8.446546025574207 10.844031661748886 0
    endloop
  endfacet
  facet normal 0 0 -1
    outer loop
      vertex 6.468877263367176 10.648157812654972 0
      vertex 6.6900191977620125 10.712192952632904 0
      vertex 8.446546025574207 10.844031661748886 0
    endloop
  endfacet
  facet normal 0 0 -1
    outer loop
      vertex 6.6900191977620125 10.712192952632904 0
      vertex 6.924033649265766 10.764550477266312 0
      vertex 8.446546025574207 10.844031661748886 0
    endloop
  endfacet
  facet normal 0 0 -1
    outer loop
      vertex 6.924033649265766 10.764550477266312 0
      vertex 7.170946151018143 10.805259682238102 0
      vertex 8.446546025574207 10.844031661748886 0
    endloop
  endfacet
  facet normal 0.9995850101310344 -0.028806379872172914 0
    outer loop
      vertex -1.7580046728253365 7.473379135131836 0
      vertex -1.7357648387551308 8.245104178786278 0
      vertex -1.7357648387551308 8.245104178786278 2
    endloop
  endfacet
  facet normal 0.995897951149235 -0.09048353936908289 0
    outer loop
      vertex -1.7357648387551308 8.245104178786278 0
      vertex -1.669027917087078 8.979637376964092 0
      vertex -1.669027917087078 8.979637376964092 2
    endloop
  endfacet
  facet normal 0.987510034577782 -0.15755612209047223 0
    outer loop
      vertex -1.669027917087078 8.979637376964092 0
      vertex -1.5577678754925728 9.676978781819344 0
      vertex -1.5577678754925728 9.676978781819344 2
    endloop
  endfacet
  facet normal 0.9732591956095559 -0.2297096823415166 0
    outer loop
      vertex -1.5577678754925728 9.676978781819344 0
      vertex -1.4019586592912674 10.33712837100029 0
      vertex -1.4019586592912674 10.33712837100029 2
    endloop
  endfacet
  facet normal 0.9519626286721131 -0.3062142282972503 0
    outer loop
      vertex -1.4019586592912674 10.33712837100029 0
      vertex -1.2015741914510727 10.960086114704609 0
      vertex -1.2015741914510727 10.960086114704609 2
    endloop
  endfacet
  facet normal 0.9225635483803097 -0.3858451751673614 0
    outer loop
      vertex -1.2015741914510727 10.960086114704609 0
      vertex -0.9565883949398994 11.545852065086365 0
      vertex -0.9565883949398994 11.545852065086365 2
    endloop
  endfacet
  facet normal 0.8843262248989981 -0.46686949777843323 0
    outer loop
      vertex -0.9565883949398994 11.545852065086365 0
      vertex -0.6669752299785614 12.094426169991493 0
      vertex -0.6669752299785614 12.094426169991493 2
    endloop
  endfacet
  facet normal -0.9997296206839295 0.023252645595001564 0
    outer loop
      vertex 4.654248937964439 7.744504116475582 0
      vertex 4.654248937964439 7.744504116475582 2
      vertex 4.660459905862808 8.011539906263351 0
    endloop
  endfacet
  facet normal -0.9973332610258756 0.07298195976741567 0
    outer loop
      vertex 4.660459905862808 8.011539906263351 0
      vertex 4.660459905862808 8.011539906263351 2
      vertex 4.679109841585159 8.266400165855885 0
    endloop
  endfacet
  facet normal -0.9918830892293377 0.12715320405269284 0
    outer loop
      vertex 4.679109841585159 8.266400165855885 0
      vertex 4.679109841585159 8.266400165855885 2
      vertex 4.710224263370037 8.50911421328783 0
    endloop
  endfacet
  facet normal -0.9825874478147175 0.1858007195813829 0
    outer loop
      vertex 4.710224263370037 8.50911421328783 0
      vertex 4.710224263370037 8.50911421328783 2
      vertex 4.753828629851341 8.739711292088032 0
    endloop
  endfacet
  facet normal -0.9685659060462148 0.2487570815974389 0
    outer loop
      vertex 4.753828629851341 8.739711292088032 0
      vertex 4.753828629851341 8.739711292088032 2
      vertex 4.809948481619358 8.95822075009346 0
    endloop
  endfacet
  facet normal -0.948898476815207 0.31558149612703856 0
    outer loop
      vertex 4.809948481619358 8.95822075009346 0
      vertex 4.809948481619358 8.95822075009346 2
      vertex 4.878609292209148 9.164671823382378 0
    endloop
  endfacet
  facet normal -0.9227089178704032 0.3854974096961347 0
    outer loop
      vertex 4.878609292209148 9.164671823382378 0
      vertex 4.878609292209148 9.164671823382378 2
      vertex 4.95983661711216 9.359093822538853 0
    endloop
  endfacet
  facet normal -0.8892835348349394 0.45735631040959224 0
    outer loop
      vertex 4.95983661711216 9.359093822538853 0
      vertex 4.95983661711216 9.359093822538853 2
      vertex 5.0536559000611305 9.54151602089405 0
    endloop
  endfacet
  facet normal -0.8482118429985602 0.5296571243710273 0
    outer loop
      vertex 5.0536559000611305 9.54151602089405 0
      vertex 5.0536559000611305 9.54151602089405 2
      vertex 5.160092703998089 9.711967721581459 0
    endloop
  endfacet
  facet normal -0.7995229946562712 0.6006354809831569 0
    outer loop
      vertex 5.160092703998089 9.711967721581459 0
      vertex 5.160092703998089 9.711967721581459 2
      vertex 5.279172487556934 9.870478212833405 0
    endloop
  endfacet
  facet normal -0.7437743522923732 0.6684307839051555 0
    outer loop
      vertex 5.279172487556934 9.870478212833405 0
      vertex 5.279172487556934 9.870478212833405 2
      vertex 5.410920761525631 10.017076767981052 0
    endloop
  endfacet
  facet normal -0.6820560021352832 0.7312999452695416 0
    outer loop
      vertex 5.410920761525631 10.017076767981052 0
      vertex 5.410920761525631 10.017076767981052 2
      vertex 5.555363066494465 10.15179268270731 0
    endloop
  endfacet
  facet normal -0.6158927645139767 0.7878299960139441 0
    outer loop
      vertex 5.555363066494465 10.15179268270731 0
      vertex 5.555363066494465 10.15179268270731 2
      vertex 5.712524861097336 10.274655245244503 0
    endloop
  endfacet
  facet normal -0.5470616478379134 0.8370923207537306 0
    outer loop
      vertex 5.712524861097336 10.274655245244503 0
      vertex 5.712524861097336 10.274655245244503 2
      vertex 5.882431671023369 10.385693773627281 0
    endloop
  endfacet
  facet normal -0.4773742649024204 0.8787000689705639 0
    outer loop
      vertex 5.882431671023369 10.385693773627281 0
      vertex 5.882431671023369 10.385693773627281 2
      vertex 6.065109021961689 10.484937496483326 0
    endloop
  endfacet
  facet normal -0.4084814362130153 0.9127666274954143 0
    outer loop
      vertex 6.065109021961689 10.484937496483326 0
      vertex 6.065109021961689 10.484937496483326 2
      vertex 6.260582387447357 10.572415761649609 0
    endloop
  endfacet
  facet normal -0.34173692535277694 0.9397956553689907 0
    outer loop
      vertex 6.260582387447357 10.572415761649609 0
      vertex 6.260582387447357 10.572415761649609 2
      vertex 6.468877263367176 10.648157812654972 0
    endloop
  endfacet
  facet normal -0.2781397107918729 0.9605406296875802 0
    outer loop
      vertex 6.468877263367176 10.648157812654972 0
      vertex 6.468877263367176 10.648157812654972 2
      vertex 6.6900191977620125 10.712192952632904 0
    endloop
  endfacet
  facet normal -0.21833823686891793 0.9758731548315961 0
    outer loop
      vertex 6.6900191977620125 10.712192952632904 0
      vertex 6.6900191977620125 10.712192952632904 2
      vertex 6.924033649265766 10.764550477266312 0
    endloop
  endfacet
  facet normal -0.16267679483855943 0.9866794111670991 0
    outer loop
      vertex 6.924033649265766 10.764550477266312 0
      vertex 6.924033649265766 10.764550477266312 2
      vertex 7.170946151018143 10.805259682238102 0
    endloop
  endfacet
  facet normal 0.09000936008252218 0.9959409194814393 0
    outer loop
      vertex 8.446546025574207 10.844031661748886 0
      vertex 8.446546025574207 10.844031661748886 2
      vertex 8.713640689849854 10.819892659783363 0
    endloop
  endfacet
  facet normal 0.14676378755704655 0.989171567859646 0
    outer loop
      vertex 8.713640689849854 10.819892659783363 0
      vertex 8.713640689849854 10.819892659783363 2
      vertex 8.966798894107342 10.782331474125385 0
    endloop
  endfacet
  facet normal 0.42132864187096075 0.9069080303642546 0
    outer loop
      vertex 9.642913445830345 10.588531412184238 0
      vertex 9.642913445830345 10.588531412184238 2
      vertex 9.84058453887701 10.496697962284088 0
    endloop
  endfacet
  facet normal 0.2754749386059103 0.9613082534754759 0
    outer loop
      vertex 9.206046491861343 10.7312897965312 0
      vertex 9.206046491861343 10.7312897965312 2
      vertex 9.431409396231174 10.66670922935009 0
    endloop
  endfacet
  facet normal 0.20864703459171113 0.9779910096499279 0
    outer loop
      vertex 8.966798894107342 10.782331474125385 0
      vertex 8.966798894107342 10.782331474125385 2
      vertex 9.206046491861343 10.7312897965312 0
    endloop
  endfacet
  facet normal 0.3467019459105442 0.9379753518626394 0
    outer loop
      vertex 9.431409396231174 10.66670922935009 0
      vertex 9.431409396231174 10.66670922935009 2
      vertex 9.642913445830345 10.588531412184238 0
    endloop
  endfacet
  facet normal 0 0 -1
    outer loop
      vertex 11.170010060071945 -3.9939244389533997 0
      vertex 11.170010060071945 4.490446470677853 0
      vertex 17.720273688435555 4.490446470677853 0
    endloop
  endfacet
  facet normal 1 0 0
    outer loop
      vertex 11.170010060071945 4.490446470677853 0
      vertex 11.170010060071945 7.744504116475582 0
      vertex 11.170010060071945 7.744504116475582 2
    endloop
  endfacet
  facet normal 0 1 0
    outer loop
      vertex 11.170010060071945 4.490446470677853 0
      vertex 11.170010060071945 4.490446470677853 2
      vertex 17.720273688435555 4.490446470677853 0
    endloop
  endfacet
  facet normal -1 0 0
    outer loop
      vertex 17.720273688435555 4.490446470677853 0
      vertex 17.720273688435555 4.490446470677853 2
      vertex 17.720273688435555 7.357342094182968 0
    endloop
  endfacet
  facet normal 1 0 0
    outer loop
      vertex 20.823017075657845 -15.5 0
      vertex 20.823017075657845 15.182868152856827 0
      vertex 20.823017075657845 15.182868152856827 2
    endloop
  endfacet
  facet normal 0 0 -1
    outer loop
      vertex 17.720273688435555 4.490446470677853 0
      vertex 17.720273688435555 7.357342094182968 0
      vertex 20.823017075657845 15.182868152856827 0
    endloop
  endfacet
  facet normal 0 0 -1
    outer loop
      vertex 17.510954961180687 9.699172504246235 0
      vertex 17.348220504820347 10.397001251578331 0
      vertex 20.823017075657845 15.182868152856827 0
    endloop
  endfacet
  facet normal 0 0 -1
    outer loop
      vertex 17.348220504820347 10.397001251578331 0
      vertex 17.139048412442207 11.053342007100582 0
      vertex 20.823017075657845 15.182868152856827 0
    endloop
  endfacet
  facet normal 0 0 -1
    outer loop
      vertex 17.720273688435555 7.357342094182968 0
      vertex 17.697007425129414 8.179284565150738 0
      vertex 20.823017075657845 15.182868152856827 0
    endloop
  endfacet
  facet normal 0 0 -1
    outer loop
      vertex 17.697007425129414 8.179284565150738 0
      vertex 17.627225890755653 8.959914155304432 0
      vertex 20.823017075657845 15.182868152856827 0
    endloop
  endfacet
  facet normal 0 0 -1
    outer loop
      vertex 17.627225890755653 8.959914155304432 0
      vertex 17.510954961180687 9.699172504246235 0
      vertex 20.823017075657845 15.182868152856827 0
    endloop
  endfacet
  facet normal 0.999729491401497 0.02325820332923493 0
    outer loop
      vertex 11.170010060071945 7.744504116475582 0
      vertex 11.163283348083496 8.033644780516624 0
      vertex 11.163283348083496 8.033644780516624 2
    endloop
  endfacet
  facet normal 0.9973072986283876 0.07333588550326677 0
    outer loop
      vertex 11.163283348083496 8.033644780516624 0
      vertex 11.143085949122906 8.308312676846981 0
      vertex 11.143085949122906 8.308312676846981 2
    endloop
  endfacet
  facet normal 0.9917231890239647 0.1283943781952213 0
    outer loop
      vertex 11.143085949122906 8.308312676846981 0
      vertex 11.10939197987318 8.568566210567951 0
      vertex 11.10939197987318 8.568566210567951 2
    endloop
  endfacet
  facet normal 0.9820594152725726 0.18857174993750428 0
    outer loop
      vertex 11.10939197987318 8.568566210567951 0
      vertex 11.062175571918488 8.814463689923286 0
      vertex 11.062175571918488 8.814463689923286 2
    endloop
  endfacet
  facet normal 0.9672619738921525 0.2537799713575851 0
    outer loop
      vertex 11.062175571918488 8.814463689923286 0
      vertex 11.001410856842995 9.046063520014286 0
      vertex 11.001410856842995 9.046063520014286 2
    endloop
  endfacet
  facet normal 0.9461923544738688 0.3236047409034615 0
    outer loop
      vertex 11.001410856842995 9.046063520014286 0
      vertex 10.927071951329708 9.263424068689346 0
      vertex 10.927071951329708 9.263424068689346 2
    endloop
  endfacet
  facet normal 0.9177294195317963 0.39720613354508033 0
    outer loop
      vertex 10.839132972061634 9.466603681445122 0
      vertex 10.839132972061634 9.466603681445122 2
      vertex 10.927071951329708 9.263424068689346 0
    endloop
  endfacet
  facet normal 0.6484174139283112 0.7612850039995015 0
    outer loop
      vertex 10.350858844816685 10.138680264353752 0
      vertex 10.194531358778477 10.27183074504137 0
      vertex 10.194531358778477 10.27183074504137 2
    endloop
  endfacet
  facet normal 0.7178658524309347 0.6961814547326061 0
    outer loop
      vertex 10.350858844816685 10.138680264353752 0
      vertex 10.350858844816685 10.138680264353752 2
      vertex 10.493456855416298 9.991640664637089 0
    endloop
  endfacet
  facet normal 0.8809278378896865 0.4732506148236917 0
    outer loop
      vertex 10.839132972061634 9.466603681445122 0
      vertex 10.73756804317236 9.65566074848175 0
      vertex 10.73756804317236 9.65566074848175 2
    endloop
  endfacet
  facet normal 0.8352201357671544 0.5499157433726518 0
    outer loop
      vertex 10.73756804317236 9.65566074848175 0
      vertex 10.622351318597794 9.830653607845306 0
      vertex 10.622351318597794 9.830653607845306 2
    endloop
  endfacet
  facet normal 0.7806208173430567 0.6250049116052274 0
    outer loop
      vertex 10.622351318597794 9.830653607845306 0
      vertex 10.493456855416298 9.991640664637089 0
      vertex 10.493456855416298 9.991640664637089 2
    endloop
  endfacet
  facet normal 0.5743078480796046 0.8186394173469623 0
    outer loop
      vertex 10.024448566138744 10.391150534152985 0
      vertex 10.024448566138744 10.391150534152985 2
      vertex 10.194531358778477 10.27183074504137 0
    endloop
  endfacet
  facet normal 0.49785282015839094 0.8672615346366613 0
    outer loop
      vertex 10.024448566138744 10.391150534152985 0
      vertex 9.84058453887701 10.496697962284088 0
      vertex 9.84058453887701 10.496697962284088 2
    endloop
  endfacet
  facet normal -0.9995996133863865 -0.02829510413104846 0
    outer loop
      vertex 17.720273688435555 7.357342094182968 0
      vertex 17.720273688435555 7.357342094182968 2
      vertex 17.697007425129414 8.179284565150738 0
    endloop
  endfacet
  facet normal -0.9960283796772295 -0.08903632336048513 0
    outer loop
      vertex 17.697007425129414 8.179284565150738 0
      vertex 17.697007425129414 8.179284565150738 2
      vertex 17.627225890755653 8.959914155304432 0
    endloop
  endfacet
  facet normal -0.9878562630820941 -0.15537053610476 0
    outer loop
      vertex 17.627225890755653 8.959914155304432 0
      vertex 17.627225890755653 8.959914155304432 2
      vertex 17.510954961180687 9.699172504246235 0
    endloop
  endfacet
  facet normal -0.9738696911274387 -0.22710751793665296 0
    outer loop
      vertex 17.510954961180687 9.699172504246235 0
      vertex 17.510954961180687 9.699172504246235 2
      vertex 17.348220504820347 10.397001251578331 0
    endloop
  endfacet
  facet normal -0.9527845818630808 -0.3036470657918406 0
    outer loop
      vertex 17.348220504820347 10.397001251578331 0
      vertex 17.348220504820347 10.397001251578331 2
      vertex 17.139048412442207 11.053342007100582 0
    endloop
  endfacet
  facet normal -0.923386147521914 -0.38387240401549866 0
    outer loop
      vertex 16.88346454501152 11.668136402964592 0
      vertex 17.139048412442207 11.053342007100582 0
      vertex 17.139048412442207 11.053342007100582 2
    endloop
  endfacet
  facet normal -0.8847330460178428 -0.4660980983483946 0
    outer loop
      vertex 16.88346454501152 11.668136402964592 0
      vertex 16.88346454501152 11.668136402964592 2
      vertex 16.58149478584528 12.241326093673706 0
    endloop
  endfacet
  facet normal -1 0 0
    outer loop
      vertex 4.654248937964439 -8.216723896563053 2
      vertex 4.654248937964439 7.744504116475582 2
      vertex 4.654248937964439 7.744504116475582 0
    endloop
  endfacet
  facet normal 0.9995850101310344 -0.028806379872172914 0
    outer loop
      vertex -1.7580046728253365 7.473379135131836 0
      vertex -1.7357648387551308 8.245104178786278 2
      vertex -1.7580046728253365 7.473379135131836 2
    endloop
  endfacet
  facet normal 0.995897951149235 -0.09048353936908289 0
    outer loop
      vertex -1.7357648387551308 8.245104178786278 0
      vertex -1.669027917087078 8.979637376964092 2
      vertex -1.7357648387551308 8.245104178786278 2
    endloop
  endfacet
  facet normal 0.987510034577782 -0.15755612209047223 0
    outer loop
      vertex -1.669027917087078 8.979637376964092 0
      vertex -1.5577678754925728 9.676978781819344 2
      vertex -1.669027917087078 8.979637376964092 2
    endloop
  endfacet
  facet normal 0.9732591956095559 -0.2297096823415166 0
    outer loop
      vertex -1.5577678754925728 9.676978781819344 0
      vertex -1.4019586592912674 10.33712837100029 2
      vertex -1.5577678754925728 9.676978781819344 2
    endloop
  endfacet
  facet normal 0.9519626286721131 -0.3062142282972503 0
    outer loop
      vertex -1.4019586592912674 10.33712837100029 0
      vertex -1.2015741914510727 10.960086114704609 2
      vertex -1.4019586592912674 10.33712837100029 2
    endloop
  endfacet
  facet normal 0.9225635483803097 -0.3858451751673614 0
    outer loop
      vertex -1.2015741914510727 10.960086114704609 0
      vertex -0.9565883949398994 11.545852065086365 2
      vertex -1.2015741914510727 10.960086114704609 2
    endloop
  endfacet
  facet normal 0.8843262248989981 -0.46686949777843323 0
    outer loop
      vertex -0.9565883949398994 11.545852065086365 0
      vertex -0.6669752299785614 12.094426169991493 2
      vertex -0.9565883949398994 11.545852065086365 2
    endloop
  endfacet
  facet normal -0.9997296206839295 0.023252645595001564 0
    outer loop
      vertex 4.660459905862808 8.011539906263351 0
      vertex 4.654248937964439 7.744504116475582 2
      vertex 4.660459905862808 8.011539906263351 2
    endloop
  endfacet
  facet normal -0.9973332610258756 0.07298195976741567 0
    outer loop
      vertex 4.679109841585159 8.266400165855885 0
      vertex 4.660459905862808 8.011539906263351 2
      vertex 4.679109841585159 8.266400165855885 2
    endloop
  endfacet
  facet normal -0.9918830892293377 0.12715320405269284 0
    outer loop
      vertex 4.710224263370037 8.50911421328783 0
      vertex 4.679109841585159 8.266400165855885 2
      vertex 4.710224263370037 8.50911421328783 2
    endloop
  endfacet
  facet normal -0.9825874478147175 0.1858007195813829 0
    outer loop
      vertex 4.753828629851341 8.739711292088032 0
      vertex 4.710224263370037 8.50911421328783 2
      vertex 4.753828629851341 8.739711292088032 2
    endloop
  endfacet
  facet normal -0.9685659060462148 0.2487570815974389 0
    outer loop
      vertex 4.809948481619358 8.95822075009346 0
      vertex 4.753828629851341 8.739711292088032 2
      vertex 4.809948481619358 8.95822075009346 2
    endloop
  endfacet
  facet normal -0.948898476815207 0.31558149612703856 0
    outer loop
      vertex 4.878609292209148 9.164671823382378 0
      vertex 4.809948481619358 8.95822075009346 2
      vertex 4.878609292209148 9.164671823382378 2
    endloop
  endfacet
  facet normal -0.9227089178704032 0.3854974096961347 0
    outer loop
      vertex 4.95983661711216 9.359093822538853 0
      vertex 4.878609292209148 9.164671823382378 2
      vertex 4.95983661711216 9.359093822538853 2
    endloop
  endfacet
  facet normal -0.8892835348349394 0.45735631040959224 0
    outer loop
      vertex 5.0536559000611305 9.54151602089405 0
      vertex 4.95983661711216 9.359093822538853 2
      vertex 5.0536559000611305 9.54151602089405 2
    endloop
  endfacet
  facet normal -0.8482118429985602 0.5296571243710273 0
    outer loop
      vertex 5.160092703998089 9.711967721581459 0
      vertex 5.0536559000611305 9.54151602089405 2
      vertex 5.160092703998089 9.711967721581459 2
    endloop
  endfacet
  facet normal -0.7995229946562712 0.6006354809831569 0
    outer loop
      vertex 5.279172487556934 9.870478212833405 0
      vertex 5.160092703998089 9.711967721581459 2
      vertex 5.279172487556934 9.870478212833405 2
    endloop
  endfacet
  facet normal -0.7437743522923732 0.6684307839051555 0
    outer loop
      vertex 5.410920761525631 10.017076767981052 0
      vertex 5.279172487556934 9.870478212833405 2
      vertex 5.410920761525631 10.017076767981052 2
    endloop
  endfacet
  facet normal -0.6820560021352832 0.7312999452695416 0
    outer loop
      vertex 5.555363066494465 10.15179268270731 0
      vertex 5.410920761525631 10.017076767981052 2
      vertex 5.555363066494465 10.15179268270731 2
    endloop
  endfacet
  facet normal -0.6158927645139767 0.7878299960139441 0
    outer loop
      vertex 5.712524861097336 10.274655245244503 0
      vertex 5.555363066494465 10.15179268270731 2
      vertex 5.712524861097336 10.274655245244503 2
    endloop
  endfacet
  facet normal -0.5470616478379134 0.8370923207537306 0
    outer loop
      vertex 5.882431671023369 10.385693773627281 0
      vertex 5.712524861097336 10.274655245244503 2
      vertex 5.882431671023369 10.385693773627281 2
    endloop
  endfacet
  facet normal -0.4773742649024204 0.8787000689705639 0
    outer loop
      vertex 6.065109021961689 10.484937496483326 0
      vertex 5.882431671023369 10.385693773627281 2
      vertex 6.065109021961689 10.484937496483326 2
    endloop
  endfacet
  facet normal -0.4084814362130153 0.9127666274954143 0
    outer loop
      vertex 6.260582387447357 10.572415761649609 0
      vertex 6.065109021961689 10.484937496483326 2
      vertex 6.260582387447357 10.572415761649609 2
    endloop
  endfacet
  facet normal -0.34173692535277694 0.9397956553689907 0
    outer loop
      vertex 6.468877263367176 10.648157812654972 0
      vertex 6.260582387447357 10.572415761649609 2
      vertex 6.468877263367176 10.648157812654972 2
    endloop
  endfacet
  facet normal -0.2781397107918729 0.9605406296875802 0
    outer loop
      vertex 6.6900191977620125 10.712192952632904 0
      vertex 6.468877263367176 10.648157812654972 2
      vertex 6.6900191977620125 10.712192952632904 2
    endloop
  endfacet
  facet normal -0.21833823686891793 0.9758731548315961 0
    outer loop
      vertex 6.924033649265766 10.764550477266312 0
      vertex 6.6900191977620125 10.712192952632904 2
      vertex 6.924033649265766 10.764550477266312 2
    endloop
  endfacet
  facet normal -0.16267679483855943 0.9866794111670991 0
    outer loop
      vertex 7.170946151018143 10.805259682238102 0
      vertex 6.924033649265766 10.764550477266312 2
      vertex 7.170946151018143 10.805259682238102 2
    endloop
  endfacet
  facet normal 0.09000936008252218 0.9959409194814393 0
    outer loop
      vertex 8.713640689849854 10.819892659783363 0
      vertex 8.446546025574207 10.844031661748886 2
      vertex 8.713640689849854 10.819892659783363 2
    endloop
  endfacet
  facet normal 0.14676378755704655 0.989171567859646 0
    outer loop
      vertex 8.966798894107342 10.782331474125385 0
      vertex 8.713640689849854 10.819892659783363 2
      vertex 8.966798894107342 10.782331474125385 2
    endloop
  endfacet
  facet normal 0.2754749386059103 0.9613082534754759 0
    outer loop
      vertex 9.431409396231174 10.66670922935009 0
      vertex 9.206046491861343 10.7312897965312 2
      vertex 9.431409396231174 10.66670922935009 2
    endloop
  endfacet
  facet normal 0.20864703459171113 0.9779910096499279 0
    outer loop
      vertex 9.206046491861343 10.7312897965312 0
      vertex 8.966798894107342 10.782331474125385 2
      vertex 9.206046491861343 10.7312897965312 2
    endloop
  endfacet
  facet normal 0.3467019459105442 0.9379753518626394 0
    outer loop
      vertex 9.642913445830345 10.588531412184238 0
      vertex 9.431409396231174 10.66670922935009 2
      vertex 9.642913445830345 10.588531412184238 2
    endloop
  endfacet
  facet normal 1 0 0
    outer loop
      vertex 11.170010060071945 4.490446470677853 0
      vertex 11.170010060071945 7.744504116475582 2
      vertex 11.170010060071945 4.490446470677853 2
    endloop
  endfacet
  facet normal 0 1 0
    outer loop
      vertex 17.720273688435555 4.490446470677853 0
      vertex 11.170010060071945 4.490446470677853 2
      vertex 17.720273688435555 4.490446470677853 2
    endloop
  endfacet
  facet normal -1 0 0
    outer loop
      vertex 17.720273688435555 7.357342094182968 0
      vertex 17.720273688435555 4.490446470677853 2
      vertex 17.720273688435555 7.357342094182968 2
    endloop
  endfacet
  facet normal 0.999729491401497 0.02325820332923493 0
    outer loop
      vertex 11.170010060071945 7.744504116475582 0
      vertex 11.163283348083496 8.033644780516624 2
      vertex 11.170010060071945 7.744504116475582 2
    endloop
  endfacet
  facet normal 0.9973072986283876 0.07333588550326677 0
    outer loop
      vertex 11.163283348083496 8.033644780516624 0
      vertex 11.143085949122906 8.308312676846981 2
      vertex 11.163283348083496 8.033644780516624 2
    endloop
  endfacet
  facet normal 0.9917231890239647 0.1283943781952213 0
    outer loop
      vertex 11.143085949122906 8.308312676846981 0
      vertex 11.10939197987318 8.568566210567951 2
      vertex 11.143085949122906 8.308312676846981 2
    endloop
  endfacet
  facet normal 0.9820594152725726 0.18857174993750428 0
    outer loop
      vertex 11.10939197987318 8.568566210567951 0
      vertex 11.062175571918488 8.814463689923286 2
      vertex 11.10939197987318 8.568566210567951 2
    endloop
  endfacet
  facet normal 0.9672619738921525 0.2537799713575851 0
    outer loop
      vertex 11.062175571918488 8.814463689923286 0
      vertex 11.001410856842995 9.046063520014286 2
      vertex 11.062175571918488 8.814463689923286 2
    endloop
  endfacet
  facet normal 0.9461923544738688 0.3236047409034615 0
    outer loop
      vertex 11.001410856842995 9.046063520014286 0
      vertex 10.927071951329708 9.263424068689346 2
      vertex 11.001410856842995 9.046063520014286 2
    endloop
  endfacet
  facet normal 0.8809278378896865 0.4732506148236917 0
    outer loop
      vertex 10.839132972061634 9.466603681445122 0
      vertex 10.73756804317236 9.65566074848175 2
      vertex 10.839132972061634 9.466603681445122 2
    endloop
  endfacet
  facet normal 0.9177294195317963 0.39720613354508033 0
    outer loop
      vertex 10.927071951329708 9.263424068689346 0
      vertex 10.839132972061634 9.466603681445122 2
      vertex 10.927071951329708 9.263424068689346 2
    endloop
  endfacet
  facet normal 0.7178658524309347 0.6961814547326061 0
    outer loop
      vertex 10.493456855416298 9.991640664637089 0
      vertex 10.350858844816685 10.138680264353752 2
      vertex 10.493456855416298 9.991640664637089 2
    endloop
  endfacet
  facet normal 0.6484174139283112 0.7612850039995015 0
    outer loop
      vertex 10.350858844816685 10.138680264353752 0
      vertex 10.194531358778477 10.27183074504137 2
      vertex 10.350858844816685 10.138680264353752 2
    endloop
  endfacet
  facet normal 0.8352201357671544 0.5499157433726518 0
    outer loop
      vertex 10.73756804317236 9.65566074848175 0
      vertex 10.622351318597794 9.830653607845306 2
      vertex 10.73756804317236 9.65566074848175 2
    endloop
  endfacet
  facet normal 0.7806208173430567 0.6250049116052274 0
    outer loop
      vertex 10.622351318597794 9.830653607845306 0
      vertex 10.493456855416298 9.991640664637089 2
      vertex 10.622351318597794 9.830653607845306 2
    endloop
  endfacet
  facet normal 0.42132864187096075 0.9069080303642546 0
    outer loop
      vertex 9.84058453887701 10.496697962284088 0
      vertex 9.642913445830345 10.588531412184238 2
      vertex 9.84058453887701 10.496697962284088 2
    endloop
  endfacet
  facet normal 0.49785282015839094 0.8672615346366613 0
    outer loop
      vertex 10.024448566138744 10.391150534152985 0
      vertex 9.84058453887701 10.496697962284088 2
      vertex 10.024448566138744 10.391150534152985 2
    endloop
  endfacet
  facet normal 0.5743078480796046 0.8186394173469623 0
    outer loop
      vertex 10.194531358778477 10.27183074504137 0
      vertex 10.024448566138744 10.391150534152985 2
      vertex 10.194531358778477 10.27183074504137 2
    endloop
  endfacet
  facet normal -0.9995996133863865 -0.02829510413104846 0
    outer loop
      vertex 17.697007425129414 8.179284565150738 0
      vertex 17.720273688435555 7.357342094182968 2
      vertex 17.697007425129414 8.179284565150738 2
    endloop
  endfacet
  facet normal -0.9960283796772295 -0.08903632336048513 0
    outer loop
      vertex 17.627225890755653 8.959914155304432 0
      vertex 17.697007425129414 8.179284565150738 2
      vertex 17.627225890755653 8.959914155304432 2
    endloop
  endfacet
  facet normal -0.9878562630820941 -0.15537053610476 0
    outer loop
      vertex 17.510954961180687 9.699172504246235 0
      vertex 17.627225890755653 8.959914155304432 2
      vertex 17.510954961180687 9.699172504246235 2
    endloop
  endfacet
  facet normal -0.9738696911274387 -0.22710751793665296 0
    outer loop
      vertex 17.348220504820347 10.397001251578331 0
      vertex 17.510954961180687 9.699172504246235 2
      vertex 17.348220504820347 10.397001251578331 2
    endloop
  endfacet
  facet normal -0.9527845818630808 -0.3036470657918406 0
    outer loop
      vertex 17.139048412442207 11.053342007100582 0
      vertex 17.348220504820347 10.397001251578331 2
      vertex 17.139048412442207 11.053342007100582 2
    endloop
  endfacet
  facet normal -0.923386147521914 -0.38387240401549866 0
    outer loop
      vertex 16.88346454501152 11.668136402964592 0
      vertex 17.139048412442207 11.053342007100582 2
      vertex 16.88346454501152 11.668136402964592 2
    endloop
  endfacet
  facet normal -0.8847330460178428 -0.4660980983483946 0
    outer loop
      vertex 16.58149478584528 12.241326093673706 0
      vertex 16.88346454501152 11.668136402964592 2
      vertex 16.58149478584528 12.241326093673706 2
    endloop
  endfacet
  facet normal 0 0 -1
    outer loop
      vertex -5.033012375235558 15.182868152856827 0
      vertex 0.04623749852180481 13.079998955130577 0
      vertex -0.33270861208438873 12.605808481574059 0
    endloop
  endfacet
  facet normal 0 0 -1
    outer loop
      vertex -5.033012375235558 15.182868152856827 0
      vertex 0.46988919377326965 13.51699760556221 0
      vertex 0.04623749852180481 13.079998955130577 0
    endloop
  endfacet
  facet normal 0 0 -1
    outer loop
      vertex -5.033012375235558 15.182868152856827 0
      vertex 0.9382725059986115 13.91680446267128 0
      vertex 0.46988919377326965 13.51699760556221 0
    endloop
  endfacet
  facet normal 0 0 -1
    outer loop
      vertex -5.033012375235558 15.182868152856827 0
      vertex 1.4514135196805 14.279419474303722 0
      vertex 0.9382725059986115 13.91680446267128 0
    endloop
  endfacet
  facet normal 0 0 -1
    outer loop
      vertex -5.033012375235558 15.182868152856827 0
      vertex 2.0093382969498634 14.60484267026186 0
      vertex 1.4514135196805 14.279419474303722 0
    endloop
  endfacet
  facet normal 0 0 -1
    outer loop
      vertex -5.033012375235558 15.182868152856827 0
      vertex 2.6120728850364685 14.893074050545692 0
      vertex 2.0093382969498634 14.60484267026186 0
    endloop
  endfacet
  facet normal 0 0 -1
    outer loop
      vertex -5.033012375235558 15.182868152856827 0
      vertex 3.2596433460712433 15.144113592803478 0
      vertex 2.6120728850364685 14.893074050545692 0
    endloop
  endfacet
  facet normal 0 0 -1
    outer loop
      vertex -5.033012375235558 15.182868152856827 0
      vertex 3.9520757645368576 15.35796133428812 0
      vertex 3.2596433460712433 15.144113592803478 0
    endloop
  endfacet
  facet normal 0 0 -1
    outer loop
      vertex -5.033012375235558 15.182868152856827 0
      vertex 4.689396180212498 15.534617252647877 0
      vertex 3.9520757645368576 15.35796133428812 0
    endloop
  endfacet
  facet normal 0 0 -1
    outer loop
      vertex 7.170946151018143 10.805259682238102 0
      vertex 7.170946151018143 15.841434083878994 0
      vertex 8.446546025574207 10.844031661748886 0
    endloop
  endfacet
  facet normal 0 0 -1
    outer loop
      vertex 8.446546025574207 10.844031661748886 0
      vertex 7.170946151018143 15.841434083878994 0
      vertex 8.446546025574207 15.880206063389778 0
    endloop
  endfacet
  facet normal 0.8370436331307507 -0.547136140494551 0
    outer loop
      vertex -0.6669752299785614 12.094426169991493 0
      vertex -0.33270861208438873 12.605808481574059 0
      vertex -0.33270861208438873 12.605808481574059 2
    endloop
  endfacet
  facet normal 0.7811951896867217 -0.624286853626061 0
    outer loop
      vertex -0.33270861208438873 12.605808481574059 0
      vertex 0.04623749852180481 13.079998955130577 0
      vertex 0.04623749852180481 13.079998955130577 2
    endloop
  endfacet
  facet normal 0.7179862527932102 -0.6960572827001845 0
    outer loop
      vertex 0.04623749852180481 13.079998955130577 0
      vertex 0.46988919377326965 13.51699760556221 0
      vertex 0.46988919377326965 13.51699760556221 2
    endloop
  endfacet
  facet normal 0.649231798552462 -0.7605906071917635 0
    outer loop
      vertex 0.46988919377326965 13.51699760556221 0
      vertex 0.9382725059986115 13.91680446267128 0
      vertex 0.9382725059986115 13.91680446267128 2
    endloop
  endfacet
  facet normal 0.5771057035810924 -0.8166694599984576 0
    outer loop
      vertex 0.9382725059986115 13.91680446267128 0
      vertex 1.4514135196805 14.279419474303722 0
      vertex 1.4514135196805 14.279419474303722 2
    endloop
  endfacet
  facet normal 0.5038329923145647 -0.8638010858151035 0
    outer loop
      vertex 1.4514135196805 14.279419474303722 0
      vertex 2.0093382969498634 14.60484267026186 0
      vertex 2.0093382969498634 14.60484267026186 2
    endloop
  endfacet
  facet normal 0.43141531301208264 -0.9021534391103804 0
    outer loop
      vertex 2.0093382969498634 14.60484267026186 0
      vertex 2.6120728850364685 14.893074050545692 0
      vertex 2.6120728850364685 14.893074050545692 2
    endloop
  endfacet
  facet normal 0.3614537463837114 -0.9323900413588616 0
    outer loop
      vertex 2.6120728850364685 14.893074050545692 0
      vertex 3.2596433460712433 15.144113592803478 0
      vertex 3.2596433460712433 15.144113592803478 2
    endloop
  endfacet
  facet normal 0.29508354501037665 -0.9554714550755082 0
    outer loop
      vertex 3.2596433460712433 15.144113592803478 0
      vertex 3.9520757645368576 15.35796133428812 0
      vertex 3.9520757645368576 15.35796133428812 2
    endloop
  endfacet
  facet normal -1 0 0
    outer loop
      vertex 7.170946151018143 10.805259682238102 0
      vertex 7.170946151018143 10.805259682238102 2
      vertex 7.170946151018143 15.841434083878994 0
    endloop
  endfacet
  facet normal 1 0 0
    outer loop
      vertex 8.446546025574207 10.844031661748886 0
      vertex 8.446546025574207 15.880206063389778 0
      vertex 8.446546025574207 15.880206063389778 2
    endloop
  endfacet
  facet normal 0.2329975807505351 -0.972477314575717 0
    outer loop
      vertex 3.9520757645368576 15.35796133428812 0
      vertex 4.689396180212498 15.534617252647877 0
      vertex 4.689396180212498 15.534617252647877 2
    endloop
  endfacet
  facet normal 0.17552153996015998 -0.9844755908655197 0
    outer loop
      vertex 4.689396180212498 15.534617252647877 0
      vertex 5.471630685031414 15.674081355333328 0
      vertex 5.471630685031414 15.674081355333328 2
    endloop
  endfacet
  facet normal 0.1227061300404549 -0.9924430490715802 0
    outer loop
      vertex 5.471630685031414 15.674081355333328 0
      vertex 6.298805318772793 15.776353619992733 0
      vertex 6.298805318772793 15.776353619992733 2
    endloop
  endfacet
  facet normal 0.07441461136165857 -0.9972273891224075 0
    outer loop
      vertex 6.298805318772793 15.776353619992733 0
      vertex 7.170946151018143 15.841434083878994 0
      vertex 7.170946151018143 15.841434083878994 2
    endloop
  endfacet
  facet normal -0.029917962425149536 -0.9995523575702913 0
    outer loop
      vertex 8.446546025574207 15.880206063389778 0
      vertex 9.349177546799183 15.853189073503017 0
      vertex 9.349177546799183 15.853189073503017 2
    endloop
  endfacet
  facet normal 0 0 -1
    outer loop
      vertex -33.06321522593498 19.998756729066372 0
      vertex 40.87534376978874 19.998756729066372 0
      vertex 9.349177546799183 15.853189073503017 0
    endloop
  endfacet
  facet normal 0 0 -1
    outer loop
      vertex 12.498949952423573 15.322069883346558 0
      vertex 20.823017075657845 15.182868152856827 0
      vertex 13.171075262129307 15.08381912112236 0
    endloop
  endfacet
  facet normal 0 0 -1
    outer loop
      vertex 11.780671663582325 15.518190622329712 0
      vertex 20.823017075657845 15.182868152856827 0
      vertex 12.498949952423573 15.322069883346558 0
    endloop
  endfacet
  facet normal 0 0 -1
    outer loop
      vertex 16.88346454501152 11.668136402964592 0
      vertex 20.823017075657845 15.182868152856827 0
      vertex 17.139048412442207 11.053342007100582 0
    endloop
  endfacet
  facet normal 0 0 -1
    outer loop
      vertex 16.88346454501152 11.668136402964592 0
      vertex 16.58149478584528 12.241326093673706 0
      vertex 20.823017075657845 15.182868152856827 0
    endloop
  endfacet
  facet normal 0 0 -1
    outer loop
      vertex 16.58149478584528 12.241326093673706 0
      vertex 16.23316503316164 12.772852696478367 0
      vertex 20.823017075657845 15.182868152856827 0
    endloop
  endfacet
  facet normal 0 0 -1
    outer loop
      vertex 13.797021687030792 14.803496688604355 0
      vertex 20.823017075657845 15.182868152856827 0
      vertex 14.376763373613358 14.48116099089384 0
    endloop
  endfacet
  facet normal 0 0 -1
    outer loop
      vertex 14.910274423658848 14.116870388388634 0
      vertex 14.376763373613358 14.48116099089384 0
      vertex 20.823017075657845 15.182868152856827 0
    endloop
  endfacet
  facet normal 0 0 -1
    outer loop
      vertex 15.39752896875143 13.710683219134808 0
      vertex 14.910274423658848 14.116870388388634 0
      vertex 20.823017075657845 15.182868152856827 0
    endloop
  endfacet
  facet normal 0 0 -1
    outer loop
      vertex 16.23316503316164 12.772852696478367 0
      vertex 15.838501118123531 13.262657880783081 0
      vertex 20.823017075657845 15.182868152856827 0
    endloop
  endfacet
  facet normal 0 0 -1
    outer loop
      vertex 15.39752896875143 13.710683219134808 0
      vertex 20.823017075657845 15.182868152856827 0
      vertex 15.838501118123531 13.262657880783081 0
    endloop
  endfacet
  facet normal 0 0 -1
    outer loop
      vertex 13.797021687030792 14.803496688604355 0
      vertex 13.171075262129307 15.08381912112236 0
      vertex 20.823017075657845 15.182868152856827 0
    endloop
  endfacet
  facet normal 0 0 -1
    outer loop
      vertex 9.349177546799183 15.853189073503017 0
      vertex 40.87534376978874 19.998756729066372 0
      vertex 10.205759570002556 15.783808581531048 0
    endloop
  endfacet
  facet normal 0 0 -1
    outer loop
      vertex 10.205759570002556 15.783808581531048 0
      vertex 40.87534376978874 19.998756729066372 0
      vertex 11.016266234219074 15.672122977674007 0
    endloop
  endfacet
  facet normal 0 0 -1
    outer loop
      vertex 11.016266234219074 15.672122977674007 0
      vertex 40.87534376978874 19.998756729066372 0
      vertex 11.780671663582325 15.518190622329712 0
    endloop
  endfacet
  facet normal -0.40872292787510023 -0.9126585167680219 0
    outer loop
      vertex 13.797021687030792 14.803496688604355 0
      vertex 13.797021687030792 14.803496688604355 2
      vertex 13.171075262129307 15.08381912112236 0
    endloop
  endfacet
  facet normal -0.5638999890742774 -0.8258430857747917 0
    outer loop
      vertex 14.910274423658848 14.116870388388634 0
      vertex 14.910274423658848 14.116870388388634 2
      vertex 14.376763373613358 14.48116099089384 0
    endloop
  endfacet
  facet normal -0.6403162331613959 -0.7681113991798331 0
    outer loop
      vertex 15.39752896875143 13.710683219134808 0
      vertex 15.39752896875143 13.710683219134808 2
      vertex 14.910274423658848 14.116870388388634 0
    endloop
  endfacet
  facet normal -0.48593894766381623 -0.8739927569170026 0
    outer loop
      vertex 13.797021687030792 14.803496688604355 0
      vertex 14.376763373613358 14.48116099089384 0
      vertex 14.376763373613358 14.48116099089384 2
    endloop
  endfacet
  facet normal -0.08073251423753558 -0.9967358030816823 0
    outer loop
      vertex 9.349177546799183 15.853189073503017 0
      vertex 10.205759570002556 15.783808581531048 0
      vertex 10.205759570002556 15.783808581531048 2
    endloop
  endfacet
  facet normal -0.13650735546875958 -0.9906390573276049 0
    outer loop
      vertex 10.205759570002556 15.783808581531048 0
      vertex 11.016266234219074 15.672122977674007 0
      vertex 11.016266234219074 15.672122977674007 2
    endloop
  endfacet
  facet normal -0.19741232206526438 -0.9803205471154833 0
    outer loop
      vertex 11.016266234219074 15.672122977674007 0
      vertex 11.780671663582325 15.518190622329712 0
      vertex 11.780671663582325 15.518190622329712 2
    endloop
  endfacet
  facet normal -0.2634007363207266 -0.9646865045732209 0
    outer loop
      vertex 11.780671663582325 15.518190622329712 0
      vertex 12.498949952423573 15.322069883346558 0
      vertex 12.498949952423573 15.322069883346558 2
    endloop
  endfacet
  facet normal -0.3341042871468498 -0.9425361135309858 0
    outer loop
      vertex 12.498949952423573 15.322069883346558 0
      vertex 13.171075262129307 15.08381912112236 0
      vertex 13.171075262129307 15.08381912112236 2
    endloop
  endfacet
  facet normal -0.8363975130952552 -0.5481233438634705 0
    outer loop
      vertex 16.58149478584528 12.241326093673706 0
      vertex 16.58149478584528 12.241326093673706 2
      vertex 16.23316503316164 12.772852696478367 0
    endloop
  endfacet
  facet normal -0.7786773032479072 -0.627424622888333 0
    outer loop
      vertex 16.23316503316164 12.772852696478367 0
      vertex 16.23316503316164 12.772852696478367 2
      vertex 15.838501118123531 13.262657880783081 0
    endloop
  endfacet
  facet normal -0.712694442882901 -0.7014746118597818 0
    outer loop
      vertex 15.39752896875143 13.710683219134808 0
      vertex 15.838501118123531 13.262657880783081 0
      vertex 15.838501118123531 13.262657880783081 2
    endloop
  endfacet
  facet normal 0 1 0
    outer loop
      vertex -33.06321522593498 19.998756729066372 0
      vertex 40.87534376978874 19.998756729066372 2
      vertex 40.87534376978874 19.998756729066372 0
    endloop
  endfacet
  facet normal 0.8370436331307507 -0.547136140494551 0
    outer loop
      vertex -0.6669752299785614 12.094426169991493 0
      vertex -0.33270861208438873 12.605808481574059 2
      vertex -0.6669752299785614 12.094426169991493 2
    endloop
  endfacet
  facet normal 0.7811951896867217 -0.624286853626061 0
    outer loop
      vertex -0.33270861208438873 12.605808481574059 0
      vertex 0.04623749852180481 13.079998955130577 2
      vertex -0.33270861208438873 12.605808481574059 2
    endloop
  endfacet
  facet normal 0.7179862527932102 -0.6960572827001845 0
    outer loop
      vertex 0.04623749852180481 13.079998955130577 0
      vertex 0.46988919377326965 13.51699760556221 2
      vertex 0.04623749852180481 13.079998955130577 2
    endloop
  endfacet
  facet normal 0.649231798552462 -0.7605906071917635 0
    outer loop
      vertex 0.46988919377326965 13.51699760556221 0
      vertex 0.9382725059986115 13.91680446267128 2
      vertex 0.46988919377326965 13.51699760556221 2
    endloop
  endfacet
  facet normal 0.5771057035810924 -0.8166694599984576 0
    outer loop
      vertex 0.9382725059986115 13.91680446267128 0
      vertex 1.4514135196805 14.279419474303722 2
      vertex 0.9382725059986115 13.91680446267128 2
    endloop
  endfacet
  facet normal 0.5038329923145647 -0.8638010858151035 0
    outer loop
      vertex 1.4514135196805 14.279419474303722 0
      vertex 2.0093382969498634 14.60484267026186 2
      vertex 1.4514135196805 14.279419474303722 2
    endloop
  endfacet
  facet normal 0.43141531301208264 -0.9021534391103804 0
    outer loop
      vertex 2.0093382969498634 14.60484267026186 0
      vertex 2.6120728850364685 14.893074050545692 2
      vertex 2.0093382969498634 14.60484267026186 2
    endloop
  endfacet
  facet normal 0.3614537463837114 -0.9323900413588616 0
    outer loop
      vertex 2.6120728850364685 14.893074050545692 0
      vertex 3.2596433460712433 15.144113592803478 2
      vertex 2.6120728850364685 14.893074050545692 2
    endloop
  endfacet
  facet normal 0.29508354501037665 -0.9554714550755082 0
    outer loop
      vertex 3.2596433460712433 15.144113592803478 0
      vertex 3.9520757645368576 15.35796133428812 2
      vertex 3.2596433460712433 15.144113592803478 2
    endloop
  endfacet
  facet normal 1 0 0
    outer loop
      vertex 8.446546025574207 10.844031661748886 0
      vertex 8.446546025574207 15.880206063389778 2
      vertex 8.446546025574207 10.844031661748886 2
    endloop
  endfacet
  facet normal -1 0 0
    outer loop
      vertex 7.170946151018143 15.841434083878994 0
      vertex 7.170946151018143 10.805259682238102 2
      vertex 7.170946151018143 15.841434083878994 2
    endloop
  endfacet
  facet normal 0.2329975807505351 -0.972477314575717 0
    outer loop
      vertex 3.9520757645368576 15.35796133428812 0
      vertex 4.689396180212498 15.534617252647877 2
      vertex 3.9520757645368576 15.35796133428812 2
    endloop
  endfacet
  facet normal 0.17552153996015998 -0.9844755908655197 0
    outer loop
      vertex 4.689396180212498 15.534617252647877 0
      vertex 5.471630685031414 15.674081355333328 2
      vertex 4.689396180212498 15.534617252647877 2
    endloop
  endfacet
  facet normal 0.1227061300404549 -0.9924430490715802 0
    outer loop
      vertex 5.471630685031414 15.674081355333328 0
      vertex 6.298805318772793 15.776353619992733 2
      vertex 5.471630685031414 15.674081355333328 2
    endloop
  endfacet
  facet normal 0.07441461136165857 -0.9972273891224075 0
    outer loop
      vertex 6.298805318772793 15.776353619992733 0
      vertex 7.170946151018143 15.841434083878994 2
      vertex 6.298805318772793 15.776353619992733 2
    endloop
  endfacet
  facet normal -0.029917962425149536 -0.9995523575702913 0
    outer loop
      vertex 8.446546025574207 15.880206063389778 0
      vertex 9.349177546799183 15.853189073503017 2
      vertex 8.446546025574207 15.880206063389778 2
    endloop
  endfacet
  facet normal -0.08073251423753558 -0.9967358030816823 0
    outer loop
      vertex 9.349177546799183 15.853189073503017 0
      vertex 10.205759570002556 15.783808581531048 2
      vertex 9.349177546799183 15.853189073503017 2
    endloop
  endfacet
  facet normal -0.712694442882901 -0.7014746118597818 0
    outer loop
      vertex 15.39752896875143 13.710683219134808 0
      vertex 15.838501118123531 13.262657880783081 2
      vertex 15.39752896875143 13.710683219134808 2
    endloop
  endfacet
  facet normal -0.48593894766381623 -0.8739927569170026 0
    outer loop
      vertex 13.797021687030792 14.803496688604355 0
      vertex 14.376763373613358 14.48116099089384 2
      vertex 13.797021687030792 14.803496688604355 2
    endloop
  endfacet
  facet normal -0.6403162331613959 -0.7681113991798331 0
    outer loop
      vertex 14.910274423658848 14.116870388388634 0
      vertex 15.39752896875143 13.710683219134808 2
      vertex 14.910274423658848 14.116870388388634 2
    endloop
  endfacet
  facet normal -0.5638999890742774 -0.8258430857747917 0
    outer loop
      vertex 14.376763373613358 14.48116099089384 0
      vertex 14.910274423658848 14.116870388388634 2
      vertex 14.376763373613358 14.48116099089384 2
    endloop
  endfacet
  facet normal -0.13650735546875958 -0.9906390573276049 0
    outer loop
      vertex 10.205759570002556 15.783808581531048 0
      vertex 11.016266234219074 15.672122977674007 2
      vertex 10.205759570002556 15.783808581531048 2
    endloop
  endfacet
  facet normal -0.2634007363207266 -0.9646865045732209 0
    outer loop
      vertex 11.780671663582325 15.518190622329712 0
      vertex 12.498949952423573 15.322069883346558 2
      vertex 11.780671663582325 15.518190622329712 2
    endloop
  endfacet
  facet normal -0.19741232206526438 -0.9803205471154833 0
    outer loop
      vertex 11.016266234219074 15.672122977674007 0
      vertex 11.780671663582325 15.518190622329712 2
      vertex 11.016266234219074 15.672122977674007 2
    endloop
  endfacet
  facet normal -0.3341042871468498 -0.9425361135309858 0
    outer loop
      vertex 12.498949952423573 15.322069883346558 0
      vertex 13.171075262129307 15.08381912112236 2
      vertex 12.498949952423573 15.322069883346558 2
    endloop
  endfacet
  facet normal -0.40872292787510023 -0.9126585167680219 0
    outer loop
      vertex 13.171075262129307 15.08381912112236 0
      vertex 13.797021687030792 14.803496688604355 2
      vertex 13.171075262129307 15.08381912112236 2
    endloop
  endfacet
  facet normal -0.8363975130952552 -0.5481233438634705 0
    outer loop
      vertex 16.23316503316164 12.772852696478367 0
      vertex 16.58149478584528 12.241326093673706 2
      vertex 16.23316503316164 12.772852696478367 2
    endloop
  endfacet
  facet normal -0.7786773032479072 -0.627424622888333 0
    outer loop
      vertex 15.838501118123531 13.262657880783081 0
      vertex 16.23316503316164 12.772852696478367 2
      vertex 15.838501118123531 13.262657880783081 2
    endloop
  endfacet
  facet normal 0 0 -1
    outer loop
      vertex 28.13183941692114 3.9479175731539726 0
      vertex 27.16651389747858 15.182868152856827 0
      vertex 30.99331348389387 9.177951917052269 0
    endloop
  endfacet
  facet normal 0 0 -1
    outer loop
      vertex 30.99331348389387 9.177951917052269 0
      vertex 31.786126486957073 10.4178187251091 0
      vertex 34.3373261988163 4.567990444600582 0
    endloop
  endfacet
  facet normal 0 0 -1
    outer loop
      vertex 30.99331348389387 9.177951917052269 0
      vertex 27.16651389747858 15.182868152856827 0
      vertex 31.786126486957073 10.4178187251091 0
    endloop
  endfacet
  facet normal 0.877279394013661 -0.4799800671267753 -1.862274161544418e-17
    outer loop
      vertex 28.13183941692114 3.9479175731539726 0
      vertex 30.99331348389387 9.177951917052269 0
      vertex 30.99331348389387 9.177951917052269 2
    endloop
  endfacet
  facet normal 0.9166227943284606 0.39975324003375456 0
    outer loop
      vertex 31.786126486957073 10.4178187251091 0
      vertex 31.786126486957073 10.4178187251091 2
      vertex 34.3373261988163 4.567990444600582 0
    endloop
  endfacet
  facet normal 0 0 -1
    outer loop
      vertex 45 -15.95013077557087 0
      vertex 40.92209234088659 15.182868152856827 0
      vertex 45 15.95013077557087 0
    endloop
  endfacet
  facet normal -0.8497756788184638 0.5271444732600533 0
    outer loop
      vertex 34.3373261988163 4.567990444600582 0
      vertex 34.3373261988163 4.567990444600582 2
      vertex 40.92209234088659 15.182868152856827 0
    endloop
  endfacet
  facet normal -1 0 0
    outer loop
      vertex 27.16651389747858 -15.5 2
      vertex 27.16651389747858 15.182868152856827 2
      vertex 27.16651389747858 15.182868152856827 0
    endloop
  endfacet
  facet normal 0.877279394013661 -0.4799800671267753 0
    outer loop
      vertex 28.13183941692114 3.9479175731539726 0
      vertex 30.99331348389387 9.177951917052269 2
      vertex 28.13183941692114 3.9479175731539726 2
    endloop
  endfacet
  facet normal 0.8842460633060629 -0.46702130521822033 0
    outer loop
      vertex 31.786126486957073 10.4178187251091 0
      vertex 34.30282370001078 15.182868152856827 2
      vertex 31.786126486957073 10.4178187251091 2
    endloop
  endfacet
  facet normal 0.9166227943284606 0.39975324003375456 0
    outer loop
      vertex 34.3373261988163 4.567990444600582 0
      vertex 31.786126486957073 10.4178187251091 2
      vertex 34.3373261988163 4.567990444600582 2
    endloop
  endfacet
  facet normal 1 0 0
    outer loop
      vertex 45 -15.95013077557087 2
      vertex 45 15.95013077557087 0
      vertex 45 15.95013077557087 2
    endloop
  endfacet
  facet normal -0.8497756788184638 0.5271444732600533 0
    outer loop
      vertex 40.92209234088659 15.182868152856827 0
      vertex 34.3373261988163 4.567990444600582 2
      vertex 40.92209234088659 15.182868152856827 2
    endloop
  endfacet
  facet normal 0 0 -1
    outer loop
      vertex 11.780671663582325 15.518190622329712 0
      vertex 40.87534376978874 19.998756729066372 0
      vertex 20.823017075657845 15.182868152856827 0
    endloop
  endfacet
  facet normal 0 0 -1
    outer loop
      vertex 31.786126486957073 10.4178187251091 0
      vertex 27.16651389747858 15.182868152856827 0
      vertex 34.30282370001078 15.182868152856827 0
    endloop
  endfacet
  facet normal 0 0 -1
    outer loop
      vertex 20.823017075657845 15.182868152856827 0
      vertex 40.87534376978874 19.998756729066372 0
      vertex 27.16651389747858 15.182868152856827 0
    endloop
  endfacet
  facet normal 0 -1 0
    outer loop
      vertex 20.823017075657845 15.182868152856827 0
      vertex 27.16651389747858 15.182868152856827 0
      vertex 27.16651389747858 15.182868152856827 2
    endloop
  endfacet
  facet normal 0 0 -1
    outer loop
      vertex 27.16651389747858 15.182868152856827 0
      vertex 40.87534376978874 19.998756729066372 0
      vertex 34.30282370001078 15.182868152856827 0
    endloop
  endfacet
  facet normal 0 0 -1
    outer loop
      vertex 34.30282370001078 15.182868152856827 0
      vertex 40.87534376978874 19.998756729066372 0
      vertex 40.92209234088659 15.182868152856827 0
    endloop
  endfacet
  facet normal 0 0 -1
    outer loop
      vertex 40.92209234088659 15.182868152856827 0
      vertex 44.997514218091965 16.049807265400887 0
      vertex 45 15.95013077557087 0
    endloop
  endfacet
  facet normal 0 0 -1
    outer loop
      vertex 40.92209234088659 15.182868152856827 0
      vertex 44.98509541153908 16.29864164441824 0
      vertex 44.997514218091965 16.049807265400887 0
    endloop
  endfacet
  facet normal 0 0 -1
    outer loop
      vertex 40.92209234088659 15.182868152856827 0
      vertex 44.965255580842495 16.496910899877548 0
      vertex 44.98509541153908 16.29864164441824 0
    endloop
  endfacet
  facet normal 0 0 -1
    outer loop
      vertex 40.92209234088659 15.182868152856827 0
      vertex 44.93555746227503 16.69394502043724 0
      vertex 44.965255580842495 16.496910899877548 0
    endloop
  endfacet
  facet normal 0 0 -1
    outer loop
      vertex 40.92209234088659 15.182868152856827 0
      vertex 44.89607497304678 16.88925365358591 0
      vertex 44.93555746227503 16.69394502043724 0
    endloop
  endfacet
  facet normal 0 0 -1
    outer loop
      vertex 40.92209234088659 15.182868152856827 0
      vertex 44.78817343711853 17.272758528590202 0
      vertex 44.84690619260073 17.082351617515087 0
    endloop
  endfacet
  facet normal 0 0 -1
    outer loop
      vertex 40.92209234088659 15.182868152856827 0
      vertex 44.72002263367176 17.460001312196255 0
      vertex 44.78817343711853 17.272758528590202 0
    endloop
  endfacet
  facet normal 0 0 -1
    outer loop
      vertex 40.92209234088659 15.182868152856827 0
      vertex 44.64262329787016 17.64361423254013 0
      vertex 44.72002263367176 17.460001312196255 0
    endloop
  endfacet
  facet normal 0 0 -1
    outer loop
      vertex 40.92209234088659 15.182868152856827 0
      vertex 44.55616784095764 17.82314083725214 0
      vertex 44.64262329787016 17.64361423254013 0
    endloop
  endfacet
  facet normal 0 0 -1
    outer loop
      vertex 40.92209234088659 15.182868152856827 0
      vertex 44.460871152579784 17.998134911060333 0
      vertex 44.55616784095764 17.82314083725214 0
    endloop
  endfacet
  facet normal 0 0 -1
    outer loop
      vertex 40.92209234088659 15.182868152856827 0
      vertex 44.356970235705376 18.16816122084856 0
      vertex 44.460871152579784 17.998134911060333 0
    endloop
  endfacet
  facet normal 0 0 -1
    outer loop
      vertex 40.92209234088659 15.182868152856827 0
      vertex 44.244723312556744 18.332797214388847 0
      vertex 44.356970235705376 18.16816122084856 0
    endloop
  endfacet
  facet normal 0 0 -1
    outer loop
      vertex 40.92209234088659 15.182868152856827 0
      vertex 44.12440948188305 18.491633526980877 0
      vertex 44.244723312556744 18.332797214388847 0
    endloop
  endfacet
  facet normal 0 0 -1
    outer loop
      vertex 40.92209234088659 15.182868152856827 0
      vertex 43.99632801860571 18.644275076687336 0
      vertex 44.12440948188305 18.491633526980877 0
    endloop
  endfacet
  facet normal 0 0 -1
    outer loop
      vertex 40.92209234088659 15.182868152856827 0
      vertex 43.860797107219696 18.790342658758163 0
      vertex 43.99632801860571 18.644275076687336 0
    endloop
  endfacet
  facet normal 0 0 -1
    outer loop
      vertex 40.92209234088659 15.182868152856827 0
      vertex 44.84690619260073 17.082351617515087 0
      vertex 44.89607497304678 16.88925365358591 0
    endloop
  endfacet
  facet normal 0.8842460633060629 -0.46702130521822033 4.120462353233407e-17
    outer loop
      vertex 31.786126486957073 10.4178187251091 0
      vertex 34.30282370001078 15.182868152856827 0
      vertex 34.30282370001078 15.182868152856827 2
    endloop
  endfacet
  facet normal 0 -1 0
    outer loop
      vertex 34.30282370001078 15.182868152856827 0
      vertex 40.92209234088659 15.182868152856827 0
      vertex 40.92209234088659 15.182868152856827 2
    endloop
  endfacet
  facet normal 0.9996891806404086 0.02493074628864178 0
    outer loop
      vertex 45 15.95013077557087 0
      vertex 44.997514218091965 16.049807265400887 0
      vertex 45 15.95013077557087 2
    endloop
  endfacet
  facet normal 0.9987569214203863 0.04984588162398462 0
    outer loop
      vertex 44.997514218091965 16.049807265400887 0
      vertex 44.98509541153908 16.29864164441824 0
      vertex 44.997514218091965 16.049807265400887 2
    endloop
  endfacet
  facet normal 0.995030775710737 0.09956784314470793 0
    outer loop
      vertex 44.98509541153908 16.29864164441824 0
      vertex 44.965255580842495 16.496910899877548 0
      vertex 44.98509541153908 16.29864164441824 2
    endloop
  endfacet
  facet normal 0.9888308237731349 0.14904228244408904 0
    outer loop
      vertex 44.965255580842495 16.496910899877548 0
      vertex 44.93555746227503 16.69394502043724 0
      vertex 44.965255580842495 16.496910899877548 2
    endloop
  endfacet
  facet normal 0.9801724905321151 0.19814612992453542 0
    outer loop
      vertex 44.93555746227503 16.69394502043724 0
      vertex 44.89607497304678 16.88925365358591 0
      vertex 44.93555746227503 16.69394502043724 2
    endloop
  endfacet
  facet normal 0.969077289642777 0.24675738428385316 0
    outer loop
      vertex 44.89607497304678 16.88925365358591 0
      vertex 44.84690619260073 17.082351617515087 0
      vertex 44.89607497304678 16.88925365358591 2
    endloop
  endfacet
  facet normal 0.9555728033236471 0.2947551823941123 0
    outer loop
      vertex 44.84690619260073 17.082351617515087 0
      vertex 44.78817343711853 17.272758528590202 0
      vertex 44.84690619260073 17.082351617515087 2
    endloop
  endfacet
  facet normal 0.9396926149260665 0.34202015942545183 0
    outer loop
      vertex 44.78817343711853 17.272758528590202 0
      vertex 44.72002263367176 17.460001312196255 0
      vertex 44.78817343711853 17.272758528590202 2
    endloop
  endfacet
  facet normal 0.9214762129453603 0.3884347937246058 0
    outer loop
      vertex 44.72002263367176 17.460001312196255 0
      vertex 44.64262329787016 17.64361423254013 0
      vertex 44.72002263367176 17.460001312196255 2
    endloop
  endfacet
  facet normal 0 0 -1
    outer loop
      vertex 40.92209234088659 15.182868152856827 0
      vertex 41.98610910028219 19.87269429117441 0
      vertex 42.17792120575905 19.818726733326912 0
    endloop
  endfacet
  facet normal 0 0 -1
    outer loop
      vertex 40.92209234088659 15.182868152856827 0
      vertex 42.17792120575905 19.818726733326912 0
      vertex 42.36680483072996 19.755265213549137 0
    endloop
  endfacet
  facet normal 0 0 -1
    outer loop
      vertex 40.92209234088659 15.182868152856827 0
      vertex 42.36680483072996 19.755265213549137 0
      vertex 42.55229018628597 19.682467572391033 0
    endloop
  endfacet
  facet normal 0 0 -1
    outer loop
      vertex 40.92209234088659 15.182868152856827 0
      vertex 40.87534376978874 19.998756729066372 0
      vertex 40.92520289123058 19.99813511967659 0
    endloop
  endfacet
  facet normal 0 0 -1
    outer loop
      vertex 40.92209234088659 15.182868152856827 0
      vertex 40.92520289123058 19.99813511967659 0
      vertex 41.199197709560394 19.991302110254765 0
    endloop
  endfacet
  facet normal 0 0 -1
    outer loop
      vertex 40.92209234088659 15.182868152856827 0
      vertex 41.397899843752384 19.976411446928978 0
      vertex 41.59561315178871 19.951634757220745 0
    endloop
  endfacet
  facet normal 0 0 -1
    outer loop
      vertex 40.92209234088659 15.182868152856827 0
      vertex 41.199197709560394 19.991302110254765 0
      vertex 41.397899843752384 19.976411446928978 0
    endloop
  endfacet
  facet normal 0 0 -1
    outer loop
      vertex 40.92209234088659 15.182868152856827 0
      vertex 41.59561315178871 19.951634757220745 0
      vertex 41.79184550791979 19.917033694684505 0
    endloop
  endfacet
  facet normal 0 0 -1
    outer loop
      vertex 40.92209234088659 15.182868152856827 0
      vertex 41.79184550791979 19.917033694684505 0
      vertex 41.98610910028219 19.87269429117441 0
    endloop
  endfacet
  facet normal 0 0 -1
    outer loop
      vertex 40.92209234088659 15.182868152856827 0
      vertex 43.56875263899565 19.061320327222347 0
      vertex 43.71815375238657 18.92947306483984 0
    endloop
  endfacet
  facet normal 0 0 -1
    outer loop
      vertex 40.92209234088659 15.182868152856827 0
      vertex 43.25117886811495 19.301873095333576 0
      vertex 43.41296548396349 19.185556441545486 0
    endloop
  endfacet
  facet normal 0 0 -1
    outer loop
      vertex 40.92209234088659 15.182868152856827 0
      vertex 43.41296548396349 19.185556441545486 0
      vertex 43.56875263899565 19.061320327222347 0
    endloop
  endfacet
  facet normal 0 0 -1
    outer loop
      vertex 40.92209234088659 15.182868152856827 0
      vertex 42.73391655087471 19.600514642894268 0
      vertex 42.911231957376 19.50961033254862 0
    endloop
  endfacet
  facet normal 0 0 -1
    outer loop
      vertex 40.92209234088659 15.182868152856827 0
      vertex 42.911231957376 19.50961033254862 0
      vertex 43.08379574120045 19.409980580210686 0
    endloop
  endfacet
  facet normal 0 0 -1
    outer loop
      vertex 40.92209234088659 15.182868152856827 0
      vertex 43.08379574120045 19.409980580210686 0
      vertex 43.25117886811495 19.301873095333576 0
    endloop
  endfacet
  facet normal 0 0 -1
    outer loop
      vertex 40.92209234088659 15.182868152856827 0
      vertex 42.55229018628597 19.682467572391033 0
      vertex 42.73391655087471 19.600514642894268 0
    endloop
  endfacet
  facet normal 0 0 -1
    outer loop
      vertex 40.92209234088659 15.182868152856827 0
      vertex 43.71815375238657 18.92947306483984 0
      vertex 43.860797107219696 18.790342658758163 0
    endloop
  endfacet
  facet normal 0.012466346534725345 0.9999222920827779 0
    outer loop
      vertex 40.92520289123058 19.99813511967659 0
      vertex 40.87534376978874 19.998756729066372 0
      vertex 40.92520289123058 19.99813511967659 2
    endloop
  endfacet
  facet normal 0.024930710872150697 0.999689181523642 0
    outer loop
      vertex 40.92520289123058 19.99813511967659 0
      vertex 41.199197709560394 19.991302110254765 2
      vertex 41.199197709560394 19.991302110254765 0
    endloop
  endfacet
  facet normal 0.12434369348778765 0.9922392079986636 0
    outer loop
      vertex 41.59561315178871 19.951634757220745 0
      vertex 41.397899843752384 19.976411446928978 0
      vertex 41.59561315178871 19.951634757220745 2
    endloop
  endfacet
  facet normal 0.1736481954924522 0.9848077498690875 0
    outer loop
      vertex 41.59561315178871 19.951634757220745 0
      vertex 41.79184550791979 19.917033694684505 2
      vertex 41.79184550791979 19.917033694684505 0
    endloop
  endfacet
  facet normal 0.22252096373016644 0.9749279053861356 0
    outer loop
      vertex 41.79184550791979 19.917033694684505 0
      vertex 41.98610910028219 19.87269429117441 2
      vertex 41.98610910028219 19.87269429117441 0
    endloop
  endfacet
  facet normal 0.07473007820758867 0.9972037983336645 0
    outer loop
      vertex 41.199197709560394 19.991302110254765 0
      vertex 41.397899843752384 19.976411446928978 2
      vertex 41.397899843752384 19.976411446928978 0
    endloop
  endfacet
  facet normal 0.900968866563419 0.4338837418980205 0
    outer loop
      vertex 44.55616784095764 17.82314083725214 0
      vertex 44.64262329787016 17.64361423254013 2
      vertex 44.64262329787016 17.64361423254013 0
    endloop
  endfacet
  facet normal 0.8782215840023091 0.4782539590975438 0
    outer loop
      vertex 44.55616784095764 17.82314083725214 0
      vertex 44.460871152579784 17.998134911060333 0
      vertex 44.55616784095764 17.82314083725214 2
    endloop
  endfacet
  facet normal 0.8532908776077736 0.5214352099651072 0
    outer loop
      vertex 44.460871152579784 17.998134911060333 0
      vertex 44.356970235705376 18.16816122084856 0
      vertex 44.460871152579784 17.998134911060333 2
    endloop
  endfacet
  facet normal 0.8262387665059674 0.5633200695188284 0
    outer loop
      vertex 44.356970235705376 18.16816122084856 0
      vertex 44.244723312556744 18.332797214388847 0
      vertex 44.356970235705376 18.16816122084856 2
    endloop
  endfacet
  facet normal 0.7971325089331512 0.6038044080676618 0
    outer loop
      vertex 44.244723312556744 18.332797214388847 0
      vertex 44.12440948188305 18.491633526980877 0
      vertex 44.244723312556744 18.332797214388847 2
    endloop
  endfacet
  facet normal 0.7660444549402614 0.642787595598482 0
    outer loop
      vertex 44.12440948188305 18.491633526980877 0
      vertex 43.99632801860571 18.644275076687336 0
      vertex 44.12440948188305 18.491633526980877 2
    endloop
  endfacet
  facet normal 0.6982368297194174 0.7158668379128743 0
    outer loop
      vertex 43.860797107219696 18.790342658758163 0
      vertex 43.71815375238657 18.92947306483984 0
      vertex 43.860797107219696 18.790342658758163 2
    endloop
  endfacet
  facet normal 0.7330518681240406 0.6801727417648067 0
    outer loop
      vertex 43.860797107219696 18.790342658758163 0
      vertex 43.99632801860571 18.644275076687336 2
      vertex 43.99632801860571 18.644275076687336 0
    endloop
  endfacet
  facet normal 0.4112870734265299 0.9115058657146645 0
    outer loop
      vertex 42.73391655087471 19.600514642894268 0
      vertex 42.55229018628597 19.682467572391033 0
      vertex 42.73391655087471 19.600514642894268 2
    endloop
  endfacet
  facet normal 0.6234898136854862 0.7818314730365091 0
    outer loop
      vertex 43.41296548396349 19.185556441545486 0
      vertex 43.56875263899565 19.061320327222347 2
      vertex 43.56875263899565 19.061320327222347 0
    endloop
  endfacet
  facet normal 0.5837436667516833 0.8119380096579416 0
    outer loop
      vertex 43.25117886811495 19.301873095333576 0
      vertex 43.41296548396349 19.185556441545486 2
      vertex 43.41296548396349 19.185556441545486 0
    endloop
  endfacet
  facet normal 0.5000000199281952 0.8660253922788895 0
    outer loop
      vertex 43.08379574120045 19.409980580210686 0
      vertex 42.911231957376 19.50961033254862 0
      vertex 43.08379574120045 19.409980580210686 2
    endloop
  endfacet
  facet normal 0.4562106793130544 0.8898717975532888 0
    outer loop
      vertex 42.73391655087471 19.600514642894268 0
      vertex 42.911231957376 19.50961033254862 2
      vertex 42.911231957376 19.50961033254862 0
    endloop
  endfacet
  facet normal 0.54254626235556 0.8400259241261615 0
    outer loop
      vertex 43.25117886811495 19.301873095333576 0
      vertex 43.08379574120045 19.409980580210686 0
      vertex 43.25117886811495 19.301873095333576 2
    endloop
  endfacet
  facet normal 0.3184866360860152 0.9479273509265435 0
    outer loop
      vertex 42.36680483072996 19.755265213549137 0
      vertex 42.17792120575905 19.818726733326912 0
      vertex 42.36680483072996 19.755265213549137 2
    endloop
  endfacet
  facet normal 0.27084046471218665 0.9626242479152947 0
    outer loop
      vertex 41.98610910028219 19.87269429117441 0
      vertex 42.17792120575905 19.818726733326912 2
      vertex 42.17792120575905 19.818726733326912 0
    endloop
  endfacet
  facet normal 0.36534103984597355 0.9308737425689172 0
    outer loop
      vertex 42.36680483072996 19.755265213549137 0
      vertex 42.55229018628597 19.682467572391033 2
      vertex 42.55229018628597 19.682467572391033 0
    endloop
  endfacet
  facet normal 0.6616858306174871 0.7497812091270668 0
    outer loop
      vertex 43.71815375238657 18.92947306483984 0
      vertex 43.56875263899565 19.061320327222347 0
      vertex 43.71815375238657 18.92947306483984 2
    endloop
  endfacet
  facet normal 0 -1 0
    outer loop
      vertex 20.823017075657845 15.182868152856827 0
      vertex 27.16651389747858 15.182868152856827 2
      vertex 20.823017075657845 15.182868152856827 2
    endloop
  endfacet
  facet normal 0 -1 0
    outer loop
      vertex 34.30282370001078 15.182868152856827 0
      vertex 40.92209234088659 15.182868152856827 2
      vertex 34.30282370001078 15.182868152856827 2
    endloop
  endfacet
  facet normal 0.9996891806404086 0.02493074628864178 0
    outer loop
      vertex 44.997514218091965 16.049807265400887 0
      vertex 44.997514218091965 16.049807265400887 2
      vertex 45 15.95013077557087 2
    endloop
  endfacet
  facet normal 0.9987569214203863 0.04984588162398462 0
    outer loop
      vertex 44.98509541153908 16.29864164441824 0
      vertex 44.98509541153908 16.29864164441824 2
      vertex 44.997514218091965 16.049807265400887 2
    endloop
  endfacet
  facet normal 0.995030775710737 0.09956784314470793 0
    outer loop
      vertex 44.965255580842495 16.496910899877548 0
      vertex 44.965255580842495 16.496910899877548 2
      vertex 44.98509541153908 16.29864164441824 2
    endloop
  endfacet
  facet normal 0.9888308237731349 0.14904228244408904 0
    outer loop
      vertex 44.93555746227503 16.69394502043724 0
      vertex 44.93555746227503 16.69394502043724 2
      vertex 44.965255580842495 16.496910899877548 2
    endloop
  endfacet
  facet normal 0.9801724905321151 0.19814612992453542 0
    outer loop
      vertex 44.89607497304678 16.88925365358591 0
      vertex 44.89607497304678 16.88925365358591 2
      vertex 44.93555746227503 16.69394502043724 2
    endloop
  endfacet
  facet normal 0.969077289642777 0.24675738428385316 0
    outer loop
      vertex 44.84690619260073 17.082351617515087 0
      vertex 44.84690619260073 17.082351617515087 2
      vertex 44.89607497304678 16.88925365358591 2
    endloop
  endfacet
  facet normal 0.9555728033236471 0.2947551823941123 0
    outer loop
      vertex 44.78817343711853 17.272758528590202 0
      vertex 44.78817343711853 17.272758528590202 2
      vertex 44.84690619260073 17.082351617515087 2
    endloop
  endfacet
  facet normal 0.9396926149260665 0.34202015942545183 0
    outer loop
      vertex 44.72002263367176 17.460001312196255 0
      vertex 44.72002263367176 17.460001312196255 2
      vertex 44.78817343711853 17.272758528590202 2
    endloop
  endfacet
  facet normal 0.9214762129453603 0.3884347937246058 0
    outer loop
      vertex 44.64262329787016 17.64361423254013 0
      vertex 44.64262329787016 17.64361423254013 2
      vertex 44.72002263367176 17.460001312196255 2
    endloop
  endfacet
  facet normal 0.012466346534725345 0.9999222920827779 0
    outer loop
      vertex 40.87534376978874 19.998756729066372 0
      vertex 40.87534376978874 19.998756729066372 2
      vertex 40.92520289123058 19.99813511967659 2
    endloop
  endfacet
  facet normal 0.024930710872150697 0.999689181523642 0
    outer loop
      vertex 40.92520289123058 19.99813511967659 0
      vertex 40.92520289123058 19.99813511967659 2
      vertex 41.199197709560394 19.991302110254765 2
    endloop
  endfacet
  facet normal 0.07473007820758867 0.9972037983336645 0
    outer loop
      vertex 41.199197709560394 19.991302110254765 0
      vertex 41.199197709560394 19.991302110254765 2
      vertex 41.397899843752384 19.976411446928978 2
    endloop
  endfacet
  facet normal 0.12434369348778765 0.9922392079986636 0
    outer loop
      vertex 41.397899843752384 19.976411446928978 0
      vertex 41.397899843752384 19.976411446928978 2
      vertex 41.59561315178871 19.951634757220745 2
    endloop
  endfacet
  facet normal 0.1736481954924522 0.9848077498690875 0
    outer loop
      vertex 41.59561315178871 19.951634757220745 0
      vertex 41.59561315178871 19.951634757220745 2
      vertex 41.79184550791979 19.917033694684505 2
    endloop
  endfacet
  facet normal 0.22252096373016644 0.9749279053861356 0
    outer loop
      vertex 41.79184550791979 19.917033694684505 0
      vertex 41.79184550791979 19.917033694684505 2
      vertex 41.98610910028219 19.87269429117441 2
    endloop
  endfacet
  facet normal 0.27084046471218665 0.9626242479152947 0
    outer loop
      vertex 41.98610910028219 19.87269429117441 0
      vertex 41.98610910028219 19.87269429117441 2
      vertex 42.17792120575905 19.818726733326912 2
    endloop
  endfacet
  facet normal 0.900968866563419 0.4338837418980205 0
    outer loop
      vertex 44.55616784095764 17.82314083725214 0
      vertex 44.55616784095764 17.82314083725214 2
      vertex 44.64262329787016 17.64361423254013 2
    endloop
  endfacet
  facet normal 0.8782215840023091 0.4782539590975438 0
    outer loop
      vertex 44.460871152579784 17.998134911060333 0
      vertex 44.460871152579784 17.998134911060333 2
      vertex 44.55616784095764 17.82314083725214 2
    endloop
  endfacet
  facet normal 0.8532908776077736 0.5214352099651072 0
    outer loop
      vertex 44.356970235705376 18.16816122084856 0
      vertex 44.356970235705376 18.16816122084856 2
      vertex 44.460871152579784 17.998134911060333 2
    endloop
  endfacet
  facet normal 0.8262387665059674 0.5633200695188284 0
    outer loop
      vertex 44.244723312556744 18.332797214388847 0
      vertex 44.244723312556744 18.332797214388847 2
      vertex 44.356970235705376 18.16816122084856 2
    endloop
  endfacet
  facet normal 0.7971325089331512 0.6038044080676618 0
    outer loop
      vertex 44.12440948188305 18.491633526980877 0
      vertex 44.12440948188305 18.491633526980877 2
      vertex 44.244723312556744 18.332797214388847 2
    endloop
  endfacet
  facet normal 0.7660444549402614 0.642787595598482 0
    outer loop
      vertex 43.99632801860571 18.644275076687336 0
      vertex 43.99632801860571 18.644275076687336 2
      vertex 44.12440948188305 18.491633526980877 2
    endloop
  endfacet
  facet normal 0.6982368297194174 0.7158668379128743 0
    outer loop
      vertex 43.71815375238657 18.92947306483984 0
      vertex 43.71815375238657 18.92947306483984 2
      vertex 43.860797107219696 18.790342658758163 2
    endloop
  endfacet
  facet normal 0.7330518681240406 0.6801727417648067 0
    outer loop
      vertex 43.860797107219696 18.790342658758163 0
      vertex 43.860797107219696 18.790342658758163 2
      vertex 43.99632801860571 18.644275076687336 2
    endloop
  endfacet
  facet normal 0.4562106793130544 0.8898717975532888 0
    outer loop
      vertex 42.73391655087471 19.600514642894268 0
      vertex 42.73391655087471 19.600514642894268 2
      vertex 42.911231957376 19.50961033254862 2
    endloop
  endfacet
  facet normal 0.5837436667516833 0.8119380096579416 0
    outer loop
      vertex 43.25117886811495 19.301873095333576 0
      vertex 43.25117886811495 19.301873095333576 2
      vertex 43.41296548396349 19.185556441545486 2
    endloop
  endfacet
  facet normal 0.6234898136854862 0.7818314730365091 0
    outer loop
      vertex 43.41296548396349 19.185556441545486 0
      vertex 43.41296548396349 19.185556441545486 2
      vertex 43.56875263899565 19.061320327222347 2
    endloop
  endfacet
  facet normal 0.54254626235556 0.8400259241261615 0
    outer loop
      vertex 43.08379574120045 19.409980580210686 0
      vertex 43.08379574120045 19.409980580210686 2
      vertex 43.25117886811495 19.301873095333576 2
    endloop
  endfacet
  facet normal 0.5000000199281952 0.8660253922788895 0
    outer loop
      vertex 42.911231957376 19.50961033254862 0
      vertex 42.911231957376 19.50961033254862 2
      vertex 43.08379574120045 19.409980580210686 2
    endloop
  endfacet
  facet normal 0.3184866360860152 0.9479273509265435 0
    outer loop
      vertex 42.17792120575905 19.818726733326912 0
      vertex 42.17792120575905 19.818726733326912 2
      vertex 42.36680483072996 19.755265213549137 2
    endloop
  endfacet
  facet normal 0.36534103984597355 0.9308737425689172 0
    outer loop
      vertex 42.36680483072996 19.755265213549137 0
      vertex 42.36680483072996 19.755265213549137 2
      vertex 42.55229018628597 19.682467572391033 2
    endloop
  endfacet
  facet normal 0.4112870734265299 0.9115058657146645 0
    outer loop
      vertex 42.55229018628597 19.682467572391033 0
      vertex 42.55229018628597 19.682467572391033 2
      vertex 42.73391655087471 19.600514642894268 2
    endloop
  endfacet
  facet normal 0.6616858306174871 0.7497812091270668 0
    outer loop
      vertex 43.56875263899565 19.061320327222347 0
      vertex 43.56875263899565 19.061320327222347 2
      vertex 43.71815375238657 18.92947306483984 2
    endloop
  endfacet
  facet normal 0 0 1
    outer loop
      vertex 4.654248937964439 -8.216723896563053 2
      vertex 8.446546025574207 10.844031661748886 2
      vertex 4.654248937964439 7.744504116475582 2
    endloop
  endfacet
  facet normal 0 0 1
    outer loop
      vertex 4.654248937964439 -8.216723896563053 2
      vertex 11.170010060071945 7.744504116475582 2
      vertex 11.163283348083496 8.033644780516624 2
    endloop
  endfacet
  facet normal 0 0 1
    outer loop
      vertex 4.654248937964439 -8.216723896563053 2
      vertex 11.163283348083496 8.033644780516624 2
      vertex 11.143085949122906 8.308312676846981 2
    endloop
  endfacet
  facet normal 0 0 1
    outer loop
      vertex 4.654248937964439 -8.216723896563053 2
      vertex 11.143085949122906 8.308312676846981 2
      vertex 11.10939197987318 8.568566210567951 2
    endloop
  endfacet
  facet normal 0 0 1
    outer loop
      vertex 4.654248937964439 -8.216723896563053 2
      vertex 11.10939197987318 8.568566210567951 2
      vertex 11.062175571918488 8.814463689923286 2
    endloop
  endfacet
  facet normal 0 0 1
    outer loop
      vertex 4.654248937964439 -8.216723896563053 2
      vertex 11.062175571918488 8.814463689923286 2
      vertex 11.001410856842995 9.046063520014286 2
    endloop
  endfacet
  facet normal 0 0 1
    outer loop
      vertex 4.654248937964439 -8.216723896563053 2
      vertex 10.927071951329708 9.263424068689346 2
      vertex 10.839132972061634 9.466603681445122 2
    endloop
  endfacet
  facet normal 0 0 1
    outer loop
      vertex 4.654248937964439 -8.216723896563053 2
      vertex 11.001410856842995 9.046063520014286 2
      vertex 10.927071951329708 9.263424068689346 2
    endloop
  endfacet
  facet normal 0 0 1
    outer loop
      vertex 4.654248937964439 -8.216723896563053 2
      vertex 10.839132972061634 9.466603681445122 2
      vertex 10.73756804317236 9.65566074848175 2
    endloop
  endfacet
  facet normal 0 0 1
    outer loop
      vertex 4.654248937964439 -8.216723896563053 2
      vertex 10.73756804317236 9.65566074848175 2
      vertex 10.622351318597794 9.830653607845306 2
    endloop
  endfacet
  facet normal 0 0 1
    outer loop
      vertex 4.654248937964439 -8.216723896563053 2
      vertex 10.622351318597794 9.830653607845306 2
      vertex 10.493456855416298 9.991640664637089 2
    endloop
  endfacet
  facet normal 0 0 1
    outer loop
      vertex 4.654248937964439 -8.216723896563053 2
      vertex 10.493456855416298 9.991640664637089 2
      vertex 10.350858844816685 10.138680264353752 2
    endloop
  endfacet
  facet normal 0 0 1
    outer loop
      vertex 4.654248937964439 -8.216723896563053 2
      vertex 10.350858844816685 10.138680264353752 2
      vertex 10.194531358778477 10.27183074504137 2
    endloop
  endfacet
  facet normal 0 0 1
    outer loop
      vertex 4.654248937964439 -8.216723896563053 2
      vertex 10.194531358778477 10.27183074504137 2
      vertex 10.024448566138744 10.391150534152985 2
    endloop
  endfacet
  facet normal 0 0 1
    outer loop
      vertex 4.654248937964439 -8.216723896563053 2
      vertex 8.713640689849854 10.819892659783363 2
      vertex 8.446546025574207 10.844031661748886 2
    endloop
  endfacet
  facet normal 0 0 1
    outer loop
      vertex 4.654248937964439 -8.216723896563053 2
      vertex 8.966798894107342 10.782331474125385 2
      vertex 8.713640689849854 10.819892659783363 2
    endloop
  endfacet
  facet normal 0 0 1
    outer loop
      vertex 4.654248937964439 -8.216723896563053 2
      vertex 9.642913445830345 10.588531412184238 2
      vertex 9.431409396231174 10.66670922935009 2
    endloop
  endfacet
  facet normal 0 0 1
    outer loop
      vertex 4.654248937964439 -8.216723896563053 2
      vertex 9.206046491861343 10.7312897965312 2
      vertex 8.966798894107342 10.782331474125385 2
    endloop
  endfacet
  facet normal 0 0 1
    outer loop
      vertex 4.654248937964439 -8.216723896563053 2
      vertex 9.431409396231174 10.66670922935009 2
      vertex 9.206046491861343 10.7312897965312 2
    endloop
  endfacet
  facet normal 0 0 1
    outer loop
      vertex 4.654248937964439 -8.216723896563053 2
      vertex 9.84058453887701 10.496697962284088 2
      vertex 9.642913445830345 10.588531412184238 2
    endloop
  endfacet
  facet normal 0 0 1
    outer loop
      vertex 4.654248937964439 -8.216723896563053 2
      vertex 10.024448566138744 10.391150534152985 2
      vertex 9.84058453887701 10.496697962284088 2
    endloop
  endfacet
  facet normal 0 0 1
    outer loop
      vertex 4.654248937964439 7.744504116475582 2
      vertex 8.446546025574207 10.844031661748886 2
      vertex 4.660459905862808 8.011539906263351 2
    endloop
  endfacet
  facet normal 0 0 1
    outer loop
      vertex 4.660459905862808 8.011539906263351 2
      vertex 8.446546025574207 10.844031661748886 2
      vertex 4.679109841585159 8.266400165855885 2
    endloop
  endfacet
  facet normal 0 0 1
    outer loop
      vertex 4.679109841585159 8.266400165855885 2
      vertex 8.446546025574207 10.844031661748886 2
      vertex 4.710224263370037 8.50911421328783 2
    endloop
  endfacet
  facet normal 0 0 1
    outer loop
      vertex 4.710224263370037 8.50911421328783 2
      vertex 8.446546025574207 10.844031661748886 2
      vertex 4.753828629851341 8.739711292088032 2
    endloop
  endfacet
  facet normal 0 0 1
    outer loop
      vertex 4.753828629851341 8.739711292088032 2
      vertex 8.446546025574207 10.844031661748886 2
      vertex 4.809948481619358 8.95822075009346 2
    endloop
  endfacet
  facet normal 0 0 1
    outer loop
      vertex 4.809948481619358 8.95822075009346 2
      vertex 8.446546025574207 10.844031661748886 2
      vertex 4.878609292209148 9.164671823382378 2
    endloop
  endfacet
  facet normal 0 0 1
    outer loop
      vertex 4.878609292209148 9.164671823382378 2
      vertex 8.446546025574207 10.844031661748886 2
      vertex 4.95983661711216 9.359093822538853 2
    endloop
  endfacet
  facet normal 0 0 1
    outer loop
      vertex 4.95983661711216 9.359093822538853 2
      vertex 8.446546025574207 10.844031661748886 2
      vertex 5.0536559000611305 9.54151602089405 2
    endloop
  endfacet
  facet normal 0 0 1
    outer loop
      vertex 5.0536559000611305 9.54151602089405 2
      vertex 8.446546025574207 10.844031661748886 2
      vertex 5.160092703998089 9.711967721581459 2
    endloop
  endfacet
  facet normal 0 0 1
    outer loop
      vertex 5.160092703998089 9.711967721581459 2
      vertex 8.446546025574207 10.844031661748886 2
      vertex 5.279172487556934 9.870478212833405 2
    endloop
  endfacet
  facet normal 0 0 1
    outer loop
      vertex 5.279172487556934 9.870478212833405 2
      vertex 8.446546025574207 10.844031661748886 2
      vertex 5.410920761525631 10.017076767981052 2
    endloop
  endfacet
  facet normal 0 0 1
    outer loop
      vertex 5.410920761525631 10.017076767981052 2
      vertex 8.446546025574207 10.844031661748886 2
      vertex 5.555363066494465 10.15179268270731 2
    endloop
  endfacet
  facet normal 0 0 1
    outer loop
      vertex 5.555363066494465 10.15179268270731 2
      vertex 8.446546025574207 10.844031661748886 2
      vertex 5.712524861097336 10.274655245244503 2
    endloop
  endfacet
  facet normal 0 0 1
    outer loop
      vertex 5.712524861097336 10.274655245244503 2
      vertex 8.446546025574207 10.844031661748886 2
      vertex 5.882431671023369 10.385693773627281 2
    endloop
  endfacet
  facet normal 0 0 1
    outer loop
      vertex 5.882431671023369 10.385693773627281 2
      vertex 8.446546025574207 10.844031661748886 2
      vertex 6.065109021961689 10.484937496483326 2
    endloop
  endfacet
  facet normal 0 0 1
    outer loop
      vertex 6.065109021961689 10.484937496483326 2
      vertex 8.446546025574207 10.844031661748886 2
      vertex 6.260582387447357 10.572415761649609 2
    endloop
  endfacet
  facet normal 0 0 1
    outer loop
      vertex 6.260582387447357 10.572415761649609 2
      vertex 8.446546025574207 10.844031661748886 2
      vertex 6.468877263367176 10.648157812654972 2
    endloop
  endfacet
  facet normal 0 0 1
    outer loop
      vertex 6.468877263367176 10.648157812654972 2
      vertex 8.446546025574207 10.844031661748886 2
      vertex 6.6900191977620125 10.712192952632904 2
    endloop
  endfacet
  facet normal 0 0 1
    outer loop
      vertex 6.6900191977620125 10.712192952632904 2
      vertex 8.446546025574207 10.844031661748886 2
      vertex 6.924033649265766 10.764550477266312 2
    endloop
  endfacet
  facet normal 0 0 1
    outer loop
      vertex 6.924033649265766 10.764550477266312 2
      vertex 8.446546025574207 10.844031661748886 2
      vertex 7.170946151018143 10.805259682238102 2
    endloop
  endfacet
  facet normal 0 0 1
    outer loop
      vertex 11.170010060071945 -3.9939244389533997 2
      vertex 17.720273688435555 4.490446470677853 2
      vertex 11.170010060071945 4.490446470677853 2
    endloop
  endfacet
  facet normal 0 0 1
    outer loop
      vertex 17.720273688435555 4.490446470677853 2
      vertex 20.823017075657845 15.182868152856827 2
      vertex 17.720273688435555 7.357342094182968 2
    endloop
  endfacet
  facet normal 0 0 1
    outer loop
      vertex 17.510954961180687 9.699172504246235 2
      vertex 20.823017075657845 15.182868152856827 2
      vertex 17.348220504820347 10.397001251578331 2
    endloop
  endfacet
  facet normal 0 0 1
    outer loop
      vertex 17.348220504820347 10.397001251578331 2
      vertex 20.823017075657845 15.182868152856827 2
      vertex 17.139048412442207 11.053342007100582 2
    endloop
  endfacet
  facet normal 0 0 1
    outer loop
      vertex 17.720273688435555 7.357342094182968 2
      vertex 20.823017075657845 15.182868152856827 2
      vertex 17.697007425129414 8.179284565150738 2
    endloop
  endfacet
  facet normal 0 0 1
    outer loop
      vertex 17.697007425129414 8.179284565150738 2
      vertex 20.823017075657845 15.182868152856827 2
      vertex 17.627225890755653 8.959914155304432 2
    endloop
  endfacet
  facet normal 0 0 1
    outer loop
      vertex 17.627225890755653 8.959914155304432 2
      vertex 20.823017075657845 15.182868152856827 2
      vertex 17.510954961180687 9.699172504246235 2
    endloop
  endfacet
  facet normal 0 0 1
    outer loop
      vertex -5.033012375235558 15.182868152856827 2
      vertex -0.33270861208438873 12.605808481574059 2
      vertex 0.04623749852180481 13.079998955130577 2
    endloop
  endfacet
  facet normal 0 0 1
    outer loop
      vertex -5.033012375235558 15.182868152856827 2
      vertex 0.04623749852180481 13.079998955130577 2
      vertex 0.46988919377326965 13.51699760556221 2
    endloop
  endfacet
  facet normal 0 0 1
    outer loop
      vertex -5.033012375235558 15.182868152856827 2
      vertex 0.46988919377326965 13.51699760556221 2
      vertex 0.9382725059986115 13.91680446267128 2
    endloop
  endfacet
  facet normal 0 0 1
    outer loop
      vertex -5.033012375235558 15.182868152856827 2
      vertex 0.9382725059986115 13.91680446267128 2
      vertex 1.4514135196805 14.279419474303722 2
    endloop
  endfacet
  facet normal 0 0 1
    outer loop
      vertex -5.033012375235558 15.182868152856827 2
      vertex 1.4514135196805 14.279419474303722 2
      vertex 2.0093382969498634 14.60484267026186 2
    endloop
  endfacet
  facet normal 0 0 1
    outer loop
      vertex -5.033012375235558 15.182868152856827 2
      vertex 2.0093382969498634 14.60484267026186 2
      vertex 2.6120728850364685 14.893074050545692 2
    endloop
  endfacet
  facet normal 0 0 1
    outer loop
      vertex -5.033012375235558 15.182868152856827 2
      vertex 2.6120728850364685 14.893074050545692 2
      vertex 3.2596433460712433 15.144113592803478 2
    endloop
  endfacet
  facet normal 0 0 1
    outer loop
      vertex -5.033012375235558 15.182868152856827 2
      vertex 3.2596433460712433 15.144113592803478 2
      vertex 3.9520757645368576 15.35796133428812 2
    endloop
  endfacet
  facet normal 0 0 1
    outer loop
      vertex -5.033012375235558 15.182868152856827 2
      vertex 3.9520757645368576 15.35796133428812 2
      vertex 4.689396180212498 15.534617252647877 2
    endloop
  endfacet
  facet normal 0 0 1
    outer loop
      vertex 7.170946151018143 10.805259682238102 2
      vertex 8.446546025574207 10.844031661748886 2
      vertex 7.170946151018143 15.841434083878994 2
    endloop
  endfacet
  facet normal 0 0 1
    outer loop
      vertex 8.446546025574207 10.844031661748886 2
      vertex 8.446546025574207 15.880206063389778 2
      vertex 7.170946151018143 15.841434083878994 2
    endloop
  endfacet
  facet normal 0 0 1
    outer loop
      vertex 8.446546025574207 15.880206063389778 2
      vertex 40.856643319129944 16.998756729066372 2
      vertex -33.06321522593498 16.998756729066372 2
    endloop
  endfacet
  facet normal 0 0 1
    outer loop
      vertex 12.498949952423573 15.322069883346558 2
      vertex 13.171075262129307 15.08381912112236 2
      vertex 20.823017075657845 15.182868152856827 2
    endloop
  endfacet
  facet normal 0 0 1
    outer loop
      vertex 11.780671663582325 15.518190622329712 2
      vertex 12.498949952423573 15.322069883346558 2
      vertex 20.823017075657845 15.182868152856827 2
    endloop
  endfacet
  facet normal 0 0 1
    outer loop
      vertex 16.88346454501152 11.668136402964592 2
      vertex 17.139048412442207 11.053342007100582 2
      vertex 20.823017075657845 15.182868152856827 2
    endloop
  endfacet
  facet normal 0 0 1
    outer loop
      vertex 16.88346454501152 11.668136402964592 2
      vertex 20.823017075657845 15.182868152856827 2
      vertex 16.58149478584528 12.241326093673706 2
    endloop
  endfacet
  facet normal 0 0 1
    outer loop
      vertex 16.58149478584528 12.241326093673706 2
      vertex 20.823017075657845 15.182868152856827 2
      vertex 16.23316503316164 12.772852696478367 2
    endloop
  endfacet
  facet normal 0 0 1
    outer loop
      vertex 13.797021687030792 14.803496688604355 2
      vertex 14.376763373613358 14.48116099089384 2
      vertex 20.823017075657845 15.182868152856827 2
    endloop
  endfacet
  facet normal 0 0 1
    outer loop
      vertex 14.910274423658848 14.116870388388634 2
      vertex 20.823017075657845 15.182868152856827 2
      vertex 14.376763373613358 14.48116099089384 2
    endloop
  endfacet
  facet normal 0 0 1
    outer loop
      vertex 15.39752896875143 13.710683219134808 2
      vertex 20.823017075657845 15.182868152856827 2
      vertex 14.910274423658848 14.116870388388634 2
    endloop
  endfacet
  facet normal 0 0 1
    outer loop
      vertex 16.23316503316164 12.772852696478367 2
      vertex 20.823017075657845 15.182868152856827 2
      vertex 15.838501118123531 13.262657880783081 2
    endloop
  endfacet
  facet normal 0 0 1
    outer loop
      vertex 15.39752896875143 13.710683219134808 2
      vertex 15.838501118123531 13.262657880783081 2
      vertex 20.823017075657845 15.182868152856827 2
    endloop
  endfacet
  facet normal 0 0 1
    outer loop
      vertex 13.797021687030792 14.803496688604355 2
      vertex 20.823017075657845 15.182868152856827 2
      vertex 13.171075262129307 15.08381912112236 2
    endloop
  endfacet
  facet normal 0 0 1
    outer loop
      vertex 8.446546025574207 15.880206063389778 2
      vertex 9.349177546799183 15.853189073503017 2
      vertex 40.856643319129944 16.998756729066372 2
    endloop
  endfacet
  facet normal 0 0 1
    outer loop
      vertex 9.349177546799183 15.853189073503017 2
      vertex 10.205759570002556 15.783808581531048 2
      vertex 40.856643319129944 16.998756729066372 2
    endloop
  endfacet
  facet normal 0 0 1
    outer loop
      vertex 10.205759570002556 15.783808581531048 2
      vertex 11.016266234219074 15.672122977674007 2
      vertex 40.856643319129944 16.998756729066372 2
    endloop
  endfacet
  facet normal 0 0 1
    outer loop
      vertex 11.016266234219074 15.672122977674007 2
      vertex 11.780671663582325 15.518190622329712 2
      vertex 40.856643319129944 16.998756729066372 2
    endloop
  endfacet
  facet normal 0 0 1
    outer loop
      vertex 28.13183941692114 3.9479175731539726 2
      vertex 30.99331348389387 9.177951917052269 2
      vertex 27.16651389747858 15.182868152856827 2
    endloop
  endfacet
  facet normal 0 0 1
    outer loop
      vertex 30.99331348389387 9.177951917052269 2
      vertex 34.3373261988163 4.567990444600582 2
      vertex 31.786126486957073 10.4178187251091 2
    endloop
  endfacet
  facet normal 0 0 1
    outer loop
      vertex 30.99331348389387 9.177951917052269 2
      vertex 31.786126486957073 10.4178187251091 2
      vertex 27.16651389747858 15.182868152856827 2
    endloop
  endfacet
  facet normal 0 0 1
    outer loop
      vertex 41.473636001348495 -15.5 2
      vertex 42 15.91272871941328 2
      vertex 34.3373261988163 4.567990444600582 2
    endloop
  endfacet
  facet normal 0 0 1
    outer loop
      vertex 34.3373261988163 4.567990444600582 2
      vertex 42 15.91272871941328 2
      vertex 40.92209234088659 15.182868152856827 2
    endloop
  endfacet
  facet normal 0 0 1
    outer loop
      vertex 11.780671663582325 15.518190622329712 2
      vertex 20.823017075657845 15.182868152856827 2
      vertex 40.856643319129944 16.998756729066372 2
    endloop
  endfacet
  facet normal 0 0 1
    outer loop
      vertex 31.786126486957073 10.4178187251091 2
      vertex 34.30282370001078 15.182868152856827 2
      vertex 27.16651389747858 15.182868152856827 2
    endloop
  endfacet
  facet normal 0 0 1
    outer loop
      vertex 20.823017075657845 15.182868152856827 2
      vertex 27.16651389747858 15.182868152856827 2
      vertex 40.856643319129944 16.998756729066372 2
    endloop
  endfacet
  facet normal 0 0 1
    outer loop
      vertex 27.16651389747858 15.182868152856827 2
      vertex 34.30282370001078 15.182868152856827 2
      vertex 40.856643319129944 16.998756729066372 2
    endloop
  endfacet
  facet normal 0 0 1
    outer loop
      vertex 34.30282370001078 15.182868152856827 2
      vertex 40.92209234088659 15.182868152856827 2
      vertex 40.856643319129944 16.998756729066372 2
    endloop
  endfacet
  facet normal 0 0 1
    outer loop
      vertex 40.92209234088659 15.182868152856827 2
      vertex 42 15.91272871941328 2
      vertex 41.99937912076712 15.937625139951706 2
    endloop
  endfacet
  facet normal 0 0 1
    outer loop
      vertex 40.92209234088659 15.182868152856827 2
      vertex 41.99937912076712 15.937625139951706 2
      vertex 41.992553889751434 16.074381604790688 2
    endloop
  endfacet
  facet normal 0 0 1
    outer loop
      vertex 40.92209234088659 15.182868152856827 2
      vertex 41.992553889751434 16.074381604790688 2
      vertex 41.98761246353388 16.123763717710972 2
    endloop
  endfacet
  facet normal 0 0 1
    outer loop
      vertex 40.92209234088659 15.182868152856827 2
      vertex 41.98021560907364 16.172838605940342 2
      vertex 41.97038186341524 16.22148334980011 2
    endloop
  endfacet
  facet normal 0 0 1
    outer loop
      vertex 40.92209234088659 15.182868152856827 2
      vertex 41.98761246353388 16.123763717710972 2
      vertex 41.98021560907364 16.172838605940342 2
    endloop
  endfacet
  facet normal 0 0 1
    outer loop
      vertex 40.92209234088659 15.182868152856827 2
      vertex 41.97038186341524 16.22148334980011 2
      vertex 41.95813558995724 16.269577503204346 2
    endloop
  endfacet
  facet normal 0 0 1
    outer loop
      vertex 40.92209234088659 15.182868152856827 2
      vertex 41.95813558995724 16.269577503204346 2
      vertex 41.943507201969624 16.317001573741436 2
    endloop
  endfacet
  facet normal 0 0 1
    outer loop
      vertex 40.92209234088659 15.182868152856827 2
      vertex 41.943507201969624 16.317001573741436 2
      vertex 41.92653313279152 16.363637432456017 2
    endloop
  endfacet
  facet normal 0 0 1
    outer loop
      vertex 40.92209234088659 15.182868152856827 2
      vertex 41.92653313279152 16.363637432456017 2
      vertex 41.90725556015968 16.409369237720966 2
    endloop
  endfacet
  facet normal 0 0 1
    outer loop
      vertex 40.92209234088659 15.182868152856827 2
      vertex 41.90725556015968 16.409369237720966 2
      vertex 41.88572235405445 16.454083405435085 2
    endloop
  endfacet
  facet normal 0 0 1
    outer loop
      vertex 40.92209234088659 15.182868152856827 2
      vertex 41.88572235405445 16.454083405435085 2
      vertex 41.86198719590902 16.497668467462063 2
    endloop
  endfacet
  facet normal 0 0 1
    outer loop
      vertex 40.92209234088659 15.182868152856827 2
      vertex 41.86198719590902 16.497668467462063 2
      vertex 41.836108922958374 16.540016375482082 2
    endloop
  endfacet
  facet normal 0 0 1
    outer loop
      vertex 40.92209234088659 15.182868152856827 2
      vertex 41.836108922958374 16.540016375482082 2
      vertex 41.808151952922344 16.58102172613144 2
    endloop
  endfacet
  facet normal 0 0 1
    outer loop
      vertex 40.92209234088659 15.182868152856827 2
      vertex 41.808151952922344 16.58102172613144 2
      vertex 41.77818577736616 16.620582565665245 2
    endloop
  endfacet
  facet normal 0 0 1
    outer loop
      vertex 40.92209234088659 15.182868152856827 2
      vertex 41.77818577736616 16.620582565665245 2
      vertex 41.746285036206245 16.658600389957428 2
    endloop
  endfacet
  facet normal 0 0 1
    outer loop
      vertex 40.92209234088659 15.182868152856827 2
      vertex 41.746285036206245 16.658600389957428 2
      vertex 41.7125288695097 16.694980889558792 2
    endloop
  endfacet
  facet normal 0 0 1
    outer loop
      vertex 40.92209234088659 15.182868152856827 2
      vertex 41.67700106650591 16.72963373363018 2
      vertex 41.6397902444005 16.762472473084927 2
    endloop
  endfacet
  facet normal 0 0 1
    outer loop
      vertex 40.92209234088659 15.182868152856827 2
      vertex 41.600989028811455 16.793415412306786 2
      vertex 41.56069324910641 16.822386100888252 2
    endloop
  endfacet
  facet normal 0 0 1
    outer loop
      vertex 40.92209234088659 15.182868152856827 2
      vertex 41.6397902444005 16.762472473084927 2
      vertex 41.600989028811455 16.793415412306786 2
    endloop
  endfacet
  facet normal 0 0 1
    outer loop
      vertex 40.92209234088659 15.182868152856827 2
      vertex 41.7125288695097 16.694980889558792 2
      vertex 41.67700106650591 16.72963373363018 2
    endloop
  endfacet
  facet normal 0 0 1
    outer loop
      vertex 40.92209234088659 15.182868152856827 2
      vertex 40.86910529434681 16.998601354658604 2
      vertex 40.856643319129944 16.998756729066372 2
    endloop
  endfacet
  facet normal 0 0 1
    outer loop
      vertex 40.92209234088659 15.182868152856827 2
      vertex 41.04961363226175 16.994099758565426 2
      vertex 40.86910529434681 16.998601354658604 2
    endloop
  endfacet
  facet normal 0 0 1
    outer loop
      vertex 40.92209234088659 15.182868152856827 2
      vertex 41.09910345822573 16.99039100855589 2
      vertex 41.04961363226175 16.994099758565426 2
    endloop
  endfacet
  facet normal 0 0 1
    outer loop
      vertex 40.92209234088659 15.182868152856827 2
      vertex 41.14834727346897 16.98421996086836 2
      vertex 41.09910345822573 16.99039100855589 2
    endloop
  endfacet
  facet normal 0 0 1
    outer loop
      vertex 40.92209234088659 15.182868152856827 2
      vertex 41.1972221955657 16.975601986050606 2
      vertex 41.14834727346897 16.98421996086836 2
    endloop
  endfacet
  facet normal 0 0 1
    outer loop
      vertex 40.92209234088659 15.182868152856827 2
      vertex 41.24560675770044 16.96455852687359 2
      vertex 41.1972221955657 16.975601986050606 2
    endloop
  endfacet
  facet normal 0 0 1
    outer loop
      vertex 40.92209234088659 15.182868152856827 2
      vertex 41.34042540937662 16.93531084805727 2
      vertex 41.293380707502365 16.951117023825645 2
    endloop
  endfacet
  facet normal 0 0 1
    outer loop
      vertex 40.92209234088659 15.182868152856827 2
      vertex 41.386623457074165 16.917179450392723 2
      vertex 41.34042540937662 16.93531084805727 2
    endloop
  endfacet
  facet normal 0 0 1
    outer loop
      vertex 40.92209234088659 15.182868152856827 2
      vertex 41.47602389007807 16.874126471579075 2
      vertex 41.43186058104038 16.896767683327198 2
    endloop
  endfacet
  facet normal 0 0 1
    outer loop
      vertex 40.92209234088659 15.182868152856827 2
      vertex 41.51900377124548 16.849312022328377 2
      vertex 41.47602389007807 16.874126471579075 2
    endloop
  endfacet
  facet normal 0 0 1
    outer loop
      vertex 40.92209234088659 15.182868152856827 2
      vertex 41.43186058104038 16.896767683327198 2
      vertex 41.386623457074165 16.917179450392723 2
    endloop
  endfacet
  facet normal 0 0 1
    outer loop
      vertex 40.92209234088659 15.182868152856827 2
      vertex 41.293380707502365 16.951117023825645 2
      vertex 41.24560675770044 16.96455852687359 2
    endloop
  endfacet
  facet normal 0 0 1
    outer loop
      vertex 40.92209234088659 15.182868152856827 2
      vertex 41.56069324910641 16.822386100888252 2
      vertex 41.51900377124548 16.849312022328377 2
    endloop
  endfacet
  facet normal -0.5425462722332239 -0.8400259177464898 0
    outer loop
      vertex -43.08379566669464 -19.40998063236475 3
      vertex -43.25117892771959 -19.301873058080673 2
      vertex -43.08379566669464 -19.40998063236475 2
    endloop
  endfacet
  facet normal -0.7330518681240406 -0.6801727417648067 0
    outer loop
      vertex -43.86079705506563 -18.79034271836281 3
      vertex -43.996327966451645 -18.64427513629198 2
      vertex -43.86079705506563 -18.79034271836281 2
    endloop
  endfacet
  facet normal -0.6616858170608877 -0.7497812210908362 0
    outer loop
      vertex -43.568752750754356 -19.0613202303648 3
      vertex -43.71815375983715 -18.92947306483984 2
      vertex -43.568752750754356 -19.0613202303648 2
    endloop
  endfacet
  facet normal -0.5837436868888095 -0.8119379951803336 0
    outer loop
      vertex -43.25117892771959 -19.301873058080673 3
      vertex -43.41296537965536 -19.185556516051292 2
      vertex -43.25117892771959 -19.301873058080673 2
    endloop
  endfacet
  facet normal -0.6234898107889876 -0.7818314753463897 0
    outer loop
      vertex -43.41296537965536 -19.185556516051292 3
      vertex -43.568752750754356 -19.0613202303648 2
      vertex -43.41296537965536 -19.185556516051292 2
    endloop
  endfacet
  facet normal -0.6982368259441671 -0.7158668415951496 0
    outer loop
      vertex -43.71815375983715 -18.92947306483984 3
      vertex -43.86079705506563 -18.79034271836281 2
      vertex -43.71815375983715 -18.92947306483984 2
    endloop
  endfacet
  facet normal -0.9214762101859033 -0.3884348002708112 0
    outer loop
      vertex -44.64262329787016 -17.64361423999071 3
      vertex -44.72002266347408 -17.46000125259161 2
      vertex -44.64262329787016 -17.64361423999071 2
    endloop
  endfacet
  facet normal -0.9396926323336212 -0.3420201115985866 0
    outer loop
      vertex -44.72002266347408 -17.46000125259161 3
      vertex -44.78817340731621 -17.27275860309601 2
      vertex -44.72002266347408 -17.46000125259161 2
    endloop
  endfacet
  facet normal -0.7660444591766996 -0.6427875905496915 0
    outer loop
      vertex -43.996327966451645 -18.64427513629198 3
      vertex -44.12440949678421 -18.491633504629135 2
      vertex -43.996327966451645 -18.64427513629198 2
    endloop
  endfacet
  facet normal -0.797132504568374 -0.603804413829968 0
    outer loop
      vertex -44.12440949678421 -18.491633504629135 3
      vertex -44.244723334908485 -18.332797184586525 2
      vertex -44.12440949678421 -18.491633504629135 2
    endloop
  endfacet
  facet normal -0.8262387657164589 -0.5633200706768244 0
    outer loop
      vertex -44.244723334908485 -18.332797184586525 3
      vertex -44.356970243155956 -18.16816121339798 2
      vertex -44.244723334908485 -18.332797184586525 2
    endloop
  endfacet
  facet normal -0.8532908803817549 -0.5214352054256881 0
    outer loop
      vertex -44.356970243155956 -18.16816121339798 3
      vertex -44.460871145129204 -17.998134925961494 2
      vertex -44.356970243155956 -18.16816121339798 2
    endloop
  endfacet
  facet normal -0.8782215682974672 -0.4782539879364699 0
    outer loop
      vertex -44.460871145129204 -17.998134925961494 3
      vertex -44.55616784095764 -17.8231408521533 2
      vertex -44.460871145129204 -17.998134925961494 2
    endloop
  endfacet
  facet normal -0.9009688736025301 -0.4338837272811556 0
    outer loop
      vertex -44.55616784095764 -17.8231408521533 3
      vertex -44.64262329787016 -17.64361423999071 2
      vertex -44.55616784095764 -17.8231408521533 2
    endloop
  endfacet
  facet normal -0.9555728002850473 -0.2947551922450104 0
    outer loop
      vertex -44.78817340731621 -17.27275860309601 3
      vertex -44.84690622240305 -17.082351505756378 2
      vertex -44.78817340731621 -17.27275860309601 2
    endloop
  endfacet
  facet normal -0.9690772860409408 -0.24675739842915462 0
    outer loop
      vertex -44.84690622240305 -17.082351505756378 3
      vertex -44.89607494324446 -16.88925378769636 2
      vertex -44.84690622240305 -17.082351505756378 2
    endloop
  endfacet
  facet normal -0.9801724879871314 -0.19814614251384477 0
    outer loop
      vertex -44.89607494324446 -16.88925378769636 3
      vertex -44.93555746972561 -16.693944983184338 2
      vertex -44.89607494324446 -16.88925378769636 2
    endloop
  endfacet
  facet normal -0.9950307746059053 -0.09956785418583765 0
    outer loop
      vertex -44.965255565941334 -16.496910966932774 3
      vertex -44.98509541898966 -16.29864151030779 2
      vertex -44.965255565941334 -16.496910966932774 2
    endloop
  endfacet
  facet normal -0.9888308286767222 -0.1490422499109121 0
    outer loop
      vertex -44.93555746972561 -16.693944983184338 3
      vertex -44.965255565941334 -16.496910966932774 2
      vertex -44.93555746972561 -16.693944983184338 2
    endloop
  endfacet
  facet normal -0.9987569202842657 -0.049845904388316355 0
    outer loop
      vertex -44.98509541898966 -16.29864151030779 3
      vertex -44.99502768367529 -16.099629811942577 2
      vertex -44.98509541898966 -16.29864151030779 2
    endloop
  endfacet
  facet normal -0.3653410607499632 -0.9308737343647051 0
    outer loop
      vertex -42.36680480837822 -19.755265220999718 3
      vertex -42.552290208637714 -19.682467557489872 2
      vertex -42.36680480837822 -19.755265220999718 2
    endloop
  endfacet
  facet normal -0.45621066038182073 -0.8898718072587664 0
    outer loop
      vertex -42.733916491270065 -19.60051466524601 3
      vertex -42.911231979727745 -19.509610317647457 2
      vertex -42.733916491270065 -19.60051466524601 2
    endloop
  endfacet
  facet normal -0.4999999780186586 -0.8660254164753716 0
    outer loop
      vertex -42.911231979727745 -19.509610317647457 3
      vertex -43.08379566669464 -19.40998063236475 2
      vertex -42.911231979727745 -19.509610317647457 2
    endloop
  endfacet
  facet normal -0.41128707228914796 -0.9115058662278709 0
    outer loop
      vertex -42.552290208637714 -19.682467557489872 3
      vertex -42.733916491270065 -19.60051466524601 2
      vertex -42.552290208637714 -19.682467557489872 2
    endloop
  endfacet
  facet normal -0.2708404333525069 -0.9626242567385398 0
    outer loop
      vertex -41.98610918223858 -19.87269426882267 3
      vertex -42.17792120575905 -19.818726740777493 2
      vertex -41.98610918223858 -19.87269426882267 2
    endloop
  endfacet
  facet normal -0.3184866699515882 -0.9479273395483159 0
    outer loop
      vertex -42.17792120575905 -19.818726740777493 3
      vertex -42.36680480837822 -19.755265220999718 2
      vertex -42.17792120575905 -19.818726740777493 2
    endloop
  endfacet
  facet normal -0.22252096297113635 -0.9749279055593794 0
    outer loop
      vertex -41.7918454259634 -19.917033709585667 3
      vertex -41.98610918223858 -19.87269426882267 2
      vertex -41.7918454259634 -19.917033709585667 2
    endloop
  endfacet
  facet normal -0.1736481869962342 -0.9848077513672 0
    outer loop
      vertex -41.59561301767826 -19.951634779572487 3
      vertex -41.7918454259634 -19.917033709585667 2
      vertex -41.59561301767826 -19.951634779572487 2
    endloop
  endfacet
  facet normal -0.12434370770022168 -0.9922392062176145 0
    outer loop
      vertex -41.397899970412254 -19.976411439478397 3
      vertex -41.59561301767826 -19.951634779572487 2
      vertex -41.397899970412254 -19.976411439478397 2
    endloop
  endfacet
  facet normal -0.07473008078718472 -0.9972037981403505 0
    outer loop
      vertex -41.17432228475809 -19.993166267871857 3
      vertex -41.397899970412254 -19.976411439478397 2
      vertex -41.17432228475809 -19.993166267871857 2
    endloop
  endfacet
  facet normal -0.03739121838012594 -0.9993007038864977 0
    outer loop
      vertex -41.02491416037083 -19.998756729066372 3
      vertex -41.17432228475809 -19.993166267871857 2
      vertex -41.02491416037083 -19.998756729066372 2
    endloop
  endfacet
  facet normal 0.661685810701194 0.7497812267032988 0
    outer loop
      vertex -41.677001148462296 -16.729633659124374 3
      vertex -41.639790423214436 -16.762472316622734 2
      vertex -41.677001148462296 -16.729633659124374 2
    endloop
  endfacet
  facet normal 0.6982367983788718 0.7158668684815793 0
    outer loop
      vertex -41.71252875030041 -16.694981016218662 3
      vertex -41.677001148462296 -16.729633659124374 2
      vertex -41.71252875030041 -16.694981016218662 2
    endloop
  endfacet
  facet normal 0.7330518142001561 0.680172799880927 0
    outer loop
      vertex -41.74628495424986 -16.658600486814976 3
      vertex -41.71252875030041 -16.694981016218662 2
      vertex -41.74628495424986 -16.658600486814976 2
    endloop
  endfacet
  facet normal 0.8532909217161915 0.5214351377848759 0
    outer loop
      vertex -41.86198715865612 -16.497668527066708 3
      vertex -41.836108945310116 -16.54001635313034 2
      vertex -41.86198715865612 -16.497668527066708 2
    endloop
  endfacet
  facet normal 0.7660444744114643 0.6427875723936046 0
    outer loop
      vertex -41.7781857997179 -16.620582535862923 3
      vertex -41.74628495424986 -16.658600486814976 2
      vertex -41.7781857997179 -16.620582535862923 2
    endloop
  endfacet
  facet normal 0.7971325243759824 0.6038043876802934 0
    outer loop
      vertex -41.80815199762583 -16.581021659076214 3
      vertex -41.7781857997179 -16.620582535862923 2
      vertex -41.80815199762583 -16.581021659076214 2
    endloop
  endfacet
  facet normal 0.8262387418311541 0.5633201057101297 0
    outer loop
      vertex -41.836108945310116 -16.54001635313034 3
      vertex -41.80815199762583 -16.581021659076214 2
      vertex -41.836108945310116 -16.54001635313034 2
    endloop
  endfacet
  facet normal 0.8782215686980359 0.47825398720090256 0
    outer loop
      vertex -41.88572238385677 -16.45408334583044 3
      vertex -41.86198715865612 -16.497668527066708 2
      vertex -41.88572238385677 -16.45408334583044 2
    endloop
  endfacet
  facet normal 0.9009688696852294 0.43388373541551434 0
    outer loop
      vertex -41.90725554525852 -16.40936927497387 3
      vertex -41.88572238385677 -16.45408334583044 2
      vertex -41.90725554525852 -16.40936927497387 2
    endloop
  endfacet
  facet normal 0.9396926685662221 0.3420200120503072 0
    outer loop
      vertex -41.94350714236498 -16.317001722753048 3
      vertex -41.92653314769268 -16.363637410104275 2
      vertex -41.94350714236498 -16.317001722753048 2
    endloop
  endfacet
  facet normal 0.9214761770326924 0.3884348789195095 0
    outer loop
      vertex -41.92653314769268 -16.363637410104275 3
      vertex -41.90725554525852 -16.40936927497387 2
      vertex -41.92653314769268 -16.363637410104275 2
    endloop
  endfacet
  facet normal 0.9555727866679822 0.2947552363904452 0
    outer loop
      vertex -41.95813561230898 -16.269577398896217 3
      vertex -41.94350714236498 -16.317001722753048 2
      vertex -41.95813561230898 -16.269577398896217 2
    endloop
  endfacet
  facet normal 0.9690772877979611 0.24675739152890186 0
    outer loop
      vertex -41.97038185596466 -16.22148337215185 3
      vertex -41.95813561230898 -16.269577398896217 2
      vertex -41.97038185596466 -16.22148337215185 2
    endloop
  endfacet
  facet normal 0.9801724765268026 0.198146199204816 0
    outer loop
      vertex -41.98021561652422 -16.17283857613802 3
      vertex -41.97038185596466 -16.22148337215185 2
      vertex -41.98021561652422 -16.17283857613802 2
    endloop
  endfacet
  facet normal 0.9888308246646724 0.149042276529124 0
    outer loop
      vertex -41.987612433731556 -16.123763903975487 3
      vertex -41.98021561652422 -16.17283857613802 2
      vertex -41.987612433731556 -16.123763903975487 2
    endloop
  endfacet
  facet normal 0.9950307758652058 0.09956784160102333 0
    outer loop
      vertex -41.992553897202015 -16.074381411075592 3
      vertex -41.987612433731556 -16.123763903975487 2
      vertex -41.992553897202015 -16.074381411075592 2
    endloop
  endfacet
  facet normal 0.9987569189589437 0.04984593094363956 0
    outer loop
      vertex -41.99502768367529 -16.024814449250698 3
      vertex -41.992553897202015 -16.074381411075592 2
      vertex -41.99502768367529 -16.024814449250698 2
    endloop
  endfacet
  facet normal 0.12434368294720621 0.9922392093195695 0
    outer loop
      vertex -41.148347198963165 -16.98421996831894 3
      vertex -41.09910345822573 -16.99039100855589 2
      vertex -41.148347198963165 -16.98421996831894 2
    endloop
  endfacet
  facet normal 0.17364818492741455 0.9848077517319889 0
    outer loop
      vertex -41.19722220301628 -16.975601986050606 3
      vertex -41.148347198963165 -16.98421996831894 2
      vertex -41.19722220301628 -16.975601986050606 2
    endloop
  endfacet
  facet normal 0.07473012780026517 0.9972037946172067 0
    outer loop
      vertex -41.09910345822573 -16.99039100855589 3
      vertex -41.0060815513134 -16.997362039983273 2
      vertex -41.09910345822573 -16.99039100855589 2
    endloop
  endfacet
  facet normal 0.03739125041427696 0.999300702687863 0
    outer loop
      vertex -41.0060815513134 -16.997362039983273 3
      vertex -40.96880775690079 -16.998756729066372 2
      vertex -41.0060815513134 -16.997362039983273 2
    endloop
  endfacet
  facet normal 0.4999999604448332 0.8660254266216236 0
    outer loop
      vertex -41.519003704190254 -16.84931207448244 3
      vertex -41.47602408379316 -16.874126367270947 2
      vertex -41.519003704190254 -16.84931207448244 2
    endloop
  endfacet
  facet normal 0.5425463100739517 0.8400258933063549 0
    outer loop
      vertex -41.56069324910641 -16.822386108338833 3
      vertex -41.519003704190254 -16.84931207448244 2
      vertex -41.56069324910641 -16.822386108338833 2
    endloop
  endfacet
  facet normal 0.4112870400825995 0.9115058807600169 0
    outer loop
      vertex -41.431860506534576 -16.89676771312952 3
      vertex -41.38662352412939 -16.91717941313982 2
      vertex -41.431860506534576 -16.89676771312952 2
    endloop
  endfacet
  facet normal 0.31848669144040254 0.9479273323284575 0
    outer loop
      vertex -41.34042524546385 -16.935310900211334 3
      vertex -41.293380826711655 -16.951116986572742 2
      vertex -41.34042524546385 -16.935310900211334 2
    endloop
  endfacet
  facet normal 0.3653410034924847 0.9308737568366101 0
    outer loop
      vertex -41.38662352412939 -16.91717941313982 3
      vertex -41.34042524546385 -16.935310900211334 2
      vertex -41.38662352412939 -16.91717941313982 2
    endloop
  endfacet
  facet normal 0.4562106713548206 0.8898718016332375 0
    outer loop
      vertex -41.47602408379316 -16.874126367270947 3
      vertex -41.431860506534576 -16.89676771312952 2
      vertex -41.47602408379316 -16.874126367270947 2
    endloop
  endfacet
  facet normal 0.5837436711252942 0.8119380065135297 0
    outer loop
      vertex -41.6009888574481 -16.793415538966656 3
      vertex -41.56069324910641 -16.822386108338833 2
      vertex -41.6009888574481 -16.793415538966656 2
    endloop
  endfacet
  facet normal 0.623489878200589 0.7818314215874255 0
    outer loop
      vertex -41.639790423214436 -16.762472316622734 3
      vertex -41.6009888574481 -16.793415538966656 2
      vertex -41.639790423214436 -16.762472316622734 2
    endloop
  endfacet
  facet normal 0.22252090730723398 0.9749279182643019 0
    outer loop
      vertex -41.245606765151024 -16.96455852687359 3
      vertex -41.19722220301628 -16.975601986050606 2
      vertex -41.245606765151024 -16.96455852687359 2
    endloop
  endfacet
  facet normal 0.2708405343192248 0.9626242283309083 0
    outer loop
      vertex -41.293380826711655 -16.951116986572742 3
      vertex -41.245606765151024 -16.96455852687359 2
      vertex -41.293380826711655 -16.951116986572742 2
    endloop
  endfacet
  facet normal -0.5425462722332239 -0.8400259177464898 0
    outer loop
      vertex -43.25117892771959 -19.301873058080673 3
      vertex -43.25117892771959 -19.301873058080673 2
      vertex -43.08379566669464 -19.40998063236475 3
    endloop
  endfacet
  facet normal -0.7330518681240406 -0.6801727417648067 0
    outer loop
      vertex -43.86079705506563 -18.79034271836281 3
      vertex -43.996327966451645 -18.64427513629198 3
      vertex -43.996327966451645 -18.64427513629198 2
    endloop
  endfacet
  facet normal -0.6234898107889876 -0.7818314753463897 0
    outer loop
      vertex -43.568752750754356 -19.0613202303648 3
      vertex -43.568752750754356 -19.0613202303648 2
      vertex -43.41296537965536 -19.185556516051292 3
    endloop
  endfacet
  facet normal -0.5837436868888095 -0.8119379951803336 0
    outer loop
      vertex -43.41296537965536 -19.185556516051292 3
      vertex -43.41296537965536 -19.185556516051292 2
      vertex -43.25117892771959 -19.301873058080673 3
    endloop
  endfacet
  facet normal -0.6982368259441671 -0.7158668415951496 0
    outer loop
      vertex -43.86079705506563 -18.79034271836281 3
      vertex -43.86079705506563 -18.79034271836281 2
      vertex -43.71815375983715 -18.92947306483984 3
    endloop
  endfacet
  facet normal -0.6616858170608877 -0.7497812210908362 0
    outer loop
      vertex -43.568752750754356 -19.0613202303648 3
      vertex -43.71815375983715 -18.92947306483984 3
      vertex -43.71815375983715 -18.92947306483984 2
    endloop
  endfacet
  facet normal -0.9009688736025301 -0.4338837272811556 0
    outer loop
      vertex -44.64262329787016 -17.64361423999071 3
      vertex -44.64262329787016 -17.64361423999071 2
      vertex -44.55616784095764 -17.8231408521533 3
    endloop
  endfacet
  facet normal -0.9214762101859033 -0.3884348002708112 0
    outer loop
      vertex -44.64262329787016 -17.64361423999071 3
      vertex -44.72002266347408 -17.46000125259161 3
      vertex -44.72002266347408 -17.46000125259161 2
    endloop
  endfacet
  facet normal -0.9396926323336212 -0.3420201115985866 0
    outer loop
      vertex -44.72002266347408 -17.46000125259161 3
      vertex -44.78817340731621 -17.27275860309601 3
      vertex -44.78817340731621 -17.27275860309601 2
    endloop
  endfacet
  facet normal -0.7660444591766996 -0.6427875905496915 0
    outer loop
      vertex -44.12440949678421 -18.491633504629135 3
      vertex -44.12440949678421 -18.491633504629135 2
      vertex -43.996327966451645 -18.64427513629198 3
    endloop
  endfacet
  facet normal -0.797132504568374 -0.603804413829968 0
    outer loop
      vertex -44.244723334908485 -18.332797184586525 3
      vertex -44.244723334908485 -18.332797184586525 2
      vertex -44.12440949678421 -18.491633504629135 3
    endloop
  endfacet
  facet normal -0.8262387657164589 -0.5633200706768244 0
    outer loop
      vertex -44.244723334908485 -18.332797184586525 3
      vertex -44.356970243155956 -18.16816121339798 3
      vertex -44.356970243155956 -18.16816121339798 2
    endloop
  endfacet
  facet normal -0.8532908803817549 -0.5214352054256881 0
    outer loop
      vertex -44.356970243155956 -18.16816121339798 3
      vertex -44.460871145129204 -17.998134925961494 3
      vertex -44.460871145129204 -17.998134925961494 2
    endloop
  endfacet
  facet normal -0.8782215682974672 -0.4782539879364699 0
    outer loop
      vertex -44.460871145129204 -17.998134925961494 3
      vertex -44.55616784095764 -17.8231408521533 3
      vertex -44.55616784095764 -17.8231408521533 2
    endloop
  endfacet
  facet normal 0 0 1
    outer loop
      vertex -43.86079705506563 -18.79034271836281 3
      vertex -41.71252875030041 -16.694981016218662 3
      vertex -43.996327966451645 -18.64427513629198 3
    endloop
  endfacet
  facet normal 0 0 1
    outer loop
      vertex -44.12440949678421 -18.491633504629135 3
      vertex -43.996327966451645 -18.64427513629198 3
      vertex -41.74628495424986 -16.658600486814976 3
    endloop
  endfacet
  facet normal 0 0 1
    outer loop
      vertex -44.244723334908485 -18.332797184586525 3
      vertex -44.12440949678421 -18.491633504629135 3
      vertex -41.7781857997179 -16.620582535862923 3
    endloop
  endfacet
  facet normal 0 0 1
    outer loop
      vertex -44.244723334908485 -18.332797184586525 3
      vertex -41.80815199762583 -16.581021659076214 3
      vertex -44.356970243155956 -18.16816121339798 3
    endloop
  endfacet
  facet normal 0 0 1
    outer loop
      vertex -44.356970243155956 -18.16816121339798 3
      vertex -41.836108945310116 -16.54001635313034 3
      vertex -44.460871145129204 -17.998134925961494 3
    endloop
  endfacet
  facet normal 0 0 1
    outer loop
      vertex -44.460871145129204 -17.998134925961494 3
      vertex -41.86198715865612 -16.497668527066708 3
      vertex -44.55616784095764 -17.8231408521533 3
    endloop
  endfacet
  facet normal -0.9555728002850473 -0.2947551922450104 0
    outer loop
      vertex -44.78817340731621 -17.27275860309601 3
      vertex -44.84690622240305 -17.082351505756378 3
      vertex -44.84690622240305 -17.082351505756378 2
    endloop
  endfacet
  facet normal -0.9690772860409408 -0.24675739842915462 0
    outer loop
      vertex -44.84690622240305 -17.082351505756378 3
      vertex -44.89607494324446 -16.88925378769636 3
      vertex -44.89607494324446 -16.88925378769636 2
    endloop
  endfacet
  facet normal -0.9801724879871314 -0.19814614251384477 0
    outer loop
      vertex -44.89607494324446 -16.88925378769636 3
      vertex -44.93555746972561 -16.693944983184338 3
      vertex -44.93555746972561 -16.693944983184338 2
    endloop
  endfacet
  facet normal -0.9950307746059053 -0.09956785418583765 0
    outer loop
      vertex -44.965255565941334 -16.496910966932774 3
      vertex -44.98509541898966 -16.29864151030779 3
      vertex -44.98509541898966 -16.29864151030779 2
    endloop
  endfacet
  facet normal -0.9888308286767222 -0.1490422499109121 0
    outer loop
      vertex -44.93555746972561 -16.693944983184338 3
      vertex -44.965255565941334 -16.496910966932774 3
      vertex -44.965255565941334 -16.496910966932774 2
    endloop
  endfacet
  facet normal -0.9987569202842657 -0.049845904388316355 0
    outer loop
      vertex -44.98509541898966 -16.29864151030779 3
      vertex -44.99502768367529 -16.099629811942577 3
      vertex -44.99502768367529 -16.099629811942577 2
    endloop
  endfacet
  facet normal 0 0 1
    outer loop
      vertex -44.78817340731621 -17.27275860309601 3
      vertex -41.94350714236498 -16.317001722753048 3
      vertex -44.84690622240305 -17.082351505756378 3
    endloop
  endfacet
  facet normal 0 0 1
    outer loop
      vertex -44.84690622240305 -17.082351505756378 3
      vertex -41.95813561230898 -16.269577398896217 3
      vertex -44.89607494324446 -16.88925378769636 3
    endloop
  endfacet
  facet normal 0 0 1
    outer loop
      vertex -44.64262329787016 -17.64361423999071 3
      vertex -44.55616784095764 -17.8231408521533 3
      vertex -41.88572238385677 -16.45408334583044 3
    endloop
  endfacet
  facet normal 0 0 1
    outer loop
      vertex -44.64262329787016 -17.64361423999071 3
      vertex -41.90725554525852 -16.40936927497387 3
      vertex -44.72002266347408 -17.46000125259161 3
    endloop
  endfacet
  facet normal 0 0 1
    outer loop
      vertex -44.72002266347408 -17.46000125259161 3
      vertex -41.92653314769268 -16.363637410104275 3
      vertex -44.78817340731621 -17.27275860309601 3
    endloop
  endfacet
  facet normal 0 0 1
    outer loop
      vertex -44.89607494324446 -16.88925378769636 3
      vertex -41.97038185596466 -16.22148337215185 3
      vertex -44.93555746972561 -16.693944983184338 3
    endloop
  endfacet
  facet normal 0 0 1
    outer loop
      vertex -44.93555746972561 -16.693944983184338 3
      vertex -41.98021561652422 -16.17283857613802 3
      vertex -44.965255565941334 -16.496910966932774 3
    endloop
  endfacet
  facet normal 0 0 1
    outer loop
      vertex -44.965255565941334 -16.496910966932774 3
      vertex -41.987612433731556 -16.123763903975487 3
      vertex -44.98509541898966 -16.29864151030779 3
    endloop
  endfacet
  facet normal 0 0 1
    outer loop
      vertex -44.98509541898966 -16.29864151030779 3
      vertex -41.992553897202015 -16.074381411075592 3
      vertex -44.99502768367529 -16.099629811942577 3
    endloop
  endfacet
  facet normal -0.3653410607499632 -0.9308737343647051 0
    outer loop
      vertex -42.552290208637714 -19.682467557489872 3
      vertex -42.552290208637714 -19.682467557489872 2
      vertex -42.36680480837822 -19.755265220999718 3
    endloop
  endfacet
  facet normal -0.45621066038182073 -0.8898718072587664 0
    outer loop
      vertex -42.911231979727745 -19.509610317647457 3
      vertex -42.911231979727745 -19.509610317647457 2
      vertex -42.733916491270065 -19.60051466524601 3
    endloop
  endfacet
  facet normal -0.4999999780186586 -0.8660254164753716 0
    outer loop
      vertex -42.911231979727745 -19.509610317647457 3
      vertex -43.08379566669464 -19.40998063236475 3
      vertex -43.08379566669464 -19.40998063236475 2
    endloop
  endfacet
  facet normal -0.41128707228914796 -0.9115058662278709 0
    outer loop
      vertex -42.552290208637714 -19.682467557489872 3
      vertex -42.733916491270065 -19.60051466524601 3
      vertex -42.733916491270065 -19.60051466524601 2
    endloop
  endfacet
  facet normal -0.2708404333525069 -0.9626242567385398 0
    outer loop
      vertex -42.17792120575905 -19.818726740777493 3
      vertex -42.17792120575905 -19.818726740777493 2
      vertex -41.98610918223858 -19.87269426882267 3
    endloop
  endfacet
  facet normal -0.3184866699515882 -0.9479273395483159 0
    outer loop
      vertex -42.36680480837822 -19.755265220999718 3
      vertex -42.36680480837822 -19.755265220999718 2
      vertex -42.17792120575905 -19.818726740777493 3
    endloop
  endfacet
  facet normal -0.22252096297113635 -0.9749279055593794 0
    outer loop
      vertex -41.98610918223858 -19.87269426882267 3
      vertex -41.98610918223858 -19.87269426882267 2
      vertex -41.7918454259634 -19.917033709585667 3
    endloop
  endfacet
  facet normal -0.1736481869962342 -0.9848077513672 0
    outer loop
      vertex -41.7918454259634 -19.917033709585667 3
      vertex -41.7918454259634 -19.917033709585667 2
      vertex -41.59561301767826 -19.951634779572487 3
    endloop
  endfacet
  facet normal -0.12434370770022168 -0.9922392062176145 0
    outer loop
      vertex -41.59561301767826 -19.951634779572487 3
      vertex -41.59561301767826 -19.951634779572487 2
      vertex -41.397899970412254 -19.976411439478397 3
    endloop
  endfacet
  facet normal -0.07473008078718472 -0.9972037981403505 0
    outer loop
      vertex -41.397899970412254 -19.976411439478397 3
      vertex -41.397899970412254 -19.976411439478397 2
      vertex -41.17432228475809 -19.993166267871857 3
    endloop
  endfacet
  facet normal -0.03739121838012594 -0.9993007038864977 0
    outer loop
      vertex -41.17432228475809 -19.993166267871857 3
      vertex -41.17432228475809 -19.993166267871857 2
      vertex -41.02491416037083 -19.998756729066372 3
    endloop
  endfacet
  facet normal 0 0 1
    outer loop
      vertex -42.911231979727745 -19.509610317647457 3
      vertex -42.733916491270065 -19.60051466524601 3
      vertex -41.431860506534576 -16.89676771312952 3
    endloop
  endfacet
  facet normal 0 0 1
    outer loop
      vertex -42.552290208637714 -19.682467557489872 3
      vertex -41.38662352412939 -16.91717941313982 3
      vertex -42.733916491270065 -19.60051466524601 3
    endloop
  endfacet
  facet normal 0 0 1
    outer loop
      vertex -42.552290208637714 -19.682467557489872 3
      vertex -42.36680480837822 -19.755265220999718 3
      vertex -41.34042524546385 -16.935310900211334 3
    endloop
  endfacet
  facet normal 0 0 1
    outer loop
      vertex -42.36680480837822 -19.755265220999718 3
      vertex -42.17792120575905 -19.818726740777493 3
      vertex -41.293380826711655 -16.951116986572742 3
    endloop
  endfacet
  facet normal 0 0 1
    outer loop
      vertex -41.98610918223858 -19.87269426882267 3
      vertex -41.7918454259634 -19.917033709585667 3
      vertex -41.19722220301628 -16.975601986050606 3
    endloop
  endfacet
  facet normal 0 0 1
    outer loop
      vertex -42.17792120575905 -19.818726740777493 3
      vertex -41.98610918223858 -19.87269426882267 3
      vertex -41.245606765151024 -16.96455852687359 3
    endloop
  endfacet
  facet normal 0 0 1
    outer loop
      vertex -41.17432228475809 -19.993166267871857 3
      vertex -41.02491416037083 -19.998756729066372 3
      vertex -40.96880775690079 -16.998756729066372 3
    endloop
  endfacet
  facet normal 0 0 1
    outer loop
      vertex -41.7918454259634 -19.917033709585667 3
      vertex -41.59561301767826 -19.951634779572487 3
      vertex -41.148347198963165 -16.98421996831894 3
    endloop
  endfacet
  facet normal 0 0 1
    outer loop
      vertex -41.59561301767826 -19.951634779572487 3
      vertex -41.397899970412254 -19.976411439478397 3
      vertex -41.09910345822573 -16.99039100855589 3
    endloop
  endfacet
  facet normal 0 0 1
    outer loop
      vertex -41.397899970412254 -19.976411439478397 3
      vertex -41.17432228475809 -19.993166267871857 3
      vertex -41.0060815513134 -16.997362039983273 3
    endloop
  endfacet
  facet normal 0 0 1
    outer loop
      vertex -43.568752750754356 -19.0613202303648 3
      vertex -43.41296537965536 -19.185556516051292 3
      vertex -41.6009888574481 -16.793415538966656 3
    endloop
  endfacet
  facet normal 0 0 1
    outer loop
      vertex -43.25117892771959 -19.301873058080673 3
      vertex -43.08379566669464 -19.40998063236475 3
      vertex -41.519003704190254 -16.84931207448244 3
    endloop
  endfacet
  facet normal 0 0 1
    outer loop
      vertex -42.911231979727745 -19.509610317647457 3
      vertex -41.47602408379316 -16.874126367270947 3
      vertex -43.08379566669464 -19.40998063236475 3
    endloop
  endfacet
  facet normal 0 0 1
    outer loop
      vertex -43.41296537965536 -19.185556516051292 3
      vertex -43.25117892771959 -19.301873058080673 3
      vertex -41.56069324910641 -16.822386108338833 3
    endloop
  endfacet
  facet normal 0 0 1
    outer loop
      vertex -43.568752750754356 -19.0613202303648 3
      vertex -41.639790423214436 -16.762472316622734 3
      vertex -43.71815375983715 -18.92947306483984 3
    endloop
  endfacet
  facet normal 0 0 1
    outer loop
      vertex -43.86079705506563 -18.79034271836281 3
      vertex -43.71815375983715 -18.92947306483984 3
      vertex -41.677001148462296 -16.729633659124374 3
    endloop
  endfacet
  facet normal 0 0 1
    outer loop
      vertex -43.86079705506563 -18.79034271836281 3
      vertex -41.677001148462296 -16.729633659124374 3
      vertex -41.71252875030041 -16.694981016218662 3
    endloop
  endfacet
  facet normal 0 0 1
    outer loop
      vertex -43.996327966451645 -18.64427513629198 3
      vertex -41.71252875030041 -16.694981016218662 3
      vertex -41.74628495424986 -16.658600486814976 3
    endloop
  endfacet
  facet normal 0 0 1
    outer loop
      vertex -43.08379566669464 -19.40998063236475 3
      vertex -41.47602408379316 -16.874126367270947 3
      vertex -41.519003704190254 -16.84931207448244 3
    endloop
  endfacet
  facet normal 0 0 1
    outer loop
      vertex -43.25117892771959 -19.301873058080673 3
      vertex -41.519003704190254 -16.84931207448244 3
      vertex -41.56069324910641 -16.822386108338833 3
    endloop
  endfacet
  facet normal 0 0 1
    outer loop
      vertex -42.552290208637714 -19.682467557489872 3
      vertex -41.34042524546385 -16.935310900211334 3
      vertex -41.38662352412939 -16.91717941313982 3
    endloop
  endfacet
  facet normal 0 0 1
    outer loop
      vertex -42.36680480837822 -19.755265220999718 3
      vertex -41.293380826711655 -16.951116986572742 3
      vertex -41.34042524546385 -16.935310900211334 3
    endloop
  endfacet
  facet normal 0 0 1
    outer loop
      vertex -42.911231979727745 -19.509610317647457 3
      vertex -41.431860506534576 -16.89676771312952 3
      vertex -41.47602408379316 -16.874126367270947 3
    endloop
  endfacet
  facet normal 0 0 1
    outer loop
      vertex -42.733916491270065 -19.60051466524601 3
      vertex -41.38662352412939 -16.91717941313982 3
      vertex -41.431860506534576 -16.89676771312952 3
    endloop
  endfacet
  facet normal 0 0 1
    outer loop
      vertex -43.568752750754356 -19.0613202303648 3
      vertex -41.6009888574481 -16.793415538966656 3
      vertex -41.639790423214436 -16.762472316622734 3
    endloop
  endfacet
  facet normal 0 0 1
    outer loop
      vertex -43.41296537965536 -19.185556516051292 3
      vertex -41.56069324910641 -16.822386108338833 3
      vertex -41.6009888574481 -16.793415538966656 3
    endloop
  endfacet
  facet normal 0 0 1
    outer loop
      vertex -43.71815375983715 -18.92947306483984 3
      vertex -41.639790423214436 -16.762472316622734 3
      vertex -41.677001148462296 -16.729633659124374 3
    endloop
  endfacet
  facet normal 0 0 1
    outer loop
      vertex -41.397899970412254 -19.976411439478397 3
      vertex -41.0060815513134 -16.997362039983273 3
      vertex -41.09910345822573 -16.99039100855589 3
    endloop
  endfacet
  facet normal 0 0 1
    outer loop
      vertex -41.17432228475809 -19.993166267871857 3
      vertex -40.96880775690079 -16.998756729066372 3
      vertex -41.0060815513134 -16.997362039983273 3
    endloop
  endfacet
  facet normal 0 0 1
    outer loop
      vertex -42.17792120575905 -19.818726740777493 3
      vertex -41.245606765151024 -16.96455852687359 3
      vertex -41.293380826711655 -16.951116986572742 3
    endloop
  endfacet
  facet normal 0 0 1
    outer loop
      vertex -41.98610918223858 -19.87269426882267 3
      vertex -41.19722220301628 -16.975601986050606 3
      vertex -41.245606765151024 -16.96455852687359 3
    endloop
  endfacet
  facet normal 0 0 1
    outer loop
      vertex -41.7918454259634 -19.917033709585667 3
      vertex -41.148347198963165 -16.98421996831894 3
      vertex -41.19722220301628 -16.975601986050606 3
    endloop
  endfacet
  facet normal 0 0 1
    outer loop
      vertex -41.59561301767826 -19.951634779572487 3
      vertex -41.09910345822573 -16.99039100855589 3
      vertex -41.148347198963165 -16.98421996831894 3
    endloop
  endfacet
  facet normal 0.7660444744114643 0.6427875723936046 0
    outer loop
      vertex -41.74628495424986 -16.658600486814976 3
      vertex -41.74628495424986 -16.658600486814976 2
      vertex -41.7781857997179 -16.620582535862923 3
    endloop
  endfacet
  facet normal 0.6982367983788718 0.7158668684815793 0
    outer loop
      vertex -41.677001148462296 -16.729633659124374 3
      vertex -41.677001148462296 -16.729633659124374 2
      vertex -41.71252875030041 -16.694981016218662 3
    endloop
  endfacet
  facet normal 0.7330518142001561 0.680172799880927 0
    outer loop
      vertex -41.71252875030041 -16.694981016218662 3
      vertex -41.71252875030041 -16.694981016218662 2
      vertex -41.74628495424986 -16.658600486814976 3
    endloop
  endfacet
  facet normal 0.8532909217161915 0.5214351377848759 0
    outer loop
      vertex -41.86198715865612 -16.497668527066708 3
      vertex -41.836108945310116 -16.54001635313034 3
      vertex -41.836108945310116 -16.54001635313034 2
    endloop
  endfacet
  facet normal 0.8782215686980359 0.47825398720090256 0
    outer loop
      vertex -41.86198715865612 -16.497668527066708 3
      vertex -41.86198715865612 -16.497668527066708 2
      vertex -41.88572238385677 -16.45408334583044 3
    endloop
  endfacet
  facet normal 0.7971325243759824 0.6038043876802934 0
    outer loop
      vertex -41.7781857997179 -16.620582535862923 3
      vertex -41.7781857997179 -16.620582535862923 2
      vertex -41.80815199762583 -16.581021659076214 3
    endloop
  endfacet
  facet normal 0.8262387418311541 0.5633201057101297 0
    outer loop
      vertex -41.80815199762583 -16.581021659076214 3
      vertex -41.80815199762583 -16.581021659076214 2
      vertex -41.836108945310116 -16.54001635313034 3
    endloop
  endfacet
  facet normal 0.9009688696852294 0.43388373541551434 0
    outer loop
      vertex -41.88572238385677 -16.45408334583044 3
      vertex -41.88572238385677 -16.45408334583044 2
      vertex -41.90725554525852 -16.40936927497387 3
    endloop
  endfacet
  facet normal 0.9214761770326924 0.3884348789195095 0
    outer loop
      vertex -41.90725554525852 -16.40936927497387 3
      vertex -41.90725554525852 -16.40936927497387 2
      vertex -41.92653314769268 -16.363637410104275 3
    endloop
  endfacet
  facet normal 0.9396926685662221 0.3420200120503072 0
    outer loop
      vertex -41.94350714236498 -16.317001722753048 3
      vertex -41.92653314769268 -16.363637410104275 3
      vertex -41.92653314769268 -16.363637410104275 2
    endloop
  endfacet
  facet normal 0.9555727866679822 0.2947552363904452 0
    outer loop
      vertex -41.94350714236498 -16.317001722753048 3
      vertex -41.94350714236498 -16.317001722753048 2
      vertex -41.95813561230898 -16.269577398896217 3
    endloop
  endfacet
  facet normal 0.9690772877979611 0.24675739152890186 0
    outer loop
      vertex -41.95813561230898 -16.269577398896217 3
      vertex -41.95813561230898 -16.269577398896217 2
      vertex -41.97038185596466 -16.22148337215185 3
    endloop
  endfacet
  facet normal 0.9801724765268026 0.198146199204816 0
    outer loop
      vertex -41.97038185596466 -16.22148337215185 3
      vertex -41.97038185596466 -16.22148337215185 2
      vertex -41.98021561652422 -16.17283857613802 3
    endloop
  endfacet
  facet normal 0.9888308246646724 0.149042276529124 0
    outer loop
      vertex -41.98021561652422 -16.17283857613802 3
      vertex -41.98021561652422 -16.17283857613802 2
      vertex -41.987612433731556 -16.123763903975487 3
    endloop
  endfacet
  facet normal 0.9950307758652058 0.09956784160102333 0
    outer loop
      vertex -41.987612433731556 -16.123763903975487 3
      vertex -41.987612433731556 -16.123763903975487 2
      vertex -41.992553897202015 -16.074381411075592 3
    endloop
  endfacet
  facet normal 0.9987569189589437 0.04984593094363956 0
    outer loop
      vertex -41.992553897202015 -16.074381411075592 3
      vertex -41.992553897202015 -16.074381411075592 2
      vertex -41.99502768367529 -16.024814449250698 3
    endloop
  endfacet
  facet normal 0.12434368294720621 0.9922392093195695 0
    outer loop
      vertex -41.148347198963165 -16.98421996831894 3
      vertex -41.09910345822573 -16.99039100855589 3
      vertex -41.09910345822573 -16.99039100855589 2
    endloop
  endfacet
  facet normal 0.17364818492741455 0.9848077517319889 0
    outer loop
      vertex -41.19722220301628 -16.975601986050606 3
      vertex -41.148347198963165 -16.98421996831894 3
      vertex -41.148347198963165 -16.98421996831894 2
    endloop
  endfacet
  facet normal 0.07473012780026517 0.9972037946172067 0
    outer loop
      vertex -41.09910345822573 -16.99039100855589 3
      vertex -41.0060815513134 -16.997362039983273 3
      vertex -41.0060815513134 -16.997362039983273 2
    endloop
  endfacet
  facet normal 0.03739125041427696 0.999300702687863 0
    outer loop
      vertex -40.96880775690079 -16.998756729066372 3
      vertex -40.96880775690079 -16.998756729066372 2
      vertex -41.0060815513134 -16.997362039983273 3
    endloop
  endfacet
  facet normal 0.5837436711252942 0.8119380065135297 0
    outer loop
      vertex -41.56069324910641 -16.822386108338833 3
      vertex -41.56069324910641 -16.822386108338833 2
      vertex -41.6009888574481 -16.793415538966656 3
    endloop
  endfacet
  facet normal 0.4999999604448332 0.8660254266216236 0
    outer loop
      vertex -41.47602408379316 -16.874126367270947 3
      vertex -41.47602408379316 -16.874126367270947 2
      vertex -41.519003704190254 -16.84931207448244 3
    endloop
  endfacet
  facet normal 0.5425463100739517 0.8400258933063549 0
    outer loop
      vertex -41.519003704190254 -16.84931207448244 3
      vertex -41.519003704190254 -16.84931207448244 2
      vertex -41.56069324910641 -16.822386108338833 3
    endloop
  endfacet
  facet normal 0.4112870400825995 0.9115058807600169 0
    outer loop
      vertex -41.38662352412939 -16.91717941313982 3
      vertex -41.38662352412939 -16.91717941313982 2
      vertex -41.431860506534576 -16.89676771312952 3
    endloop
  endfacet
  facet normal 0.31848669144040254 0.9479273323284575 0
    outer loop
      vertex -41.293380826711655 -16.951116986572742 3
      vertex -41.293380826711655 -16.951116986572742 2
      vertex -41.34042524546385 -16.935310900211334 3
    endloop
  endfacet
  facet normal 0.3653410034924847 0.9308737568366101 0
    outer loop
      vertex -41.38662352412939 -16.91717941313982 3
      vertex -41.34042524546385 -16.935310900211334 3
      vertex -41.34042524546385 -16.935310900211334 2
    endloop
  endfacet
  facet normal 0.4562106713548206 0.8898718016332375 0
    outer loop
      vertex -41.47602408379316 -16.874126367270947 3
      vertex -41.431860506534576 -16.89676771312952 3
      vertex -41.431860506534576 -16.89676771312952 2
    endloop
  endfacet
  facet normal 0.623489878200589 0.7818314215874255 0
    outer loop
      vertex -41.6009888574481 -16.793415538966656 3
      vertex -41.6009888574481 -16.793415538966656 2
      vertex -41.639790423214436 -16.762472316622734 3
    endloop
  endfacet
  facet normal 0.661685810701194 0.7497812267032988 0
    outer loop
      vertex -41.677001148462296 -16.729633659124374 3
      vertex -41.639790423214436 -16.762472316622734 3
      vertex -41.639790423214436 -16.762472316622734 2
    endloop
  endfacet
  facet normal 0.22252090730723398 0.9749279182643019 0
    outer loop
      vertex -41.19722220301628 -16.975601986050606 3
      vertex -41.19722220301628 -16.975601986050606 2
      vertex -41.245606765151024 -16.96455852687359 3
    endloop
  endfacet
  facet normal 0.2708405343192248 0.9626242283309083 0
    outer loop
      vertex -41.293380826711655 -16.951116986572742 3
      vertex -41.245606765151024 -16.96455852687359 3
      vertex -41.245606765151024 -16.96455852687359 2
    endloop
  endfacet
  facet normal 0 0 1
    outer loop
      vertex -44.244723334908485 -18.332797184586525 3
      vertex -41.7781857997179 -16.620582535862923 3
      vertex -41.80815199762583 -16.581021659076214 3
    endloop
  endfacet
  facet normal 0 0 1
    outer loop
      vertex -44.12440949678421 -18.491633504629135 3
      vertex -41.74628495424986 -16.658600486814976 3
      vertex -41.7781857997179 -16.620582535862923 3
    endloop
  endfacet
  facet normal 0 0 1
    outer loop
      vertex -44.356970243155956 -18.16816121339798 3
      vertex -41.80815199762583 -16.581021659076214 3
      vertex -41.836108945310116 -16.54001635313034 3
    endloop
  endfacet
  facet normal 0 0 1
    outer loop
      vertex -44.460871145129204 -17.998134925961494 3
      vertex -41.836108945310116 -16.54001635313034 3
      vertex -41.86198715865612 -16.497668527066708 3
    endloop
  endfacet
  facet normal 0 0 1
    outer loop
      vertex -44.55616784095764 -17.8231408521533 3
      vertex -41.86198715865612 -16.497668527066708 3
      vertex -41.88572238385677 -16.45408334583044 3
    endloop
  endfacet
  facet normal 0 0 1
    outer loop
      vertex -44.64262329787016 -17.64361423999071 3
      vertex -41.88572238385677 -16.45408334583044 3
      vertex -41.90725554525852 -16.40936927497387 3
    endloop
  endfacet
  facet normal 0 0 1
    outer loop
      vertex -44.72002266347408 -17.46000125259161 3
      vertex -41.90725554525852 -16.40936927497387 3
      vertex -41.92653314769268 -16.363637410104275 3
    endloop
  endfacet
  facet normal 0 0 1
    outer loop
      vertex -44.78817340731621 -17.27275860309601 3
      vertex -41.92653314769268 -16.363637410104275 3
      vertex -41.94350714236498 -16.317001722753048 3
    endloop
  endfacet
  facet normal 0 0 1
    outer loop
      vertex -44.84690622240305 -17.082351505756378 3
      vertex -41.94350714236498 -16.317001722753048 3
      vertex -41.95813561230898 -16.269577398896217 3
    endloop
  endfacet
  facet normal 0 0 1
    outer loop
      vertex -44.89607494324446 -16.88925378769636 3
      vertex -41.95813561230898 -16.269577398896217 3
      vertex -41.97038185596466 -16.22148337215185 3
    endloop
  endfacet
  facet normal 0 0 1
    outer loop
      vertex -44.93555746972561 -16.693944983184338 3
      vertex -41.97038185596466 -16.22148337215185 3
      vertex -41.98021561652422 -16.17283857613802 3
    endloop
  endfacet
  facet normal 0 0 1
    outer loop
      vertex -44.965255565941334 -16.496910966932774 3
      vertex -41.98021561652422 -16.17283857613802 3
      vertex -41.987612433731556 -16.123763903975487 3
    endloop
  endfacet
  facet normal 0 0 1
    outer loop
      vertex -44.98509541898966 -16.29864151030779 3
      vertex -41.987612433731556 -16.123763903975487 3
      vertex -41.992553897202015 -16.074381411075592 3
    endloop
  endfacet
  facet normal 0 0 1
    outer loop
      vertex -44.99502768367529 -16.099629811942577 3
      vertex -41.992553897202015 -16.074381411075592 3
      vertex -41.99502768367529 -16.024814449250698 3
    endloop
  endfacet
  facet normal -1 0 0
    outer loop
      vertex -44.99502768367529 -16.099629811942577 3
      vertex -44.99502768367529 6.0526429414749146 2
      vertex -44.99502768367529 -16.099629811942577 2
    endloop
  endfacet
  facet normal 0 0 1
    outer loop
      vertex -44.99502768367529 -16.099629811942577 3
      vertex -41.99502768367529 -16.024814449250698 3
      vertex -44.99502768367529 6.0526429414749146 3
    endloop
  endfacet
  facet normal 1 0 0
    outer loop
      vertex -41.99502768367529 -16.024814449250698 3
      vertex -41.99502768367529 -16.024814449250698 2
      vertex -41.99502768367529 6.0526429414749146 3
    endloop
  endfacet
  facet normal 1 0 0
    outer loop
      vertex -41.99502768367529 6.0526429414749146 3
      vertex -41.99502768367529 -16.024814449250698 2
      vertex -41.99502768367529 6.0526429414749146 2
    endloop
  endfacet
  facet normal -1 0 0
    outer loop
      vertex -44.99502768367529 -16.099629811942577 3
      vertex -44.99502768367529 6.0526429414749146 3
      vertex -44.99502768367529 6.0526429414749146 2
    endloop
  endfacet
  facet normal 0 0 1
    outer loop
      vertex -41.99502768367529 -16.024814449250698 3
      vertex -41.99502768367529 6.0526429414749146 3
      vertex -44.99502768367529 6.0526429414749146 3
    endloop
  endfacet
  facet normal 0 1 0
    outer loop
      vertex -40.96880775690079 -16.998756729066372 3
      vertex 19.222248365761846 -16.998756729066372 2
      vertex -40.96880775690079 -16.998756729066372 2
    endloop
  endfacet
  facet normal 0 -1 0
    outer loop
      vertex -41.02491416037083 -19.998756729066372 3
      vertex -41.02491416037083 -19.998756729066372 2
      vertex 40.87534376978874 -19.998756729066372 3
    endloop
  endfacet
  facet normal 0 0 1
    outer loop
      vertex -41.02491416037083 -19.998756729066372 3
      vertex 40.856643319129944 -16.998756729066372 3
      vertex -40.96880775690079 -16.998756729066372 3
    endloop
  endfacet
  facet normal 0 0 -1
    outer loop
      vertex -44.65587871521711 11.5908542573452 0
      vertex -44.584154646969886 11.517319198232085 0
      vertex -44.63939405232668 11.571471028029919 0
    endloop
  endfacet
  facet normal 0 0 -1
    outer loop
      vertex -44.65587871521711 11.5908542573452 0
      vertex -44.63939405232668 11.571471028029919 0
      vertex -44.66181748754539 11.597254732145867 0
    endloop
  endfacet
  facet normal 0 0 -1
    outer loop
      vertex -44.90028654038906 11.871459618210793 0
      vertex -44.939983120731874 11.925193314677658 0
      vertex -44.86228876535589 11.827767678106005 0
    endloop
  endfacet
  facet normal 0 0 -1
    outer loop
      vertex -45.13718081265688 12.194387972354889 0
      vertex -45.13652016222477 12.191227860748768 0
      vertex -45.17315198403261 12.250082240399372 0
    endloop
  endfacet
  facet normal 0 0 -1
    outer loop
      vertex -45.12315233051777 12.173811964690685 0
      vertex -45.104952706625035 12.14849783053511 0
      vertex -45.13652016222477 12.191227860748768 0
    endloop
  endfacet
  facet normal 0 0 -1
    outer loop
      vertex -45.12315233051777 12.173811964690685 0
      vertex -45.13652016222477 12.191227860748768 0
      vertex -45.13718081265688 12.194387972354889 0
    endloop
  endfacet
  facet normal 0 0 -1
    outer loop
      vertex -44.355492144823074 11.293158695101738 0
      vertex -44.410315996392136 11.346903152701412 0
      vertex -44.32441481248234 11.267198500459536 0
    endloop
  endfacet
  facet normal -0.7330533245273401 0.6801711721319967 0
    outer loop
      vertex -46.29515767842531 8.999949485063553 0
      vertex -46.29348669946194 9.001750379800797 2
      vertex -46.29348669946194 9.001750379800797 0
    endloop
  endfacet
  facet normal 0.7158668692485917 0.6982367975924927 -1.4112209691414058e-18
    outer loop
      vertex -44.65587871521711 11.5908542573452 0
      vertex -44.584154646969886 11.517319198232085 2
      vertex -44.584154646969886 11.517319198232085 0
    endloop
  endfacet
  facet normal 0.7330518949342756 0.6801727128702442 -5.5146493954162214e-21
    outer loop
      vertex -44.65587871521711 11.5908542573452 0
      vertex -44.66181748754539 11.597254732145867 0
      vertex -44.66181748754539 11.597254732145867 2
    endloop
  endfacet
  facet normal 0.7818314714555401 0.6234898156679586 -9.334913334722631e-19
    outer loop
      vertex -44.939983120731874 11.925193314677658 0
      vertex -44.86228876535589 11.827767678106005 2
      vertex -44.86228876535589 11.827767678106005 0
    endloop
  endfacet
  facet normal 0.8400259280979776 0.5425462562059861 1.2899571144629098e-19
    outer loop
      vertex -45.13718081265688 12.194387972354889 0
      vertex -45.17315198403261 12.250082240399372 0
      vertex -45.17315198403261 12.250082240399372 2
    endloop
  endfacet
  facet normal 0.8119379926689979 0.5837436903818646 -2.393351715921443e-20
    outer loop
      vertex -45.12315233051777 12.173811964690685 0
      vertex -45.104952706625035 12.14849783053511 2
      vertex -45.104952706625035 12.14849783053511 0
    endloop
  endfacet
  facet normal 0.6801727445380128 0.7330518655508813 1.2719126710593951e-18
    outer loop
      vertex -44.410315996392136 11.346903152701412 0
      vertex -44.32441481248234 11.267198500459536 2
      vertex -44.32441481248234 11.267198500459536 0
    endloop
  endfacet
  facet normal 0.8262388182896333 0.563319993566135 0
    outer loop
      vertex -45.12315233051777 12.173811964690685 0
      vertex -45.13718081265688 12.194387972354889 0
      vertex -45.13718081265688 12.194387972354889 3
    endloop
  endfacet
  facet normal 0.7818314714555401 0.6234898156679586 0
    outer loop
      vertex -44.939983120731874 11.925193314677658 0
      vertex -44.939983120731874 11.925193314677658 2
      vertex -44.86228876535589 11.827767678106005 2
    endloop
  endfacet
  facet normal 0.6801727445380128 0.7330518655508813 0
    outer loop
      vertex -44.410315996392136 11.346903152701412 0
      vertex -44.410315996392136 11.346903152701412 2
      vertex -44.32441481248234 11.267198500459536 2
    endloop
  endfacet
  facet normal 0 0 -1
    outer loop
      vertex -45.346601374447346 12.52875405550003 0
      vertex -45.37013884220406 12.574275603272408 0
      vertex -45.308696377807905 12.46785413426283 0
    endloop
  endfacet
  facet normal 0 0 -1
    outer loop
      vertex -45.529201969504356 12.881904266774654 0
      vertex -45.55915889767492 12.953221902888009 0
      vertex -45.51174680644377 12.848145918283214 0
    endloop
  endfacet
  facet normal 0 0 -1
    outer loop
      vertex -45.69303610175848 13.278623789548874 0
      vertex -45.65307997643498 13.17681723550176 0
      vertex -45.68316749483347 13.248445764183998 0
    endloop
  endfacet
  facet normal 0 0 -1
    outer loop
      vertex -45.69303610175848 13.278623789548874 0
      vertex -45.68316749483347 13.248445764183998 0
      vertex -45.693768059233776 13.2806348266861 0
    endloop
  endfacet
  facet normal 0 0 -1
    outer loop
      vertex -45.807524524629116 13.626061148941517 0
      vertex -45.82372737848636 13.692675013482713 0
      vertex -45.790089643586654 13.573119394672622 0
    endloop
  endfacet
  facet normal 0 0 -1
    outer loop
      vertex -45.89717648923397 13.997310504317284 0
      vertex -45.887295228201616 13.954017871192539 0
      vertex -45.901486836373806 14.012363016605377 0
    endloop
  endfacet
  facet normal 0 0 -1
    outer loop
      vertex -45.89717648923397 13.997310504317284 0
      vertex -45.901486836373806 14.012363016605377 0
      vertex -45.90211111307144 14.021720670163631 0
    endloop
  endfacet
  facet normal 0 0 -1
    outer loop
      vertex -45.90211111307144 14.021720670163631 0
      vertex -45.901486836373806 14.012363016605377 0
      vertex -45.911833567177645 14.076859450850149 0
    endloop
  endfacet
  facet normal 0 0 -1
    outer loop
      vertex -45.964460365474224 14.404909044504166 0
      vertex -45.9687123783117 14.458257850294226 0
      vertex -45.953340549781565 14.335593579046293 0
    endloop
  endfacet
  facet normal 0 0 -1
    outer loop
      vertex -45.99604698270559 14.801217421889305 0
      vertex -45.99604698270559 14.878891005209073 0
      vertex -45.99322781667766 14.765846140883667 0
    endloop
  endfacet
  facet normal 0 0 -1
    outer loop
      vertex -45.99604698270559 15.198782578110695 0
      vertex -45.99322781613682 15.23415386590208 0
      vertex -45.99604698270559 15.121108979889765 0
    endloop
  endfacet
  facet normal 0 0 -1
    outer loop
      vertex -45.964460365474224 15.595090955495834 0
      vertex -45.95334054124858 15.66440647414413 0
      vertex -45.968712381574555 15.541742108767647 0
    endloop
  endfacet
  facet normal 0 0 -1
    outer loop
      vertex -45.90211111307144 15.978279314935207 0
      vertex -45.9118335936815 15.923140383937882 0
      vertex -45.901486836373806 15.987636983394623 0
    endloop
  endfacet
  facet normal 0 0 -1
    outer loop
      vertex -45.90211111307144 15.978279314935207 0
      vertex -45.901486836373806 15.987636983394623 0
      vertex -45.89717648923397 16.002689480781555 0
    endloop
  endfacet
  facet normal 0 0 -1
    outer loop
      vertex -45.89717648923397 16.002689480781555 0
      vertex -45.901486836373806 15.987636983394623 0
      vertex -45.88729517302103 16.045982355668254 0
    endloop
  endfacet
  facet normal 0 0 -1
    outer loop
      vertex -45.807524524629116 16.373938851058483 0
      vertex -45.79008961480154 16.426880692734603 0
      vertex -45.823727405237385 16.307324876537326 0
    endloop
  endfacet
  facet normal 0 0 -1
    outer loop
      vertex -45.69303610175848 16.721376195549965 0
      vertex -45.693768110783424 16.7193650167812 0
      vertex -45.68316749483347 16.751554235816002 0
    endloop
  endfacet
  facet normal 0 0 -1
    outer loop
      vertex -45.69303610175848 16.721376195549965 0
      vertex -45.68316749483347 16.751554235816002 0
      vertex -45.653079887359084 16.823182976558794 0
    endloop
  endfacet
  facet normal 0 0 -1
    outer loop
      vertex -45.529201969504356 17.118095733225346 0
      vertex -45.51174675364471 17.151854183830366 0
      vertex -45.55915898828981 17.046777881387616 0
    endloop
  endfacet
  facet normal 0 0 -1
    outer loop
      vertex -45.346601374447346 17.47124594449997 0
      vertex -45.30869625898316 17.532146056646496 0
      vertex -45.370138915989415 17.42572425402645 0
    endloop
  endfacet
  facet normal 0.8660254016141214 0.5000000037590995 1.5263449734770308e-18
    outer loop
      vertex -45.37013884220406 12.574275603272408 0
      vertex -45.308696377807905 12.46785413426283 2
      vertex -45.308696377807905 12.46785413426283 0
    endloop
  endfacet
  facet normal 0.9115058476348983 0.4112871134954092 0
    outer loop
      vertex -45.51174680644377 12.848145918283214 0
      vertex -45.55915889767492 12.953221902888009 0
      vertex -45.51174680644377 12.848145918283214 2
    endloop
  endfacet
  facet normal 0.9308737572680854 0.3653410023931035 -7.164052761260901e-19
    outer loop
      vertex -45.69303610175848 13.278623789548874 0
      vertex -45.65307997643498 13.17681723550176 2
      vertex -45.65307997643498 13.17681723550176 0
    endloop
  endfacet
  facet normal 0.9396926482170309 0.3420200679592696 -1.5726036284896242e-20
    outer loop
      vertex -45.69303610175848 13.278623789548874 0
      vertex -45.693768059233776 13.2806348266861 0
      vertex -45.693768059233776 13.2806348266861 2
    endloop
  endfacet
  facet normal 0.9626242481291679 0.270840463952036 -1.3669630431444296e-18
    outer loop
      vertex -45.82372737848636 13.692675013482713 0
      vertex -45.790089643586654 13.573119394672622 2
      vertex -45.790089643586654 13.573119394672622 0
    endloop
  endfacet
  facet normal 0.9749279120232182 0.22252093465120978 2.3487354022359437e-19
    outer loop
      vertex -45.89717648923397 13.997310504317284 0
      vertex -45.887295228201616 13.954017871192539 2
      vertex -45.887295228201616 13.954017871192539 0
    endloop
  endfacet
  facet normal 0.9848077548820584 0.17364816706248162 -1.7879993638278426e-19
    outer loop
      vertex -45.90211111307144 14.021720670163631 0
      vertex -45.911833567177645 14.076859450850149 0
      vertex -45.911833567177645 14.076859450850149 2
    endloop
  endfacet
  facet normal 0.9922392055642906 0.12434371291362373 3.397260908091114e-19
    outer loop
      vertex -45.9687123783117 14.458257850294226 0
      vertex -45.953340549781565 14.335593579046293 2
      vertex -45.953340549781565 14.335593579046293 0
    endloop
  endfacet
  facet normal 0.9996891813139828 0.02493071927920783 0
    outer loop
      vertex -45.99322781667766 14.765846140883667 0
      vertex -45.99604698270559 14.878891005209073 0
      vertex -45.99322781667766 14.765846140883667 2
    endloop
  endfacet
  facet normal 0.9996891813139832 -0.02493071927919355 5.900784535077846e-20
    outer loop
      vertex -45.99322781613682 15.23415386590208 0
      vertex -45.99604698270559 15.121108979889765 2
      vertex -45.99604698270559 15.121108979889765 0
    endloop
  endfacet
  facet normal 0.9922392055642882 -0.12434371291364153 -2.683199446260866e-19
    outer loop
      vertex -45.95334054124858 15.66440647414413 0
      vertex -45.968712381574555 15.541742108767647 2
      vertex -45.968712381574555 15.541742108767647 0
    endloop
  endfacet
  facet normal 0.9848077548820401 -0.17364816706258468 -8.653919372842288e-20
    outer loop
      vertex -45.90211111307144 15.978279314935207 0
      vertex -45.9118335936815 15.923140383937882 2
      vertex -45.9118335936815 15.923140383937882 0
    endloop
  endfacet
  facet normal 0.9749279120232338 -0.22252093465114112 -5.548260870460374e-20
    outer loop
      vertex -45.89717648923397 16.002689480781555 0
      vertex -45.88729517302103 16.045982355668254 0
      vertex -45.88729517302103 16.045982355668254 2
    endloop
  endfacet
  facet normal 0.96262424812917 -0.27084046395202854 1.2826839447402657e-18
    outer loop
      vertex -45.79008961480154 16.426880692734603 0
      vertex -45.823727405237385 16.307324876537326 2
      vertex -45.823727405237385 16.307324876537326 0
    endloop
  endfacet
  facet normal 0.939692648217523 -0.3420200679579178 -2.3956047246473335e-20
    outer loop
      vertex -45.69303610175848 16.721376195549965 0
      vertex -45.693768110783424 16.7193650167812 2
      vertex -45.693768110783424 16.7193650167812 0
    endloop
  endfacet
  facet normal 0.9308737572681045 -0.3653410023930548 -1.1277456303676949e-18
    outer loop
      vertex -45.69303610175848 16.721376195549965 0
      vertex -45.653079887359084 16.823182976558794 0
      vertex -45.653079887359084 16.823182976558794 2
    endloop
  endfacet
  facet normal 0.9115058476349047 -0.411287113495395 -8.088356326118789e-19
    outer loop
      vertex -45.51174675364471 17.151854183830366 0
      vertex -45.55915898828981 17.046777881387616 2
      vertex -45.55915898828981 17.046777881387616 0
    endloop
  endfacet
  facet normal 0.8660254016141002 -0.5000000037591364 1.5503001391674108e-18
    outer loop
      vertex -45.30869625898316 17.532146056646496 0
      vertex -45.370138915989415 17.42572425402645 2
      vertex -45.370138915989415 17.42572425402645 0
    endloop
  endfacet
  facet normal 0 0 -1
    outer loop
      vertex -45.13718081265688 17.80561201274395 0
      vertex -45.17315223943708 17.74991734925599 0
      vertex -45.13652016222477 17.808772139251232 0
    endloop
  endfacet
  facet normal 0 0 -1
    outer loop
      vertex -45.13718081265688 17.80561201274395 0
      vertex -45.13652016222477 17.808772139251232 0
      vertex -45.12315233051777 17.826188020408154 0
    endloop
  endfacet
  facet normal 0 0 -1
    outer loop
      vertex -45.12315233051777 17.826188020408154 0
      vertex -45.13652016222477 17.808772139251232 0
      vertex -45.104952307183915 17.85150271015247 0
    endloop
  endfacet
  facet normal 0 0 -1
    outer loop
      vertex -44.90028654038906 18.128540381789207 0
      vertex -44.8622886222201 18.17223248647943 0
      vertex -44.939983270266985 18.074806482910084 0
    endloop
  endfacet
  facet normal 0 0 -1
    outer loop
      vertex -44.65587871521711 18.40914572775364 0
      vertex -44.66181769418607 18.40274503024727 0
      vertex -44.63939405232668 18.42852897197008 0
    endloop
  endfacet
  facet normal 0 0 -1
    outer loop
      vertex -44.65587871521711 18.40914572775364 0
      vertex -44.63939405232668 18.42852897197008 0
      vertex -44.58415431537475 18.48268112683447 0
    endloop
  endfacet
  facet normal 0 0 -1
    outer loop
      vertex -44.355492144823074 18.706841304898262 0
      vertex -44.32441464779976 18.7328016371067 0
      vertex -44.41031629462257 18.65309655493984 0
    endloop
  endfacet
  facet normal 0 0 -1
    outer loop
      vertex -44.05037572979927 18.961717799305916 0
      vertex -43.99069943920066 19.003996704378046 0
      vertex -44.08792651779514 18.93035005658422 0
    endloop
  endfacet
  facet normal 0 0 -1
    outer loop
      vertex -43.722516529262066 19.192329607903957 0
      vertex -43.784986437155844 19.149738344790247 0
      vertex -43.72597385942936 19.19154702872038 0
    endloop
  endfacet
  facet normal 0 0 -1
    outer loop
      vertex -43.722516529262066 19.192329607903957 0
      vertex -43.72597385942936 19.19154702872038 0
      vertex -43.70159714668989 19.205840781331062 0
    endloop
  endfacet
  facet normal 0 0 -1
    outer loop
      vertex -43.70159714668989 19.205840781331062 0
      vertex -43.72597385942936 19.19154702872038 0
      vertex -43.68813835623334 19.21406527668346 0
    endloop
  endfacet
  facet normal 0 0 -1
    outer loop
      vertex -43.38433750718832 19.394875951111317 0
      vertex -43.330495893882976 19.421372265078215 0
      vertex -43.440163095218736 19.3616506910311 0
    endloop
  endfacet
  facet normal 0 0 -1
    outer loop
      vertex -43.04457448422909 19.561517171561718 0
      vertex -43.058305097582334 19.555321683658637 0
      vertex -43.02762660384178 19.570419058203697 0
    endloop
  endfacet
  facet normal 0 0 -1
    outer loop
      vertex -43.04457448422909 19.561517171561718 0
      vertex -43.02762660384178 19.570419058203697 0
      vertex -42.95642504881414 19.598675274929132 0
    endloop
  endfacet
  facet normal 0 0 -1
    outer loop
      vertex -42.65809639543295 19.71706649661064 0
      vertex -42.61704261609588 19.72968735378101 0
      vertex -42.72870564540791 19.689045335143895 0
    endloop
  endfacet
  facet normal 0 0 -1
    outer loop
      vertex -42.2780831605196 19.83389113098383 0
      vertex -42.20546277538402 19.850032768488767 0
      vertex -42.32259401364284 19.820207491404943 0
    endloop
  endfacet
  facet normal 0 0 -1
    outer loop
      vertex -41.880287788808346 19.920652106404305 0
      vertex -41.96272732973794 19.903986593794198 0
      vertex -41.889989480376244 19.920154340565205 0
    endloop
  endfacet
  facet normal 0 0 -1
    outer loop
      vertex -41.880287788808346 19.920652106404305 0
      vertex -41.889989480376244 19.920154340565205 0
      vertex -41.856517868046 19.924843387829522 0
    endloop
  endfacet
  facet normal 0 0 -1
    outer loop
      vertex -41.49626899510622 19.975310750305653 0
      vertex -41.43433323848916 19.979009637513496 0
      vertex -41.55869761443783 19.966565108063993 0
    endloop
  endfacet
  facet normal 0 0 -1
    outer loop
      vertex -41.11217449605465 19.997513458132744 0
      vertex -41.133332474137106 19.996985810529303 0
      vertex -41.09941093623638 19.999011650681496 0
    endloop
  endfacet
  facet normal 0 0 -1
    outer loop
      vertex -41.11217449605465 19.997513458132744 0
      vertex -41.09941093623638 19.999011650681496 0
      vertex -41.02407237400698 19.997513458132744 0
    endloop
  endfacet
  facet normal 0 0 -1
    outer loop
      vertex -40.30632234364748 19.951647333800793 0
      vertex -40.232040739023226 19.938210794065984 0
      vertex -40.350269244800906 19.956030875464386 0
    endloop
  endfacet
  facet normal 0 0 -1
    outer loop
      vertex -40.70192437618971 19.991107180714607 0
      vertex -40.65677780248796 19.986603976129164 0
      vertex -40.776870892463165 19.99259757698596 0
    endloop
  endfacet
  facet normal 0 0 -1
    outer loop
      vertex -37.79453181475401 18.83731334656477 0
      vertex -37.74567811508925 18.7930901951224 0
      vertex -37.84125126476819 18.873285589415282 0
    endloop
  endfacet
  facet normal 0 0 -1
    outer loop
      vertex -39.162158131599426 19.64866228401661 0
      vertex -39.15568038076162 19.647417038679123 0
      vertex -39.08848773681221 19.617607608150163 0
    endloop
  endfacet
  facet normal 0 0 -1
    outer loop
      vertex -38.79227250814438 19.4861943051219 0
      vertex -38.75029896947911 19.463422539794983 0
      vertex -38.859716424420476 19.51611521042735 0
    endloop
  endfacet
  facet normal 0 0 -1
    outer loop
      vertex -39.89981151372194 19.87619822472334 0
      vertex -39.98993749539194 19.894417584839648 0
      vertex -39.91510596126318 19.8808815702796 0
    endloop
  endfacet
  facet normal 0 0 -1
    outer loop
      vertex -39.89981151372194 19.87619822472334 0
      vertex -39.91510596126318 19.8808815702796 0
      vertex -39.882125199127096 19.87216144077462 0
    endloop
  endfacet
  facet normal 0 0 -1
    outer loop
      vertex -39.53074862807989 19.77925730496645 0
      vertex -39.47035964608934 19.75802996961247 0
      vertex -39.58975635309437 19.794858976079972 0
    endloop
  endfacet
  facet normal 0 0 -1
    outer loop
      vertex -39.185340352356434 19.65776064246893 0
      vertex -39.191935366519125 19.660161031300966 0
      vertex -39.15568038076162 19.647417038679123 0
    endloop
  endfacet
  facet normal 0 0 -1
    outer loop
      vertex -39.185340352356434 19.65776064246893 0
      vertex -39.15568038076162 19.647417038679123 0
      vertex -39.162158131599426 19.64866228401661 0
    endloop
  endfacet
  facet normal 0 0 -1
    outer loop
      vertex -38.442822605371475 19.29660840332508 0
      vertex -38.37877911026581 19.254957696886276 0
      vertex -38.479498832084644 19.316506235491428 0
    endloop
  endfacet
  facet normal 0 0 -1
    outer loop
      vertex -38.09211754798889 19.065949268639088 0
      vertex -38.1095400005579 19.07985796034336 0
      vertex -38.08243258684648 19.058986257684605 0
    endloop
  endfacet
  facet normal 0 0 -1
    outer loop
      vertex -38.09211754798889 19.065949268639088 0
      vertex -38.17411959790165 19.121857321035073 0
      vertex -38.1095400005579 19.07985796034336 0
    endloop
  endfacet
  facet normal 0.8400259280979602 -0.5425462562060132 -2.4970766294682244e-19
    outer loop
      vertex -45.13718081265688 17.80561201274395 0
      vertex -45.17315223943708 17.74991734925599 2
      vertex -45.17315223943708 17.74991734925599 0
    endloop
  endfacet
  facet normal 0.8119379926690136 -0.5837436903818428 -4.0221937889656856e-19
    outer loop
      vertex -45.12315233051777 17.826188020408154 0
      vertex -45.104952307183915 17.85150271015247 0
      vertex -45.104952307183915 17.85150271015247 2
    endloop
  endfacet
  facet normal 0.7818314714555397 -0.6234898156679591 -1.5936080610335737e-19
    outer loop
      vertex -44.8622886222201 18.17223248647943 0
      vertex -44.939983270266985 18.074806482910084 2
      vertex -44.939983270266985 18.074806482910084 0
    endloop
  endfacet
  facet normal 0.7330518949342997 -0.6801727128702183 -9.256570008981689e-20
    outer loop
      vertex -44.65587871521711 18.40914572775364 0
      vertex -44.66181769418607 18.40274503024727 2
      vertex -44.66181769418607 18.40274503024727 0
    endloop
  endfacet
  facet normal 0.7158668692485696 -0.6982367975925154 9.076347106372254e-19
    outer loop
      vertex -44.65587871521711 18.40914572775364 0
      vertex -44.58415431537475 18.48268112683447 0
      vertex -44.58415431537475 18.48268112683447 2
    endloop
  endfacet
  facet normal 0.6801727463928009 -0.7330518638298893 3.996387594242007e-19
    outer loop
      vertex -44.32441464779976 18.7328016371067 0
      vertex -44.41031629462257 18.65309655493984 2
      vertex -44.41031629462257 18.65309655493984 0
    endloop
  endfacet
  facet normal 0.6038043982091127 -0.7971325164007118 0
    outer loop
      vertex -44.08792651779514 18.93035005658422 0
      vertex -43.99069943920066 19.003996704378046 0
      vertex -44.08792651779514 18.93035005658422 2
    endloop
  endfacet
  facet normal 0.5633200677861429 -0.8262387676872923 -7.59791537063641e-19
    outer loop
      vertex -43.722516529262066 19.192329607903957 0
      vertex -43.784986437155844 19.149738344790247 2
      vertex -43.784986437155844 19.149738344790247 0
    endloop
  endfacet
  facet normal 0.5214351899235863 -0.853290889854892 2.3520912546458754e-20
    outer loop
      vertex -43.70159714668989 19.205840781331062 0
      vertex -43.68813835623334 19.21406527668346 0
      vertex -43.68813835623334 19.21406527668346 2
    endloop
  endfacet
  facet normal 0.4782539741252871 -0.8782215758186366 8.667201366362621e-19
    outer loop
      vertex -43.330495893882976 19.421372265078215 0
      vertex -43.440163095218736 19.3616506910311 2
      vertex -43.440163095218736 19.3616506910311 0
    endloop
  endfacet
  facet normal 0.4112870602483104 -0.911505871660903 2.1080761924134544e-19
    outer loop
      vertex -43.04457448422909 19.561517171561718 0
      vertex -43.058305097582334 19.555321683658637 2
      vertex -43.058305097582334 19.555321683658637 0
    endloop
  endfacet
  facet normal 0.3884347995898798 -0.92147621047294 6.619450255956459e-19
    outer loop
      vertex -43.04457448422909 19.561517171561718 0
      vertex -42.95642504881414 19.598675274929132 0
      vertex -42.95642504881414 19.598675274929132 2
    endloop
  endfacet
  facet normal 0.34202014109294854 -0.939692621598552 1.1781869409258832e-18
    outer loop
      vertex -42.61704261609588 19.72968735378101 0
      vertex -42.72870564540791 19.689045335143895 2
      vertex -42.72870564540791 19.689045335143895 0
    endloop
  endfacet
  facet normal 0.24675738996480576 -0.9690772881962287 0
    outer loop
      vertex -42.32259401364284 19.820207491404943 0
      vertex -42.20546277538402 19.850032768488767 0
      vertex -42.32259401364284 19.820207491404943 2
    endloop
  endfacet
  facet normal 0.1981461417309231 -0.9801724881454024 -5.173768143197661e-19
    outer loop
      vertex -41.880287788808346 19.920652106404305 0
      vertex -41.96272732973794 19.903986593794198 2
      vertex -41.96272732973794 19.903986593794198 0
    endloop
  endfacet
  facet normal 0.1736483008440022 -0.9848077312927589 -4.8741375112562887e-20
    outer loop
      vertex -41.880287788808346 19.920652106404305 0
      vertex -41.856517868046 19.924843387829522 0
      vertex -41.856517868046 19.924843387829522 2
    endloop
  endfacet
  facet normal 0.09956782017073347 -0.9950307780096295 2.610132434963252e-19
    outer loop
      vertex -41.43433323848916 19.979009637513496 0
      vertex -41.55869761443783 19.966565108063993 2
      vertex -41.55869761443783 19.966565108063993 0
    endloop
  endfacet
  facet normal 0.024930718741537312 -0.9996891813273916 -1.0227139953962364e-20
    outer loop
      vertex -41.11217449605465 19.997513458132744 0
      vertex -41.133332474137106 19.996985810529303 2
      vertex -41.133332474137106 19.996985810529303 0
    endloop
  endfacet
  facet normal 0 -1 0
    outer loop
      vertex -41.11217449605465 19.997513458132744 0
      vertex -41.02407237400698 19.997513458132744 0
      vertex -41.02407237400698 19.997513458132744 2
    endloop
  endfacet
  facet normal -0.14904227762932915 -0.9888308244988432 0
    outer loop
      vertex -40.350269244800906 19.956030875464386 0
      vertex -40.232040739023226 19.938210794065984 0
      vertex -40.350269244800906 19.956030875464386 2
    endloop
  endfacet
  facet normal -0.04984591811467218 -0.9987569195992113 1.9694310585518318e-19
    outer loop
      vertex -40.65677780248796 19.986603976129164 0
      vertex -40.776870892463165 19.99259757698596 2
      vertex -40.776870892463165 19.99259757698596 0
    endloop
  endfacet
  facet normal -0.6427876080253955 -0.7660444445128433 -2.792251471671257e-19
    outer loop
      vertex -37.74567811508925 18.7930901951224 0
      vertex -37.84125126476819 18.873285589415282 2
      vertex -37.84125126476819 18.873285589415282 0
    endloop
  endfacet
  facet normal -0.38843479958987565 -0.9214762104729416 1.239353066480065e-18
    outer loop
      vertex -39.162158131599426 19.64866228401661 0
      vertex -39.08848773681221 19.617607608150163 0
      vertex -39.08848773681221 19.617607608150163 2
    endloop
  endfacet
  facet normal -0.4338837489972548 -0.9009688631446079 -7.572298987470623e-19
    outer loop
      vertex -38.75029896947911 19.463422539794983 0
      vertex -38.859716424420476 19.51611521042735 2
      vertex -38.859716424420476 19.51611521042735 0
    endloop
  endfacet
  facet normal -0.19814614173089146 -0.9801724881454088 -4.550147846522669e-19
    outer loop
      vertex -39.89981151372194 19.87619822472334 0
      vertex -39.98993749539194 19.894417584839648 2
      vertex -39.98993749539194 19.894417584839648 0
    endloop
  endfacet
  facet normal -0.2225208321254985 -0.9749279354240372 -1.379720411957137e-19
    outer loop
      vertex -39.89981151372194 19.87619822472334 0
      vertex -39.882125199127096 19.87216144077462 0
      vertex -39.882125199127096 19.87216144077462 2
    endloop
  endfacet
  facet normal -0.2947551732416534 -0.9555728061468068 1.5655310599845163e-18
    outer loop
      vertex -39.47035964608934 19.75802996961247 0
      vertex -39.58975635309437 19.794858976079972 2
      vertex -39.58975635309437 19.794858976079972 0
    endloop
  endfacet
  facet normal -0.3420201410927602 -0.9396926215986207 9.893829059384589e-20
    outer loop
      vertex -39.185340352356434 19.65776064246893 0
      vertex -39.191935366519125 19.660161031300966 2
      vertex -39.191935366519125 19.660161031300966 0
    endloop
  endfacet
  facet normal -0.5214351899236132 -0.8532908898548756 1.4564925617867744e-18
    outer loop
      vertex -38.37877911026581 19.254957696886276 0
      vertex -38.479498832084644 19.316506235491428 2
      vertex -38.479498832084644 19.316506235491428 0
    endloop
  endfacet
  facet normal -0.5837435664176216 -0.811938081793209 2.79636128051291e-19
    outer loop
      vertex -38.09211754798889 19.065949268639088 0
      vertex -38.08243258684648 19.058986257684605 0
      vertex -38.08243258684648 19.058986257684605 2
    endloop
  endfacet
  facet normal -0.563320067786117 -0.82623876768731 5.820910345736422e-19
    outer loop
      vertex -38.09211754798889 19.065949268639088 0
      vertex -38.17411959790165 19.121857321035073 2
      vertex -38.17411959790165 19.121857321035073 0
    endloop
  endfacet
  facet normal 0.9801724695005769 0.19814623396153777 0
    outer loop
      vertex -45.89717648923397 13.997310504317284 0
      vertex -45.90211111307144 14.021720670163631 0
      vertex -45.90211111307144 14.021720670163631 3
    endloop
  endfacet
  facet normal 0.9801724695005769 -0.19814623396153777 0
    outer loop
      vertex -45.90211111307144 15.978279314935207 0
      vertex -45.89717648923397 16.002689480781555 0
      vertex -45.89717648923397 16.002689480781555 3
    endloop
  endfacet
  facet normal 0.8660254016141214 0.5000000037590995 0
    outer loop
      vertex -45.37013884220406 12.574275603272408 0
      vertex -45.37013884220406 12.574275603272408 2
      vertex -45.308696377807905 12.46785413426283 2
    endloop
  endfacet
  facet normal 0.9115058476348983 0.4112871134954092 6.292108820896007e-19
    outer loop
      vertex -45.51174680644377 12.848145918283214 2
      vertex -45.55915889767492 12.953221902888009 0
      vertex -45.55915889767492 12.953221902888009 2
    endloop
  endfacet
  facet normal 0.9626242481291679 0.270840463952036 0
    outer loop
      vertex -45.82372737848636 13.692675013482713 0
      vertex -45.82372737848636 13.692675013482713 2
      vertex -45.790089643586654 13.573119394672622 2
    endloop
  endfacet
  facet normal 0.9922392055642906 0.12434371291362373 0
    outer loop
      vertex -45.9687123783117 14.458257850294226 0
      vertex -45.9687123783117 14.458257850294226 2
      vertex -45.953340549781565 14.335593579046293 2
    endloop
  endfacet
  facet normal 0.9996891813139828 0.02493071927920783 5.695208770883025e-20
    outer loop
      vertex -45.99322781667766 14.765846140883667 2
      vertex -45.99604698270559 14.878891005209073 0
      vertex -45.99604698270559 14.878891005209073 2
    endloop
  endfacet
  facet normal 0.9996891813139832 -0.02493071927919355 0
    outer loop
      vertex -45.99322781613682 15.23415386590208 0
      vertex -45.99322781613682 15.23415386590208 2
      vertex -45.99604698270559 15.121108979889765 2
    endloop
  endfacet
  facet normal 0.9922392055642882 -0.12434371291364153 0
    outer loop
      vertex -45.95334054124858 15.66440647414413 0
      vertex -45.95334054124858 15.66440647414413 2
      vertex -45.968712381574555 15.541742108767647 2
    endloop
  endfacet
  facet normal 0.96262424812917 -0.27084046395202854 0
    outer loop
      vertex -45.79008961480154 16.426880692734603 0
      vertex -45.79008961480154 16.426880692734603 2
      vertex -45.823727405237385 16.307324876537326 2
    endloop
  endfacet
  facet normal 0.9115058476349047 -0.411287113495395 0
    outer loop
      vertex -45.51174675364471 17.151854183830366 0
      vertex -45.51174675364471 17.151854183830366 2
      vertex -45.55915898828981 17.046777881387616 2
    endloop
  endfacet
  facet normal 0.8660254016141002 -0.5000000037591364 0
    outer loop
      vertex -45.30869625898316 17.532146056646496 0
      vertex -45.30869625898316 17.532146056646496 2
      vertex -45.370138915989415 17.42572425402645 2
    endloop
  endfacet
  facet normal 0.8262388182896333 -0.563319993566135 0
    outer loop
      vertex -45.13718081265688 17.80561201274395 0
      vertex -45.12315233051777 17.826188020408154 0
      vertex -45.12315233051777 17.826188020408154 3
    endloop
  endfacet
  facet normal 0.5425463675580166 -0.8400258561792022 0
    outer loop
      vertex -43.722516529262066 19.192329607903957 0
      vertex -43.70159714668989 19.205840781331062 0
      vertex -43.70159714668989 19.205840781331062 3
    endloop
  endfacet
  facet normal -0.36534127706891323 -0.9308736494657347 0
    outer loop
      vertex -39.185340352356434 19.65776064246893 0
      vertex -39.162158131599426 19.64866228401661 0
      vertex -39.162158131599426 19.64866228401661 3
    endloop
  endfacet
  facet normal 0.7818314714555397 -0.6234898156679591 0
    outer loop
      vertex -44.8622886222201 18.17223248647943 0
      vertex -44.8622886222201 18.17223248647943 2
      vertex -44.939983270266985 18.074806482910084 2
    endloop
  endfacet
  facet normal 0.6801727463928009 -0.7330518638298893 0
    outer loop
      vertex -44.32441464779976 18.7328016371067 0
      vertex -44.32441464779976 18.7328016371067 2
      vertex -44.41031629462257 18.65309655493984 2
    endloop
  endfacet
  facet normal 0.6038043982091127 -0.7971325164007118 -1.3606966238875506e-18
    outer loop
      vertex -44.08792651779514 18.93035005658422 2
      vertex -43.99069943920066 19.003996704378046 0
      vertex -43.99069943920066 19.003996704378046 2
    endloop
  endfacet
  facet normal 0.4782539741252871 -0.8782215758186366 0
    outer loop
      vertex -43.330495893882976 19.421372265078215 0
      vertex -43.330495893882976 19.421372265078215 2
      vertex -43.440163095218736 19.3616506910311 2
    endloop
  endfacet
  facet normal 0.34202014109294854 -0.939692621598552 0
    outer loop
      vertex -42.61704261609588 19.72968735378101 0
      vertex -42.61704261609588 19.72968735378101 2
      vertex -42.72870564540791 19.689045335143895 2
    endloop
  endfacet
  facet normal 0.24675738996480576 -0.9690772881962287 9.689450626537084e-20
    outer loop
      vertex -42.32259401364284 19.820207491404943 2
      vertex -42.20546277538402 19.850032768488767 0
      vertex -42.20546277538402 19.850032768488767 2
    endloop
  endfacet
  facet normal 0.09956782017073347 -0.9950307780096295 0
    outer loop
      vertex -41.43433323848916 19.979009637513496 0
      vertex -41.43433323848916 19.979009637513496 2
      vertex -41.55869761443783 19.966565108063993 2
    endloop
  endfacet
  facet normal -0.14904227762932915 -0.9888308244988432 5.432622117043404e-19
    outer loop
      vertex -40.350269244800906 19.956030875464386 2
      vertex -40.232040739023226 19.938210794065984 0
      vertex -40.232040739023226 19.938210794065984 2
    endloop
  endfacet
  facet normal -0.04984591811467218 -0.9987569195992113 0
    outer loop
      vertex -40.65677780248796 19.986603976129164 0
      vertex -40.65677780248796 19.986603976129164 2
      vertex -40.776870892463165 19.99259757698596 2
    endloop
  endfacet
  facet normal -0.6427876080253955 -0.7660444445128433 0
    outer loop
      vertex -37.74567811508925 18.7930901951224 0
      vertex -37.74567811508925 18.7930901951224 2
      vertex -37.84125126476819 18.873285589415282 2
    endloop
  endfacet
  facet normal -0.4338837489972548 -0.9009688631446079 0
    outer loop
      vertex -38.75029896947911 19.463422539794983 0
      vertex -38.75029896947911 19.463422539794983 2
      vertex -38.859716424420476 19.51611521042735 2
    endloop
  endfacet
  facet normal -0.2947551732416534 -0.9555728061468068 0
    outer loop
      vertex -39.47035964608934 19.75802996961247 0
      vertex -39.47035964608934 19.75802996961247 2
      vertex -39.58975635309437 19.794858976079972 2
    endloop
  endfacet
  facet normal -0.5214351899236132 -0.8532908898548756 1.4564925617867744e-18
    outer loop
      vertex -38.479498832084644 19.316506235491428 2
      vertex -38.37877911026581 19.254957696886276 0
      vertex -38.37877911026581 19.254957696886276 2
    endloop
  endfacet
  facet normal -0.7330533245273401 0.6801711721319967 0
    outer loop
      vertex -46.29515767842531 8.999949485063553 0
      vertex -46.29348669946194 9.001750379800797 3
      vertex -46.29348669946194 9.001750379800797 2
    endloop
  endfacet
  facet normal -0.7330533245273401 0.6801711721319967 0
    outer loop
      vertex -46.29348669946194 9.001750379800797 3
      vertex -46.29515767842531 8.999949485063553 0
      vertex -46.29515767842531 8.999949485063553 2
    endloop
  endfacet
  facet normal 0.7158668692485918 0.6982367975924928 0
    outer loop
      vertex -44.65587871521711 11.5908542573452 0
      vertex -44.65587871521711 11.5908542573452 3
      vertex -44.584154646969886 11.517319198232085 2
    endloop
  endfacet
  facet normal 0.7330518949342757 0.6801727128702443 0
    outer loop
      vertex -44.65587871521711 11.5908542573452 0
      vertex -44.66181748754539 11.597254732145867 2
      vertex -44.65587871521711 11.5908542573452 3
    endloop
  endfacet
  facet normal 0.8400259280979776 0.5425462562059861 0
    outer loop
      vertex -45.13718081265688 12.194387972354889 0
      vertex -45.17315198403261 12.250082240399372 2
      vertex -45.13718081265688 12.194387972354889 3
    endloop
  endfacet
  facet normal 0.811937992668998 0.5837436903818647 0
    outer loop
      vertex -45.12315233051777 12.173811964690685 0
      vertex -45.12315233051777 12.173811964690685 3
      vertex -45.104952706625035 12.14849783053511 2
    endloop
  endfacet
  facet normal 0.8262388182896333 0.563319993566135 0
    outer loop
      vertex -45.12315233051777 12.173811964690685 0
      vertex -45.13718081265688 12.194387972354889 3
      vertex -45.12315233051777 12.173811964690685 3
    endloop
  endfacet
  facet normal -0.9996891828283911 -0.024930658553348178 0
    outer loop
      vertex -44.99502768367529 6.0526429414749146 3
      vertex -44.99999998509884 6.252026200294495 2
      vertex -44.99502768367529 6.0526429414749146 2
    endloop
  endfacet
  facet normal -0.9950307821115955 -0.0995677791777363 0
    outer loop
      vertex -44.99999998509884 6.252026200294495 3
      vertex -45.0397043377161 6.648811720311642 2
      vertex -44.99999998509884 6.252026200294495 2
    endloop
  endfacet
  facet normal -0.9801725033837093 -0.198146066351347 0
    outer loop
      vertex -45.0397043377161 6.648811720311642 3
      vertex -45.1187184676528 7.039672255516052 2
      vertex -45.0397043377161 6.648811720311642 2
    endloop
  endfacet
  facet normal 0.9999222920958817 0.01246634548367015 0
    outer loop
      vertex -41.995960138738155 6.1274349167943 3
      vertex -41.99502768367529 6.0526429414749146 2
      vertex -41.995960138738155 6.1274349167943 2
    endloop
  endfacet
  facet normal 0.9996891828283911 0.024930658553348178 0
    outer loop
      vertex -42.000932440161705 6.32681817561388 3
      vertex -41.995960138738155 6.1274349167943 2
      vertex -42.000932440161705 6.32681817561388 2
    endloop
  endfacet
  facet normal 0.9980579207336894 0.06229275126966809 0
    outer loop
      vertex -42.014907635748386 6.550729535520077 3
      vertex -42.000932440161705 6.32681817561388 2
      vertex -42.014907635748386 6.550729535520077 2
    endloop
  endfacet
  facet normal 0.9950307821115955 0.0995677791777363 0
    outer loop
      vertex -42.05461198836565 6.947515055537224 3
      vertex -42.014907635748386 6.550729535520077 2
      vertex -42.05461198836565 6.947515055537224 2
    endloop
  endfacet
  facet normal -0.9996891828283911 -0.024930658553348178 0
    outer loop
      vertex -44.99502768367529 6.0526429414749146 3
      vertex -44.99999998509884 6.252026200294495 3
      vertex -44.99999998509884 6.252026200294495 2
    endloop
  endfacet
  facet normal -0.9950307821115955 -0.0995677791777363 0
    outer loop
      vertex -44.99999998509884 6.252026200294495 3
      vertex -45.0397043377161 6.648811720311642 3
      vertex -45.0397043377161 6.648811720311642 2
    endloop
  endfacet
  facet normal 0 0 1
    outer loop
      vertex -44.99502768367529 6.0526429414749146 3
      vertex -42.000932440161705 6.32681817561388 3
      vertex -44.99999998509884 6.252026200294495 3
    endloop
  endfacet
  facet normal 0 0 1
    outer loop
      vertex -44.99999998509884 6.252026200294495 3
      vertex -42.05461198836565 6.947515055537224 3
      vertex -45.0397043377161 6.648811720311642 3
    endloop
  endfacet
  facet normal 0.9999222920958817 0.01246634548367015 0
    outer loop
      vertex -41.99502768367529 6.0526429414749146 3
      vertex -41.99502768367529 6.0526429414749146 2
      vertex -41.995960138738155 6.1274349167943 3
    endloop
  endfacet
  facet normal 0.9996891828283911 0.024930658553348178 0
    outer loop
      vertex -41.995960138738155 6.1274349167943 3
      vertex -41.995960138738155 6.1274349167943 2
      vertex -42.000932440161705 6.32681817561388 3
    endloop
  endfacet
  facet normal 0.9980579207336894 0.06229275126966809 0
    outer loop
      vertex -42.000932440161705 6.32681817561388 3
      vertex -42.000932440161705 6.32681817561388 2
      vertex -42.014907635748386 6.550729535520077 3
    endloop
  endfacet
  facet normal 0.9950307821115955 0.0995677791777363 0
    outer loop
      vertex -42.014907635748386 6.550729535520077 3
      vertex -42.014907635748386 6.550729535520077 2
      vertex -42.05461198836565 6.947515055537224 3
    endloop
  endfacet
  facet normal 0 0 1
    outer loop
      vertex -44.99502768367529 6.0526429414749146 3
      vertex -41.99502768367529 6.0526429414749146 3
      vertex -41.995960138738155 6.1274349167943 3
    endloop
  endfacet
  facet normal 0 0 1
    outer loop
      vertex -44.99502768367529 6.0526429414749146 3
      vertex -41.995960138738155 6.1274349167943 3
      vertex -42.000932440161705 6.32681817561388 3
    endloop
  endfacet
  facet normal 0 0 1
    outer loop
      vertex -44.99999998509884 6.252026200294495 3
      vertex -42.000932440161705 6.32681817561388 3
      vertex -42.014907635748386 6.550729535520077 3
    endloop
  endfacet
  facet normal 0 0 1
    outer loop
      vertex -44.99999998509884 6.252026200294495 3
      vertex -42.014907635748386 6.550729535520077 3
      vertex -42.05461198836565 6.947515055537224 3
    endloop
  endfacet
  facet normal -0.6982368625863516 -0.7158668058553688 0
    outer loop
      vertex -46.06282000243664 8.773333683609962 3
      vertex -46.29515767842531 8.999949485063553 2
      vertex -46.06282000243664 8.773333683609962 2
    endloop
  endfacet
  facet normal -0.7330518847013122 -0.6801727238987566 0
    outer loop
      vertex -46.829594604671 9.522918537259102 3
      vertex -46.89741262793541 9.596008986234665 2
      vertex -46.829594604671 9.522918537259102 2
    endloop
  endfacet
  facet normal -0.6801727420221084 -0.7330518678852993 0
    outer loop
      vertex -46.29348669946194 9.001750379800797 3
      vertex -46.54933798313141 9.239145681262016 2
      vertex -46.29348669946194 9.001750379800797 2
    endloop
  endfacet
  facet normal -0.7158668509849493 -0.6982368163172811 0
    outer loop
      vertex -46.620714887976646 9.3087647408247 3
      vertex -46.829594604671 9.522918537259102 2
      vertex -46.620714887976646 9.3087647408247 2
    endloop
  endfacet
  facet normal -0.6982367742438376 -0.7158668920222252 0
    outer loop
      vertex -46.54933798313141 9.239145681262016 3
      vertex -46.620714887976646 9.3087647408247 2
      vertex -46.54933798313141 9.239145681262016 2
    endloop
  endfacet
  facet normal -0.9555728236998079 -0.2947551163362153 0
    outer loop
      vertex -45.1187184676528 7.039672255516052 3
      vertex -45.23625710606575 7.420723244547844 2
      vertex -45.1187184676528 7.039672255516052 2
    endloop
  endfacet
  facet normal -0.9214762398180204 -0.3884347299751172 0
    outer loop
      vertex -45.23625710606575 7.420723244547844 3
      vertex -45.39115209132433 7.788177639245987 2
      vertex -45.23625710606575 7.420723244547844 2
    endloop
  endfacet
  facet normal -0.8782216110935356 -0.4782539093497038 0
    outer loop
      vertex -45.39115209132433 7.788177639245987 3
      vertex -45.58186400681734 8.138383507728577 2
      vertex -45.39115209132433 7.788177639245987 2
    endloop
  endfacet
  facet normal -0.8262388139521293 -0.5633199999280858 0
    outer loop
      vertex -45.58186400681734 8.138383507728577 3
      vertex -45.80649748444557 8.467860355973244 2
      vertex -45.58186400681734 8.138383507728577 2
    endloop
  endfacet
  facet normal -0.7660444907376711 -0.6427875529367865 0
    outer loop
      vertex -45.80649748444557 8.467860355973244 3
      vertex -46.06282000243664 8.773333683609962 2
      vertex -45.80649748444557 8.467860355973244 2
    endloop
  endfacet
  facet normal -0.8262387837319072 -0.5633200442530149 0
    outer loop
      vertex -47.58079944550991 10.452948942780495 3
      vertex -47.636966459453106 10.535330824553967 2
      vertex -47.58079944550991 10.452948942780495 2
    endloop
  endfacet
  facet normal -0.8400259264071184 -0.542546258823948 0
    outer loop
      vertex -47.636966459453106 10.535330824553967 3
      vertex -47.79927074164152 10.786627009510994 2
      vertex -47.636966459453106 10.535330824553967 2
    endloop
  endfacet
  facet normal -0.853290893661497 -0.5214351836943533 0
    outer loop
      vertex -47.79927074164152 10.786627009510994 3
      vertex -47.851261638104916 10.87170634418726 2
      vertex -47.79927074164152 10.786627009510994 2
    endloop
  endfacet
  facet normal -0.7497812066662846 -0.6616858334058925 0
    outer loop
      vertex -46.89741262793541 9.596008986234665 3
      vertex -47.09535779803991 9.82030813395977 2
      vertex -46.89741262793541 9.596008986234665 2
    endloop
  endfacet
  facet normal -0.7660444205999667 -0.6427876365236511 0
    outer loop
      vertex -47.09535779803991 9.82030813395977 3
      vertex -47.159448482096195 9.896688431501389 2
      vertex -47.09535779803991 9.82030813395977 2
    endloop
  endfacet
  facet normal -0.7818314769659773 -0.6234898087580889 0
    outer loop
      vertex -47.159448482096195 9.896688431501389 3
      vertex -47.34596721082926 10.130575515329838 2
      vertex -47.159448482096195 9.896688431501389 2
    endloop
  endfacet
  facet normal -0.7971325310681721 -0.6038043788453755 0
    outer loop
      vertex -47.34596721082926 10.130575515329838 3
      vertex -47.40617076307535 10.210055246949196 2
      vertex -47.34596721082926 10.130575515329838 2
    endloop
  endfacet
  facet normal -0.8119379936382288 -0.5837436890337466 0
    outer loop
      vertex -47.40617076307535 10.210055246949196 3
      vertex -47.58079944550991 10.452948942780495 2
      vertex -47.40617076307535 10.210055246949196 2
    endloop
  endfacet
  facet normal -0.8660254038162175 -0.4999999999449575 0
    outer loop
      vertex -47.851261638104916 10.87170634418726 3
      vertex -48.00083804875612 11.130780287086964 2
      vertex -47.851261638104916 10.87170634418726 2
    endloop
  endfacet
  facet normal -0.8782215666562501 -0.47825399095025006 0
    outer loop
      vertex -48.00083804875612 11.130780287086964 3
      vertex -48.048523373901844 11.21834522485733 2
      vertex -48.00083804875612 11.130780287086964 2
    endloop
  endfacet
  facet normal -0.8898718071964311 -0.4562106605034103 0
    outer loop
      vertex -48.048523373901844 11.21834522485733 3
      vertex -48.18500018119812 11.484553083777428 2
      vertex -48.048523373901844 11.21834522485733 2
    endloop
  endfacet
  facet normal -0.9009688757237552 -0.43388372287638616 0
    outer loop
      vertex -48.18500018119812 11.484553083777428 3
      vertex -48.22826138883829 11.574385911226273 2
      vertex -48.18500018119812 11.484553083777428 2
    endloop
  endfacet
  facet normal -0.9115058511104243 -0.41128710579285227 0
    outer loop
      vertex -48.22826138883829 11.574385911226273 3
      vertex -48.35129916667938 11.847065635025501 2
      vertex -48.22826138883829 11.574385911226273 2
    endloop
  endfacet
  facet normal -0.9214761895971736 -0.3884348491130448 0
    outer loop
      vertex -48.35129916667938 11.847065635025501 3
      vertex -48.390028946101665 11.938943512737751 2
      vertex -48.35129916667938 11.847065635025501 2
    endloop
  endfacet
  facet normal -0.9308737547327313 -0.36534100885308096 0
    outer loop
      vertex -48.390028946101665 11.938943512737751 3
      vertex -48.49932178109884 12.217417128384113 2
      vertex -48.390028946101665 11.938943512737751 2
    endloop
  endfacet
  facet normal 0.8262388139521293 0.5633199999280858 0
    outer loop
      vertex -43.32778104394674 10.157820358872414 3
      vertex -43.10314756631851 9.828343510627747 2
      vertex -43.32778104394674 10.157820358872414 2
    endloop
  endfacet
  facet normal 0.7330519242929786 0.680172681229084 0
    outer loop
      vertex -43.96810941398144 10.920934103429317 3
      vertex -43.76468653231859 10.70169634371996 2
      vertex -43.96810941398144 10.920934103429317 2
    endloop
  endfacet
  facet normal 0.7971325474310428 0.6038043572433841 0
    outer loop
      vertex -43.508364014327526 10.39622301608324 3
      vertex -43.32778104394674 10.157820358872414 2
      vertex -43.508364014327526 10.39622301608324 2
    endloop
  endfacet
  facet normal 0.7660444907376711 0.6427875529367865 0
    outer loop
      vertex -43.76468653231859 10.70169634371996 3
      vertex -43.508364014327526 10.39622301608324 2
      vertex -43.76468653231859 10.70169634371996 2
    endloop
  endfacet
  facet normal 0.7330518949342024 0.6801727128703231 0
    outer loop
      vertex -44.672817185521126 11.609109587967396 3
      vertex -44.66181748754539 11.597254732145867 2
      vertex -44.672817185521126 11.609109587967396 2
    endloop
  endfacet
  facet normal 0.7497811919329954 0.6616858501007382 0
    outer loop
      vertex -44.821266032755375 11.777322575449944 3
      vertex -44.672817185521126 11.609109587967396 2
      vertex -44.821266032755375 11.777322575449944 2
    endloop
  endfacet
  facet normal 0.766044464544475 0.6427875841526255 0
    outer loop
      vertex -44.83727357536554 11.796399623155594 3
      vertex -44.821266032755375 11.777322575449944 2
      vertex -44.83727357536554 11.796399623155594 2
    endloop
  endfacet
  facet normal 0.7818314714555401 0.6234898156679587 0
    outer loop
      vertex -44.83727357536554 11.796399623155594 3
      vertex -44.83727357536554 11.796399623155594 2
      vertex -44.86228876535589 11.827767678106005 2
    endloop
  endfacet
  facet normal 0.7818314714555401 0.6234898156679586 -1.650614360326838e-15
    outer loop
      vertex -44.977153077721596 11.971802964806557 3
      vertex -44.86228876535589 11.827767678106005 2
      vertex -44.939983120731874 11.925193314677658 2
    endloop
  endfacet
  facet normal 0.797132532706108 0.6038043766829996 0
    outer loop
      vertex -44.992189951241016 11.991654396057129 3
      vertex -44.977153077721596 11.971802964806557 2
      vertex -44.992189951241016 11.991654396057129 2
    endloop
  endfacet
  facet normal 0.7818314714555573 0.6234898156679369 0
    outer loop
      vertex -44.977153077721596 11.971802964806557 3
      vertex -44.939983120731874 11.925193314677658 2
      vertex -44.977153077721596 11.971802964806557 2
    endloop
  endfacet
  facet normal 0.8119379926690512 0.5837436903817906 2.8403743365762447e-15
    outer loop
      vertex -45.12315233051777 12.173811964690685 3
      vertex -44.992189951241016 11.991654396057129 2
      vertex -45.104952706625035 12.14849783053511 2
    endloop
  endfacet
  facet normal 0.6801727445379929 0.7330518655508997 0
    outer loop
      vertex -44.25296847522259 11.200905986130238 3
      vertex -44.25296847522259 11.200905986130238 2
      vertex -44.32441481248234 11.267198500459536 2
    endloop
  endfacet
  facet normal 0.6982368625863516 0.7158668058553688 0
    outer loop
      vertex -44.20044708997011 11.147549904882908 3
      vertex -43.96810941398144 10.920934103429317 2
      vertex -44.20044708997011 11.147549904882908 2
    endloop
  endfacet
  facet normal -0.715870792912098 0.6982327748361602 0
    outer loop
      vertex -44.2015021070838 11.146468237042427 3
      vertex -44.20044708997011 11.147549904882908 2
      vertex -44.2015021070838 11.146468237042427 2
    endloop
  endfacet
  facet normal 0.7266603095433642 0.6869969392467058 0
    outer loop
      vertex -44.2015021070838 11.146468237042427 3
      vertex -44.2015021070838 11.146468237042427 2
      vertex -44.25296847522259 11.200905986130238 2
    endloop
  endfacet
  facet normal 0.6801727445379936 0.733051865550899 0
    outer loop
      vertex -44.48140246421099 11.41286175698042 3
      vertex -44.410315996392136 11.346903152701412 2
      vertex -44.48140246421099 11.41286175698042 2
    endloop
  endfacet
  facet normal 0.6801727445380128 0.7330518655508813 2.5385565026757474e-15
    outer loop
      vertex -44.48140246421099 11.41286175698042 3
      vertex -44.32441481248234 11.267198500459536 2
      vertex -44.410315996392136 11.346903152701412 2
    endloop
  endfacet
  facet normal 0.7158668692485708 0.6982367975925142 0
    outer loop
      vertex -44.49922966212034 11.430249907076359 3
      vertex -44.49922966212034 11.430249907076359 2
      vertex -44.584154646969886 11.517319198232085 2
    endloop
  endfacet
  facet normal 0.6982366536578603 0.7158670096384337 0
    outer loop
      vertex -44.49922966212034 11.430249907076359 3
      vertex -44.48140246421099 11.41286175698042 2
      vertex -44.49922966212034 11.430249907076359 2
    endloop
  endfacet
  facet normal 0.9888308347619142 0.14904220953829145 0
    outer loop
      vertex -42.09918683022261 7.243249922990799 3
      vertex -42.05461198836565 6.947515055537224 2
      vertex -42.09918683022261 7.243249922990799 2
    endloop
  endfacet
  facet normal 0.9801725033837093 0.198146066351347 0
    outer loop
      vertex -42.1782009601593 7.6341104581952095 3
      vertex -42.09918683022261 7.243249922990799 2
      vertex -42.1782009601593 7.6341104581952095 2
    endloop
  endfacet
  facet normal 0.9690773046069909 0.24675732551567586 0
    outer loop
      vertex -42.251999996602535 7.923937603831291 3
      vertex -42.1782009601593 7.6341104581952095 2
      vertex -42.251999996602535 7.923937603831291 2
    endloop
  endfacet
  facet normal 0.9555728236998079 0.2947551163362153 0
    outer loop
      vertex -42.36953863501549 8.304988592863083 3
      vertex -42.251999996602535 7.923937603831291 2
      vertex -42.36953863501549 8.304988592863083 2
    endloop
  endfacet
  facet normal 0.9396926448437897 0.342020077227176 0
    outer loop
      vertex -42.47182838618755 8.586027435958385 3
      vertex -42.36953863501549 8.304988592863083 2
      vertex -42.47182838618755 8.586027435958385 2
    endloop
  endfacet
  facet normal 0.9214762398180204 0.3884347299751172 0
    outer loop
      vertex -42.62672337144613 8.953481830656528 3
      vertex -42.47182838618755 8.586027435958385 2
      vertex -42.62672337144613 8.953481830656528 2
    endloop
  endfacet
  facet normal 0.900968897791395 0.4338836770524546 0
    outer loop
      vertex -42.756487257778645 9.222939364612103 3
      vertex -42.62672337144613 8.953481830656528 2
      vertex -42.756487257778645 9.222939364612103 2
    endloop
  endfacet
  facet normal 0.8782216110935356 0.4782539093497038 0
    outer loop
      vertex -42.947199173271656 9.573145233094692 3
      vertex -42.756487257778645 9.222939364612103 2
      vertex -42.947199173271656 9.573145233094692 2
    endloop
  endfacet
  facet normal 0.8532909233983124 0.5214351350322063 0
    outer loop
      vertex -43.10314756631851 9.828343510627747 3
      vertex -42.947199173271656 9.573145233094692 2
      vertex -43.10314756631851 9.828343510627747 2
    endloop
  endfacet
  facet normal -0.6801727420221084 -0.7330518678852993 0
    outer loop
      vertex -46.29348669946194 9.001750379800797 3
      vertex -46.54933798313141 9.239145681262016 3
      vertex -46.54933798313141 9.239145681262016 2
    endloop
  endfacet
  facet normal -0.7330533245273401 0.6801711721319967 0
    outer loop
      vertex -46.29515767842531 8.999949485063553 2
      vertex -46.29515767842531 8.999949485063553 3
      vertex -46.29348669946194 9.001750379800797 3
    endloop
  endfacet
  facet normal -0.6982368625863516 -0.7158668058553688 0
    outer loop
      vertex -46.06282000243664 8.773333683609962 3
      vertex -46.29515767842531 8.999949485063553 3
      vertex -46.29515767842531 8.999949485063553 2
    endloop
  endfacet
  facet normal -0.6982367742438376 -0.7158668920222252 0
    outer loop
      vertex -46.620714887976646 9.3087647408247 3
      vertex -46.620714887976646 9.3087647408247 2
      vertex -46.54933798313141 9.239145681262016 3
    endloop
  endfacet
  facet normal -0.7158668509849493 -0.6982368163172811 0
    outer loop
      vertex -46.829594604671 9.522918537259102 3
      vertex -46.829594604671 9.522918537259102 2
      vertex -46.620714887976646 9.3087647408247 3
    endloop
  endfacet
  facet normal -0.9801725033837093 -0.198146066351347 0
    outer loop
      vertex -45.0397043377161 6.648811720311642 3
      vertex -45.1187184676528 7.039672255516052 3
      vertex -45.1187184676528 7.039672255516052 2
    endloop
  endfacet
  facet normal -0.9555728236998079 -0.2947551163362153 0
    outer loop
      vertex -45.1187184676528 7.039672255516052 3
      vertex -45.23625710606575 7.420723244547844 3
      vertex -45.23625710606575 7.420723244547844 2
    endloop
  endfacet
  facet normal -0.9214762398180204 -0.3884347299751172 0
    outer loop
      vertex -45.23625710606575 7.420723244547844 3
      vertex -45.39115209132433 7.788177639245987 3
      vertex -45.39115209132433 7.788177639245987 2
    endloop
  endfacet
  facet normal -0.8782216110935356 -0.4782539093497038 0
    outer loop
      vertex -45.39115209132433 7.788177639245987 3
      vertex -45.58186400681734 8.138383507728577 3
      vertex -45.58186400681734 8.138383507728577 2
    endloop
  endfacet
  facet normal -0.8262388139521293 -0.5633199999280858 0
    outer loop
      vertex -45.58186400681734 8.138383507728577 3
      vertex -45.80649748444557 8.467860355973244 3
      vertex -45.80649748444557 8.467860355973244 2
    endloop
  endfacet
  facet normal -0.7660444907376711 -0.6427875529367865 0
    outer loop
      vertex -46.06282000243664 8.773333683609962 3
      vertex -46.06282000243664 8.773333683609962 2
      vertex -45.80649748444557 8.467860355973244 3
    endloop
  endfacet
  facet normal 0 0 1
    outer loop
      vertex -45.0397043377161 6.648811720311642 3
      vertex -42.09918683022261 7.243249922990799 3
      vertex -45.1187184676528 7.039672255516052 3
    endloop
  endfacet
  facet normal 0 0 1
    outer loop
      vertex -45.1187184676528 7.039672255516052 3
      vertex -42.09918683022261 7.243249922990799 3
      vertex -42.1782009601593 7.6341104581952095 3
    endloop
  endfacet
  facet normal 0 0 1
    outer loop
      vertex -45.1187184676528 7.039672255516052 3
      vertex -42.1782009601593 7.6341104581952095 3
      vertex -42.251999996602535 7.923937603831291 3
    endloop
  endfacet
  facet normal 0 0 1
    outer loop
      vertex -45.1187184676528 7.039672255516052 3
      vertex -42.36953863501549 8.304988592863083 3
      vertex -45.23625710606575 7.420723244547844 3
    endloop
  endfacet
  facet normal 0 0 1
    outer loop
      vertex -45.23625710606575 7.420723244547844 3
      vertex -42.47182838618755 8.586027435958385 3
      vertex -45.39115209132433 7.788177639245987 3
    endloop
  endfacet
  facet normal 0 0 1
    outer loop
      vertex -45.1187184676528 7.039672255516052 3
      vertex -42.251999996602535 7.923937603831291 3
      vertex -42.36953863501549 8.304988592863083 3
    endloop
  endfacet
  facet normal 0 0 1
    outer loop
      vertex -45.23625710606575 7.420723244547844 3
      vertex -42.36953863501549 8.304988592863083 3
      vertex -42.47182838618755 8.586027435958385 3
    endloop
  endfacet
  facet normal 0 0 1
    outer loop
      vertex -45.39115209132433 7.788177639245987 3
      vertex -42.947199173271656 9.573145233094692 3
      vertex -45.58186400681734 8.138383507728577 3
    endloop
  endfacet
  facet normal 0 0 1
    outer loop
      vertex -45.58186400681734 8.138383507728577 3
      vertex -43.10314756631851 9.828343510627747 3
      vertex -45.80649748444557 8.467860355973244 3
    endloop
  endfacet
  facet normal 0 0 1
    outer loop
      vertex -46.06282000243664 8.773333683609962 3
      vertex -45.80649748444557 8.467860355973244 3
      vertex -43.508364014327526 10.39622301608324 3
    endloop
  endfacet
  facet normal 0 0 1
    outer loop
      vertex -45.39115209132433 7.788177639245987 3
      vertex -42.47182838618755 8.586027435958385 3
      vertex -42.62672337144613 8.953481830656528 3
    endloop
  endfacet
  facet normal 0 0 1
    outer loop
      vertex -45.39115209132433 7.788177639245987 3
      vertex -42.62672337144613 8.953481830656528 3
      vertex -42.756487257778645 9.222939364612103 3
    endloop
  endfacet
  facet normal 0 0 1
    outer loop
      vertex -45.39115209132433 7.788177639245987 3
      vertex -42.756487257778645 9.222939364612103 3
      vertex -42.947199173271656 9.573145233094692 3
    endloop
  endfacet
  facet normal 0 0 1
    outer loop
      vertex -45.58186400681734 8.138383507728577 3
      vertex -42.947199173271656 9.573145233094692 3
      vertex -43.10314756631851 9.828343510627747 3
    endloop
  endfacet
  facet normal 0 0 1
    outer loop
      vertex -45.80649748444557 8.467860355973244 3
      vertex -43.10314756631851 9.828343510627747 3
      vertex -43.32778104394674 10.157820358872414 3
    endloop
  endfacet
  facet normal -0.8262387837319072 -0.5633200442530149 0
    outer loop
      vertex -47.58079944550991 10.452948942780495 3
      vertex -47.636966459453106 10.535330824553967 3
      vertex -47.636966459453106 10.535330824553967 2
    endloop
  endfacet
  facet normal -0.8400259264071184 -0.542546258823948 0
    outer loop
      vertex -47.636966459453106 10.535330824553967 3
      vertex -47.79927074164152 10.786627009510994 3
      vertex -47.79927074164152 10.786627009510994 2
    endloop
  endfacet
  facet normal -0.853290893661497 -0.5214351836943533 0
    outer loop
      vertex -47.79927074164152 10.786627009510994 3
      vertex -47.851261638104916 10.87170634418726 3
      vertex -47.851261638104916 10.87170634418726 2
    endloop
  endfacet
  facet normal -0.7330518847013122 -0.6801727238987566 0
    outer loop
      vertex -46.829594604671 9.522918537259102 3
      vertex -46.89741262793541 9.596008986234665 3
      vertex -46.89741262793541 9.596008986234665 2
    endloop
  endfacet
  facet normal -0.7497812066662846 -0.6616858334058925 0
    outer loop
      vertex -46.89741262793541 9.596008986234665 3
      vertex -47.09535779803991 9.82030813395977 3
      vertex -47.09535779803991 9.82030813395977 2
    endloop
  endfacet
  facet normal -0.7660444205999667 -0.6427876365236511 0
    outer loop
      vertex -47.09535779803991 9.82030813395977 3
      vertex -47.159448482096195 9.896688431501389 3
      vertex -47.159448482096195 9.896688431501389 2
    endloop
  endfacet
  facet normal -0.7818314769659773 -0.6234898087580889 0
    outer loop
      vertex -47.159448482096195 9.896688431501389 3
      vertex -47.34596721082926 10.130575515329838 3
      vertex -47.34596721082926 10.130575515329838 2
    endloop
  endfacet
  facet normal -0.7971325310681721 -0.6038043788453755 0
    outer loop
      vertex -47.40617076307535 10.210055246949196 3
      vertex -47.40617076307535 10.210055246949196 2
      vertex -47.34596721082926 10.130575515329838 3
    endloop
  endfacet
  facet normal -0.8119379936382288 -0.5837436890337466 0
    outer loop
      vertex -47.58079944550991 10.452948942780495 3
      vertex -47.58079944550991 10.452948942780495 2
      vertex -47.40617076307535 10.210055246949196 3
    endloop
  endfacet
  facet normal -0.8660254038162175 -0.4999999999449575 0
    outer loop
      vertex -47.851261638104916 10.87170634418726 3
      vertex -48.00083804875612 11.130780287086964 3
      vertex -48.00083804875612 11.130780287086964 2
    endloop
  endfacet
  facet normal -0.8782215666562501 -0.47825399095025006 0
    outer loop
      vertex -48.00083804875612 11.130780287086964 3
      vertex -48.048523373901844 11.21834522485733 3
      vertex -48.048523373901844 11.21834522485733 2
    endloop
  endfacet
  facet normal -0.8898718071964311 -0.4562106605034103 0
    outer loop
      vertex -48.048523373901844 11.21834522485733 3
      vertex -48.18500018119812 11.484553083777428 3
      vertex -48.18500018119812 11.484553083777428 2
    endloop
  endfacet
  facet normal -0.9009688757237552 -0.43388372287638616 0
    outer loop
      vertex -48.18500018119812 11.484553083777428 3
      vertex -48.22826138883829 11.574385911226273 3
      vertex -48.22826138883829 11.574385911226273 2
    endloop
  endfacet
  facet normal -0.9115058511104243 -0.41128710579285227 0
    outer loop
      vertex -48.22826138883829 11.574385911226273 3
      vertex -48.35129916667938 11.847065635025501 3
      vertex -48.35129916667938 11.847065635025501 2
    endloop
  endfacet
  facet normal -0.9214761895971736 -0.3884348491130448 0
    outer loop
      vertex -48.35129916667938 11.847065635025501 3
      vertex -48.390028946101665 11.938943512737751 3
      vertex -48.390028946101665 11.938943512737751 2
    endloop
  endfacet
  facet normal -0.9308737547327313 -0.36534100885308096 0
    outer loop
      vertex -48.390028946101665 11.938943512737751 3
      vertex -48.49932178109884 12.217417128384113 3
      vertex -48.49932178109884 12.217417128384113 2
    endloop
  endfacet
  facet normal 0.8262388139521293 0.5633199999280858 0
    outer loop
      vertex -43.32778104394674 10.157820358872414 3
      vertex -43.10314756631851 9.828343510627747 3
      vertex -43.10314756631851 9.828343510627747 2
    endloop
  endfacet
  facet normal 0.7660444907376711 0.6427875529367865 0
    outer loop
      vertex -43.508364014327526 10.39622301608324 3
      vertex -43.508364014327526 10.39622301608324 2
      vertex -43.76468653231859 10.70169634371996 3
    endloop
  endfacet
  facet normal 0.7971325474310428 0.6038043572433841 0
    outer loop
      vertex -43.32778104394674 10.157820358872414 3
      vertex -43.32778104394674 10.157820358872414 2
      vertex -43.508364014327526 10.39622301608324 3
    endloop
  endfacet
  facet normal 0.7330519242929786 0.680172681229084 0
    outer loop
      vertex -43.76468653231859 10.70169634371996 3
      vertex -43.76468653231859 10.70169634371996 2
      vertex -43.96810941398144 10.920934103429317 3
    endloop
  endfacet
  facet normal 0.7330518949342282 0.6801727128702955 6.101852539045694e-16
    outer loop
      vertex -44.65587871521711 11.5908542573452 3
      vertex -44.66181748754539 11.597254732145867 2
      vertex -44.672817185521126 11.609109587967396 3
    endloop
  endfacet
  facet normal 0.7497811919329954 0.6616858501007382 0
    outer loop
      vertex -44.672817185521126 11.609109587967396 3
      vertex -44.672817185521126 11.609109587967396 2
      vertex -44.821266032755375 11.777322575449944 3
    endloop
  endfacet
  facet normal 0.766044464544475 0.6427875841526255 0
    outer loop
      vertex -44.821266032755375 11.777322575449944 3
      vertex -44.821266032755375 11.777322575449944 2
      vertex -44.83727357536554 11.796399623155594 3
    endloop
  endfacet
  facet normal 0.7818314714555448 0.6234898156679529 -2.978098444115083e-16
    outer loop
      vertex -44.83727357536554 11.796399623155594 3
      vertex -44.86228876535589 11.827767678106005 2
      vertex -44.977153077721596 11.971802964806557 3
    endloop
  endfacet
  facet normal 0.797132532706108 0.6038043766829996 0
    outer loop
      vertex -44.977153077721596 11.971802964806557 3
      vertex -44.977153077721596 11.971802964806557 2
      vertex -44.992189951241016 11.991654396057129 3
    endloop
  endfacet
  facet normal 0.8119379926690438 0.5837436903818009 0
    outer loop
      vertex -44.992189951241016 11.991654396057129 3
      vertex -44.992189951241016 11.991654396057129 2
      vertex -45.12315233051777 12.173811964690685 3
    endloop
  endfacet
  facet normal 0.7266603095433642 0.6869969392467058 0
    outer loop
      vertex -44.25296847522259 11.200905986130238 3
      vertex -44.2015021070838 11.146468237042427 3
      vertex -44.25296847522259 11.200905986130238 2
    endloop
  endfacet
  facet normal 0.6982368625863516 0.7158668058553688 0
    outer loop
      vertex -43.96810941398144 10.920934103429317 3
      vertex -43.96810941398144 10.920934103429317 2
      vertex -44.20044708997011 11.147549904882908 3
    endloop
  endfacet
  facet normal -0.715870792912098 0.6982327748361602 0
    outer loop
      vertex -44.20044708997011 11.147549904882908 3
      vertex -44.20044708997011 11.147549904882908 2
      vertex -44.2015021070838 11.146468237042427 3
    endloop
  endfacet
  facet normal 0.6801727445380006 0.7330518655508925 -1.0239953966181905e-15
    outer loop
      vertex -44.25296847522259 11.200905986130238 3
      vertex -44.32441481248234 11.267198500459536 2
      vertex -44.48140246421099 11.41286175698042 3
    endloop
  endfacet
  facet normal 0.6982366536578603 0.7158670096384337 0
    outer loop
      vertex -44.48140246421099 11.41286175698042 3
      vertex -44.48140246421099 11.41286175698042 2
      vertex -44.49922966212034 11.430249907076359 3
    endloop
  endfacet
  facet normal 0.7158668692485803 0.6982367975925043 -1.6739120192636292e-15
    outer loop
      vertex -44.65587871521711 11.5908542573452 3
      vertex -44.49922966212034 11.430249907076359 3
      vertex -44.584154646969886 11.517319198232085 2
    endloop
  endfacet
  facet normal 0 0 1
    outer loop
      vertex -46.89741262793541 9.596008986234665 3
      vertex -44.821266032755375 11.777322575449944 3
      vertex -47.09535779803991 9.82030813395977 3
    endloop
  endfacet
  facet normal 0 0 1
    outer loop
      vertex -46.829594604671 9.522918537259102 3
      vertex -44.672817185521126 11.609109587967396 3
      vertex -46.89741262793541 9.596008986234665 3
    endloop
  endfacet
  facet normal 0 0 1
    outer loop
      vertex -47.09535779803991 9.82030813395977 3
      vertex -44.83727357536554 11.796399623155594 3
      vertex -47.159448482096195 9.896688431501389 3
    endloop
  endfacet
  facet normal 0 0 1
    outer loop
      vertex -47.159448482096195 9.896688431501389 3
      vertex -44.977153077721596 11.971802964806557 3
      vertex -47.34596721082926 10.130575515329838 3
    endloop
  endfacet
  facet normal 0 0 1
    outer loop
      vertex -47.40617076307535 10.210055246949196 3
      vertex -47.34596721082926 10.130575515329838 3
      vertex -44.992189951241016 11.991654396057129 3
    endloop
  endfacet
  facet normal 0 0 1
    outer loop
      vertex -47.636966459453106 10.535330824553967 3
      vertex -45.25890078395605 12.382847353816032 3
      vertex -47.79927074164152 10.786627009510994 3
    endloop
  endfacet
  facet normal 0 0 1
    outer loop
      vertex -47.79927074164152 10.786627009510994 3
      vertex -45.271886341273785 12.404097281396389 3
      vertex -47.851261638104916 10.87170634418726 3
    endloop
  endfacet
  facet normal 0 0 1
    outer loop
      vertex -47.851261638104916 10.87170634418726 3
      vertex -45.38406091183424 12.598389334976673 3
      vertex -48.00083804875612 11.130780287086964 3
    endloop
  endfacet
  facet normal 0 0 1
    outer loop
      vertex -47.58079944550991 10.452948942780495 3
      vertex -47.40617076307535 10.210055246949196 3
      vertex -45.12315233051777 12.173811964690685 3
    endloop
  endfacet
  facet normal 0 0 1
    outer loop
      vertex -47.58079944550991 10.452948942780495 3
      vertex -45.13718081265688 12.194387972354889 3
      vertex -47.636966459453106 10.535330824553967 3
    endloop
  endfacet
  facet normal 0 0 1
    outer loop
      vertex -48.048523373901844 11.21834522485733 3
      vertex -45.49832170456648 12.81990235298872 3
      vertex -48.18500018119812 11.484553083777428 3
    endloop
  endfacet
  facet normal 0 0 1
    outer loop
      vertex -48.00083804875612 11.130780287086964 3
      vertex -45.39597099274397 12.620259918272495 3
      vertex -48.048523373901844 11.21834522485733 3
    endloop
  endfacet
  facet normal 0 0 1
    outer loop
      vertex -48.18500018119812 11.484553083777428 3
      vertex -45.50912669301033 12.842339150607586 3
      vertex -48.22826138883829 11.574385911226273 3
    endloop
  endfacet
  facet normal 0 0 1
    outer loop
      vertex -48.22826138883829 11.574385911226273 3
      vertex -45.60139869898558 13.046834915876389 3
      vertex -48.35129916667938 11.847065635025501 3
    endloop
  endfacet
  facet normal 0 0 1
    outer loop
      vertex -47.79927074164152 10.786627009510994 3
      vertex -45.25890078395605 12.382847353816032 3
      vertex -45.271886341273785 12.404097281396389 3
    endloop
  endfacet
  facet normal 0 0 1
    outer loop
      vertex -47.851261638104916 10.87170634418726 3
      vertex -45.271886341273785 12.404097281396389 3
      vertex -45.38406091183424 12.598389334976673 3
    endloop
  endfacet
  facet normal 0 0 1
    outer loop
      vertex -48.00083804875612 11.130780287086964 3
      vertex -45.38406091183424 12.598389334976673 3
      vertex -45.39597099274397 12.620259918272495 3
    endloop
  endfacet
  facet normal 0 0 1
    outer loop
      vertex -48.048523373901844 11.21834522485733 3
      vertex -45.39597099274397 12.620259918272495 3
      vertex -45.49832170456648 12.81990235298872 3
    endloop
  endfacet
  facet normal 0 0 1
    outer loop
      vertex -46.29348669946194 9.001750379800797 3
      vertex -44.48140246421099 11.41286175698042 3
      vertex -46.54933798313141 9.239145681262016 3
    endloop
  endfacet
  facet normal 0 0 1
    outer loop
      vertex -46.29348669946194 9.001750379800797 3
      vertex -46.29515767842531 8.999949485063553 3
      vertex -43.96810941398144 10.920934103429317 3
    endloop
  endfacet
  facet normal 0 0 1
    outer loop
      vertex -46.06282000243664 8.773333683609962 3
      vertex -43.96810941398144 10.920934103429317 3
      vertex -46.29515767842531 8.999949485063553 3
    endloop
  endfacet
  facet normal 0 0 1
    outer loop
      vertex -46.620714887976646 9.3087647408247 3
      vertex -46.54933798313141 9.239145681262016 3
      vertex -44.49922966212034 11.430249907076359 3
    endloop
  endfacet
  facet normal 0 0 1
    outer loop
      vertex -46.829594604671 9.522918537259102 3
      vertex -46.620714887976646 9.3087647408247 3
      vertex -44.65587871521711 11.5908542573452 3
    endloop
  endfacet
  facet normal 0 0 1
    outer loop
      vertex -46.06282000243664 8.773333683609962 3
      vertex -43.76468653231859 10.70169634371996 3
      vertex -43.96810941398144 10.920934103429317 3
    endloop
  endfacet
  facet normal 0 0 1
    outer loop
      vertex -46.29348669946194 9.001750379800797 3
      vertex -44.25296847522259 11.200905986130238 3
      vertex -44.48140246421099 11.41286175698042 3
    endloop
  endfacet
  facet normal 0 0 1
    outer loop
      vertex -46.29348669946194 9.001750379800797 3
      vertex -43.96810941398144 10.920934103429317 3
      vertex -44.2015021070838 11.146468237042427 3
    endloop
  endfacet
  facet normal 0 0 1
    outer loop
      vertex -46.29348669946194 9.001750379800797 3
      vertex -44.2015021070838 11.146468237042427 3
      vertex -44.25296847522259 11.200905986130238 3
    endloop
  endfacet
  facet normal 0 0 1
    outer loop
      vertex -46.54933798313141 9.239145681262016 3
      vertex -44.48140246421099 11.41286175698042 3
      vertex -44.49922966212034 11.430249907076359 3
    endloop
  endfacet
  facet normal 0 0 1
    outer loop
      vertex -46.620714887976646 9.3087647408247 3
      vertex -44.49922966212034 11.430249907076359 3
      vertex -44.65587871521711 11.5908542573452 3
    endloop
  endfacet
  facet normal 0 0 1
    outer loop
      vertex -45.80649748444557 8.467860355973244 3
      vertex -43.32778104394674 10.157820358872414 3
      vertex -43.508364014327526 10.39622301608324 3
    endloop
  endfacet
  facet normal 0 0 1
    outer loop
      vertex -46.06282000243664 8.773333683609962 3
      vertex -43.508364014327526 10.39622301608324 3
      vertex -43.76468653231859 10.70169634371996 3
    endloop
  endfacet
  facet normal 0 0 1
    outer loop
      vertex -46.829594604671 9.522918537259102 3
      vertex -44.65587871521711 11.5908542573452 3
      vertex -44.672817185521126 11.609109587967396 3
    endloop
  endfacet
  facet normal 0 0 1
    outer loop
      vertex -46.89741262793541 9.596008986234665 3
      vertex -44.672817185521126 11.609109587967396 3
      vertex -44.821266032755375 11.777322575449944 3
    endloop
  endfacet
  facet normal 0 0 1
    outer loop
      vertex -47.09535779803991 9.82030813395977 3
      vertex -44.821266032755375 11.777322575449944 3
      vertex -44.83727357536554 11.796399623155594 3
    endloop
  endfacet
  facet normal 0 0 1
    outer loop
      vertex -47.159448482096195 9.896688431501389 3
      vertex -44.83727357536554 11.796399623155594 3
      vertex -44.977153077721596 11.971802964806557 3
    endloop
  endfacet
  facet normal 0 0 1
    outer loop
      vertex -47.34596721082926 10.130575515329838 3
      vertex -44.977153077721596 11.971802964806557 3
      vertex -44.992189951241016 11.991654396057129 3
    endloop
  endfacet
  facet normal 0 0 1
    outer loop
      vertex -47.40617076307535 10.210055246949196 3
      vertex -44.992189951241016 11.991654396057129 3
      vertex -45.12315233051777 12.173811964690685 3
    endloop
  endfacet
  facet normal 0 0 1
    outer loop
      vertex -47.58079944550991 10.452948942780495 3
      vertex -45.12315233051777 12.173811964690685 3
      vertex -45.13718081265688 12.194387972354889 3
    endloop
  endfacet
  facet normal 0 0 1
    outer loop
      vertex -47.636966459453106 10.535330824553967 3
      vertex -45.13718081265688 12.194387972354889 3
      vertex -45.25890078395605 12.382847353816032 3
    endloop
  endfacet
  facet normal 0 0 1
    outer loop
      vertex -43.96810941398144 10.920934103429317 3
      vertex -44.20044708997011 11.147549904882908 3
      vertex -44.2015021070838 11.146468237042427 3
    endloop
  endfacet
  facet normal 0.9888308347619142 0.14904220953829145 0
    outer loop
      vertex -42.05461198836565 6.947515055537224 3
      vertex -42.05461198836565 6.947515055537224 2
      vertex -42.09918683022261 7.243249922990799 3
    endloop
  endfacet
  facet normal 0.9801725033837093 0.198146066351347 0
    outer loop
      vertex -42.09918683022261 7.243249922990799 3
      vertex -42.09918683022261 7.243249922990799 2
      vertex -42.1782009601593 7.6341104581952095 3
    endloop
  endfacet
  facet normal 0.9690773046069909 0.24675732551567586 0
    outer loop
      vertex -42.1782009601593 7.6341104581952095 3
      vertex -42.1782009601593 7.6341104581952095 2
      vertex -42.251999996602535 7.923937603831291 3
    endloop
  endfacet
  facet normal 0.9555728236998079 0.2947551163362153 0
    outer loop
      vertex -42.251999996602535 7.923937603831291 3
      vertex -42.251999996602535 7.923937603831291 2
      vertex -42.36953863501549 8.304988592863083 3
    endloop
  endfacet
  facet normal 0.9396926448437897 0.342020077227176 0
    outer loop
      vertex -42.47182838618755 8.586027435958385 3
      vertex -42.36953863501549 8.304988592863083 3
      vertex -42.36953863501549 8.304988592863083 2
    endloop
  endfacet
  facet normal 0.9214762398180204 0.3884347299751172 0
    outer loop
      vertex -42.47182838618755 8.586027435958385 3
      vertex -42.47182838618755 8.586027435958385 2
      vertex -42.62672337144613 8.953481830656528 3
    endloop
  endfacet
  facet normal 0.900968897791395 0.4338836770524546 0
    outer loop
      vertex -42.62672337144613 8.953481830656528 3
      vertex -42.62672337144613 8.953481830656528 2
      vertex -42.756487257778645 9.222939364612103 3
    endloop
  endfacet
  facet normal 0.8782216110935356 0.4782539093497038 0
    outer loop
      vertex -42.756487257778645 9.222939364612103 3
      vertex -42.756487257778645 9.222939364612103 2
      vertex -42.947199173271656 9.573145233094692 3
    endloop
  endfacet
  facet normal 0 0 1
    outer loop
      vertex -45.0397043377161 6.648811720311642 3
      vertex -42.05461198836565 6.947515055537224 3
      vertex -42.09918683022261 7.243249922990799 3
    endloop
  endfacet
  facet normal 0.8532909233983124 0.5214351350322063 0
    outer loop
      vertex -42.947199173271656 9.573145233094692 3
      vertex -42.947199173271656 9.573145233094692 2
      vertex -43.10314756631851 9.828343510627747 3
    endloop
  endfacet
  facet normal 0.9308737572680853 0.3653410023931035 0
    outer loop
      vertex -45.69303610175848 13.278623789548874 0
      vertex -45.69303610175848 13.278623789548874 3
      vertex -45.65307997643498 13.17681723550176 2
    endloop
  endfacet
  facet normal 0.9396926482170309 0.3420200679592696 0
    outer loop
      vertex -45.69303610175848 13.278623789548874 0
      vertex -45.693768059233776 13.2806348266861 2
      vertex -45.69303610175848 13.278623789548874 3
    endloop
  endfacet
  facet normal 0.9749279120232183 0.2225209346512098 0
    outer loop
      vertex -45.89717648923397 13.997310504317284 0
      vertex -45.89717648923397 13.997310504317284 3
      vertex -45.887295228201616 13.954017871192539 2
    endloop
  endfacet
  facet normal 0.9848077548820584 0.17364816706248162 0
    outer loop
      vertex -45.90211111307144 14.021720670163631 0
      vertex -45.911833567177645 14.076859450850149 2
      vertex -45.90211111307144 14.021720670163631 3
    endloop
  endfacet
  facet normal 0.9848077548820403 -0.1736481670625847 0
    outer loop
      vertex -45.90211111307144 15.978279314935207 0
      vertex -45.90211111307144 15.978279314935207 3
      vertex -45.9118335936815 15.923140383937882 2
    endloop
  endfacet
  facet normal 0.974927912023234 -0.22252093465114114 0
    outer loop
      vertex -45.89717648923397 16.002689480781555 0
      vertex -45.88729517302103 16.045982355668254 2
      vertex -45.89717648923397 16.002689480781555 3
    endloop
  endfacet
  facet normal 0.939692648217523 -0.3420200679579178 0
    outer loop
      vertex -45.69303610175848 16.721376195549965 0
      vertex -45.69303610175848 16.721376195549965 3
      vertex -45.693768110783424 16.7193650167812 2
    endloop
  endfacet
  facet normal 0.9308737572681045 -0.36534100239305484 0
    outer loop
      vertex -45.69303610175848 16.721376195549965 0
      vertex -45.653079887359084 16.823182976558794 2
      vertex -45.69303610175848 16.721376195549965 3
    endloop
  endfacet
  facet normal 0.9801724695005769 0.19814623396153777 0
    outer loop
      vertex -45.89717648923397 13.997310504317284 0
      vertex -45.90211111307144 14.021720670163631 3
      vertex -45.89717648923397 13.997310504317284 3
    endloop
  endfacet
  facet normal 0.9801724695005769 -0.19814623396153777 0
    outer loop
      vertex -45.90211111307144 15.978279314935207 0
      vertex -45.89717648923397 16.002689480781555 3
      vertex -45.90211111307144 15.978279314935207 3
    endloop
  endfacet
  facet normal 0.8400259280979602 -0.5425462562060132 0
    outer loop
      vertex -45.13718081265688 17.80561201274395 0
      vertex -45.13718081265688 17.80561201274395 3
      vertex -45.17315223943708 17.74991734925599 2
    endloop
  endfacet
  facet normal 0.8119379926690136 -0.5837436903818428 0
    outer loop
      vertex -45.12315233051777 17.826188020408154 0
      vertex -45.104952307183915 17.85150271015247 2
      vertex -45.12315233051777 17.826188020408154 3
    endloop
  endfacet
  facet normal 0.7330518949342997 -0.6801727128702183 0
    outer loop
      vertex -44.65587871521711 18.40914572775364 0
      vertex -44.65587871521711 18.40914572775364 3
      vertex -44.66181769418607 18.40274503024727 2
    endloop
  endfacet
  facet normal 0.7158668692485696 -0.6982367975925154 0
    outer loop
      vertex -44.65587871521711 18.40914572775364 0
      vertex -44.58415431537475 18.48268112683447 2
      vertex -44.65587871521711 18.40914572775364 3
    endloop
  endfacet
  facet normal 0.5633200677861429 -0.8262387676872923 0
    outer loop
      vertex -43.722516529262066 19.192329607903957 0
      vertex -43.722516529262066 19.192329607903957 3
      vertex -43.784986437155844 19.149738344790247 2
    endloop
  endfacet
  facet normal 0.5214351899235863 -0.8532908898548921 0
    outer loop
      vertex -43.70159714668989 19.205840781331062 0
      vertex -43.68813835623334 19.21406527668346 2
      vertex -43.70159714668989 19.205840781331062 3
    endloop
  endfacet
  facet normal 0.4112870602483104 -0.911505871660903 0
    outer loop
      vertex -43.04457448422909 19.561517171561718 0
      vertex -43.04457448422909 19.561517171561718 3
      vertex -43.058305097582334 19.555321683658637 2
    endloop
  endfacet
  facet normal 0.38843479958987975 -0.9214762104729399 0
    outer loop
      vertex -43.04457448422909 19.561517171561718 0
      vertex -42.95642504881414 19.598675274929132 2
      vertex -43.04457448422909 19.561517171561718 3
    endloop
  endfacet
  facet normal 0.1981461417309231 -0.9801724881454024 0
    outer loop
      vertex -41.880287788808346 19.920652106404305 0
      vertex -41.880287788808346 19.920652106404305 3
      vertex -41.96272732973794 19.903986593794198 2
    endloop
  endfacet
  facet normal 0.1736483008440664 -0.9848077312927477 -7.862002943893474e-16
    outer loop
      vertex -41.880287788808346 19.920652106404305 0
      vertex -41.856517868046 19.924843387829522 2
      vertex -41.85576241463423 19.924976594746113 3
    endloop
  endfacet
  facet normal 0.024930718741537312 -0.9996891813273915 0
    outer loop
      vertex -41.11217449605465 19.997513458132744 0
      vertex -41.11217449605465 19.997513458132744 3
      vertex -41.133332474137106 19.996985810529303 2
    endloop
  endfacet
  facet normal 0 -1 0
    outer loop
      vertex -41.11217449605465 19.997513458132744 0
      vertex -41.02407237400698 19.997513458132744 2
      vertex -41.11217449605465 19.997513458132744 3
    endloop
  endfacet
  facet normal -0.3884347995898757 -0.9214762104729417 0
    outer loop
      vertex -39.162158131599426 19.64866228401661 0
      vertex -39.08848773681221 19.617607608150163 2
      vertex -39.162158131599426 19.64866228401661 3
    endloop
  endfacet
  facet normal -0.19814614173089143 -0.9801724881454087 0
    outer loop
      vertex -39.89981151372194 19.87619822472334 0
      vertex -39.89981151372194 19.87619822472334 3
      vertex -39.98993749539194 19.894417584839648 2
    endloop
  endfacet
  facet normal -0.22252083212520146 -0.974927935424105 -2.764121364406285e-15
    outer loop
      vertex -39.89981151372194 19.87619822472334 0
      vertex -39.882125199127096 19.87216144077462 2
      vertex -39.87553242594004 19.870656684041023 3
    endloop
  endfacet
  facet normal -0.3420201410927602 -0.9396926215986205 0
    outer loop
      vertex -39.185340352356434 19.65776064246893 0
      vertex -39.185340352356434 19.65776064246893 3
      vertex -39.191935366519125 19.660161031300966 2
    endloop
  endfacet
  facet normal -0.563320067786117 -0.8262387676873101 0
    outer loop
      vertex -38.09211754798889 19.065949268639088 0
      vertex -38.09211754798889 19.065949268639088 3
      vertex -38.17411959790165 19.121857321035073 2
    endloop
  endfacet
  facet normal -0.5837435664176216 -0.811938081793209 0
    outer loop
      vertex -38.09211754798889 19.065949268639088 0
      vertex -38.08243258684648 19.058986257684605 2
      vertex -38.09211754798889 19.065949268639088 3
    endloop
  endfacet
  facet normal 0.8262388182896333 -0.563319993566135 0
    outer loop
      vertex -45.13718081265688 17.80561201274395 0
      vertex -45.12315233051777 17.826188020408154 3
      vertex -45.13718081265688 17.80561201274395 3
    endloop
  endfacet
  facet normal 0.5425463675580166 -0.8400258561792022 0
    outer loop
      vertex -43.722516529262066 19.192329607903957 0
      vertex -43.70159714668989 19.205840781331062 3
      vertex -43.722516529262066 19.192329607903957 3
    endloop
  endfacet
  facet normal 0.1736483008439731 -0.9848077312927641 0
    outer loop
      vertex -41.880287788808346 19.920652106404305 0
      vertex -41.85576241463423 19.924976594746113 3
      vertex -41.880287788808346 19.920652106404305 3
    endloop
  endfacet
  facet normal -0.22252083212552606 -0.974927935424031 0
    outer loop
      vertex -39.89981151372194 19.87619822472334 0
      vertex -39.87553242594004 19.870656684041023 3
      vertex -39.89981151372194 19.87619822472334 3
    endloop
  endfacet
  facet normal -0.36534127706891323 -0.9308736494657347 0
    outer loop
      vertex -39.185340352356434 19.65776064246893 0
      vertex -39.162158131599426 19.64866228401661 3
      vertex -39.185340352356434 19.65776064246893 3
    endloop
  endfacet
  facet normal -0.9396926122431262 -0.342020166796769 0
    outer loop
      vertex -48.49932178109884 12.217417128384113 3
      vertex -48.533423595130444 12.311111085116863 2
      vertex -48.49932178109884 12.217417128384113 2
    endloop
  endfacet
  facet normal -0.9479273539106637 -0.3184866272042314 0
    outer loop
      vertex -48.533423595130444 12.311111085116863 3
      vertex -48.628699727356434 12.594686105847359 2
      vertex -48.533423595130444 12.311111085116863 2
    endloop
  endfacet
  facet normal -0.9555728100677441 -0.2947551605302868 0
    outer loop
      vertex -48.628699727356434 12.594686105847359 3
      vertex -48.6580890789628 12.689964048564434 2
      vertex -48.628699727356434 12.594686105847359 2
    endloop
  endfacet
  facet normal -0.9626242432795992 -0.2708404811884276 0
    outer loop
      vertex -48.6580890789628 12.689964048564434 3
      vertex -48.73911164700985 12.97793535888195 2
      vertex -48.6580890789628 12.689964048564434 2
    endloop
  endfacet
  facet normal -0.9690772970546554 -0.24675735517557176 0
    outer loop
      vertex -48.73911164700985 12.97793535888195 3
      vertex -48.763715252280235 13.074559815227985 2
      vertex -48.73911164700985 12.97793535888195 2
    endloop
  endfacet
  facet normal -0.9749279077920526 -0.22252095318915643 0
    outer loop
      vertex -48.763715252280235 13.074559815227985 3
      vertex -48.83028294146061 13.366211891174316 2
      vertex -48.763715252280235 13.074559815227985 2
    endloop
  endfacet
  facet normal -0.9801724900997719 -0.1981461320632136 0
    outer loop
      vertex -48.83028294146061 13.366211891174316 3
      vertex -48.85003961622715 13.463942535221577 2
      vertex -48.83028294146061 13.366211891174316 2
    endloop
  endfacet
  facet normal -0.9848077547852073 -0.17364816761175153 0
    outer loop
      vertex -48.85003961622715 13.463942535221577 3
      vertex -48.90198688209057 13.758550137281418 2
      vertex -48.85003961622715 13.463942535221577 2
    endloop
  endfacet
  facet normal -0.9888308243483663 -0.14904227862767774 0
    outer loop
      vertex -48.90198688209057 13.758550137281418 3
      vertex -48.91684754937887 13.857144214212894 2
      vertex -48.90198688209057 13.758550137281418 2
    endloop
  endfacet
  facet normal -0.992239205726027 -0.12434371162299696 0
    outer loop
      vertex -48.91684754937887 13.857144214212894 3
      vertex -48.95404528081417 14.153975047171116 2
      vertex -48.91684754937887 13.857144214212894 2
    endloop
  endfacet
  facet normal -0.995030774408474 -0.0995678561588656 0
    outer loop
      vertex -48.95404528081417 14.153975047171116 3
      vertex -48.96397291868925 14.253186836838722 2
      vertex -48.95404528081417 14.153975047171116 2
    endloop
  endfacet
  facet normal -0.9972037976466248 -0.07473008737549636 0
    outer loop
      vertex -48.96397291868925 14.253186836838722 3
      vertex -48.98632863909006 14.551503218710423 2
      vertex -48.96397291868925 14.253186836838722 2
    endloop
  endfacet
  facet normal -0.9987569213711119 -0.04984588261129118 0
    outer loop
      vertex -48.98632863909006 14.551503218710423 3
      vertex -48.991298638284206 14.65108659118414 2
      vertex -48.98632863909006 14.551503218710423 2
    endloop
  endfacet
  facet normal -0.9996891816332153 -0.02493070647839905 0
    outer loop
      vertex -48.991298638284206 14.65108659118414 3
      vertex -48.99875672906637 14.950146414339542 2
      vertex -48.991298638284206 14.65108659118414 2
    endloop
  endfacet
  facet normal 0.8660254016141214 0.5000000037590995 9.136166523284782e-16
    outer loop
      vertex -45.38406091183424 12.598389334976673 3
      vertex -45.308696377807905 12.46785413426283 2
      vertex -45.37013884220406 12.574275603272408 2
    endloop
  endfacet
  facet normal 0.8660254016141051 0.5000000037591279 0
    outer loop
      vertex -45.38406091183424 12.598389334976673 3
      vertex -45.37013884220406 12.574275603272408 2
      vertex -45.38406091183424 12.598389334976673 2
    endloop
  endfacet
  facet normal 0.8782216402111325 0.47825385588081587 0
    outer loop
      vertex -45.39597099274397 12.620259918272495 3
      vertex -45.38406091183424 12.598389334976673 2
      vertex -45.39597099274397 12.620259918272495 2
    endloop
  endfacet
  facet normal 0.9115058476348983 0.4112871134954092 2.6508982683602403e-15
    outer loop
      vertex -45.50912669301033 12.842339150607586 3
      vertex -45.51174680644377 12.848145918283214 2
      vertex -45.55915889767492 12.953221902888009 2
    endloop
  endfacet
  facet normal 0.889871795217319 0.4562106838695319 0
    outer loop
      vertex -45.49832170456648 12.81990235298872 3
      vertex -45.39597099274397 12.620259918272495 2
      vertex -45.49832170456648 12.81990235298872 2
    endloop
  endfacet
  facet normal 0.9009689278155253 0.4338836147066891 0
    outer loop
      vertex -45.50912669301033 12.842339150607586 3
      vertex -45.49832170456648 12.81990235298872 2
      vertex -45.50912669301033 12.842339150607586 2
    endloop
  endfacet
  facet normal 0.9115058476350695 0.41128711349502994 0
    outer loop
      vertex -45.50912669301033 12.842339150607586 3
      vertex -45.50912669301033 12.842339150607586 2
      vertex -45.51174680644377 12.848145918283214 2
    endloop
  endfacet
  facet normal 0.8532909372761103 0.5214351123221924 0
    outer loop
      vertex -45.271886341273785 12.404097281396389 3
      vertex -45.25890078395605 12.382847353816032 2
      vertex -45.271886341273785 12.404097281396389 2
    endloop
  endfacet
  facet normal 0.8400259280979553 0.5425462562060204 0
    outer loop
      vertex -45.25890078395605 12.382847353816032 3
      vertex -45.17315198403261 12.250082240399372 2
      vertex -45.25890078395605 12.382847353816032 2
    endloop
  endfacet
  facet normal 0.8660254016140958 0.5000000037591443 0
    outer loop
      vertex -45.271886341273785 12.404097281396389 3
      vertex -45.271886341273785 12.404097281396389 2
      vertex -45.308696377807905 12.46785413426283 2
    endloop
  endfacet
  facet normal 0.9214761739654709 0.388434886195817 0
    outer loop
      vertex -45.6110722348094 13.069783248007298 3
      vertex -45.60139869898558 13.046834915876389 2
      vertex -45.6110722348094 13.069783248007298 2
    endloop
  endfacet
  facet normal 0.9115058476348925 0.4112871134954221 0
    outer loop
      vertex -45.60139869898558 13.046834915876389 3
      vertex -45.55915889767492 12.953221902888009 2
      vertex -45.60139869898558 13.046834915876389 2
    endloop
  endfacet
  facet normal 0.9308737572681021 0.3653410023930612 0
    outer loop
      vertex -45.6110722348094 13.069783248007298 3
      vertex -45.6110722348094 13.069783248007298 2
      vertex -45.65307997643498 13.17681723550176 2
    endloop
  endfacet
  facet normal 0.939692648217283 0.34202006795857715 0
    outer loop
      vertex -45.701553516089916 13.302025198936462 3
      vertex -45.693768059233776 13.2806348266861 2
      vertex -45.701553516089916 13.302025198936462 2
    endloop
  endfacet
  facet normal 0.9479273552311646 0.3184866232739606 0
    outer loop
      vertex -45.77300561964512 13.514691598713398 3
      vertex -45.701553516089916 13.302025198936462 2
      vertex -45.77300561964512 13.514691598713398 2
    endloop
  endfacet
  facet normal 0.955572751656586 0.2947553498945535 0
    outer loop
      vertex -45.780346274375916 13.538489401340485 3
      vertex -45.77300561964512 13.514691598713398 2
      vertex -45.780346274375916 13.538489401340485 2
    endloop
  endfacet
  facet normal 0.9626242481291659 0.27084046395204325 0
    outer loop
      vertex -45.780346274375916 13.538489401340485 3
      vertex -45.780346274375916 13.538489401340485 2
      vertex -45.790089643586654 13.573119394672622 2
    endloop
  endfacet
  facet normal 0.9626242481291679 0.270840463952036 1.5180139704314709e-15
    outer loop
      vertex -45.84110899269581 13.75445294380188 3
      vertex -45.790089643586654 13.573119394672622 2
      vertex -45.82372737848636 13.692675013482713 2
    endloop
  endfacet
  facet normal 0.9626242481291615 0.27084046395205874 0
    outer loop
      vertex -45.84110899269581 13.75445294380188 3
      vertex -45.82372737848636 13.692675013482713 2
      vertex -45.84110899269581 13.75445294380188 2
    endloop
  endfacet
  facet normal 0.9690772389966179 0.24675758318376345 0
    outer loop
      vertex -45.84725421667099 13.778586737811565 3
      vertex -45.84110899269581 13.75445294380188 2
      vertex -45.84725421667099 13.778586737811565 2
    endloop
  endfacet
  facet normal 0.9749279120232239 0.22252093465118447 1.1528497571651152e-15
    outer loop
      vertex -45.89717648923397 13.997310504317284 3
      vertex -45.84725421667099 13.778586737811565 2
      vertex -45.887295228201616 13.954017871192539 2
    endloop
  endfacet
  facet normal 0.9848077548820448 0.17364816706255906 0
    outer loop
      vertex -45.94106885045767 14.242660991847515 3
      vertex -45.911833567177645 14.076859450850149 2
      vertex -45.94106885045767 14.242660991847515 2
    endloop
  endfacet
  facet normal 0.9888308434013809 0.1490421522191411 0
    outer loop
      vertex -45.94478064030409 14.267287127673626 3
      vertex -45.94106885045767 14.242660991847515 2
      vertex -45.94478064030409 14.267287127673626 2
    endloop
  endfacet
  facet normal 0.9922392055642866 0.1243437129136546 0
    outer loop
      vertex -45.94478064030409 14.267287127673626 3
      vertex -45.94478064030409 14.267287127673626 2
      vertex -45.953340549781565 14.335593579046293 2
    endloop
  endfacet
  facet normal 0.9922392055642906 0.12434371291362373 1.313174162082414e-15
    outer loop
      vertex -45.97267697751522 14.489894598722458 3
      vertex -45.953340549781565 14.335593579046293 2
      vertex -45.9687123783117 14.458257850294226 2
    endloop
  endfacet
  facet normal 0.9922392055642855 0.1243437129136646 0
    outer loop
      vertex -45.97267697751522 14.489894598722458 3
      vertex -45.9687123783117 14.458257850294226 2
      vertex -45.97267697751522 14.489894598722458 2
    endloop
  endfacet
  facet normal 0.9950307691245842 0.09956790896337235 0
    outer loop
      vertex -45.9751565605402 14.51467428356409 3
      vertex -45.97267697751522 14.489894598722458 2
      vertex -45.9751565605402 14.51467428356409 2
    endloop
  endfacet
  facet normal 0.9972037972878143 0.0747300921634901 0
    outer loop
      vertex -45.991922207176685 14.738396294414997 3
      vertex -45.9751565605402 14.51467428356409 2
      vertex -45.991922207176685 14.738396294414997 2
    endloop
  endfacet
  facet normal 0.9987569208319739 0.04984589341394487 0
    outer loop
      vertex -45.99316354095936 14.763268768787384 3
      vertex -45.991922207176685 14.738396294414997 2
      vertex -45.99316354095936 14.763268768787384 2
    endloop
  endfacet
  facet normal 0.999689181314014 0.02493071927796042 0
    outer loop
      vertex -45.99316354095936 14.763268768787384 3
      vertex -45.99316354095936 14.763268768787384 2
      vertex -45.99322781667766 14.765846140883667 2
    endloop
  endfacet
  facet normal 0.9996891813139828 0.02493071927920783 3.2170443872623153e-15
    outer loop
      vertex -45.99316354095936 14.763268768787384 3
      vertex -45.99322781667766 14.765846140883667 2
      vertex -45.99604698270559 14.878891005209073 2
    endloop
  endfacet
  facet normal -1 0 0
    outer loop
      vertex -48.99875672906637 14.950146414339542 3
      vertex -48.99875672906637 15.049853578209877 2
      vertex -48.99875672906637 14.950146414339542 2
    endloop
  endfacet
  facet normal -0.9996891816332153 0.02493070647839905 0
    outer loop
      vertex -48.99875672906637 15.049853578209877 3
      vertex -48.991298638284206 15.34891340136528 2
      vertex -48.99875672906637 15.049853578209877 2
    endloop
  endfacet
  facet normal -0.9987569213711119 0.04984588261129118 0
    outer loop
      vertex -48.991298638284206 15.34891340136528 3
      vertex -48.98632863909006 15.448496773838997 2
      vertex -48.991298638284206 15.34891340136528 2
    endloop
  endfacet
  facet normal -0.9972037976466248 0.07473008737549636 0
    outer loop
      vertex -48.98632863909006 15.448496773838997 3
      vertex -48.96397291868925 15.746813155710697 2
      vertex -48.98632863909006 15.448496773838997 2
    endloop
  endfacet
  facet normal -0.995030774408474 0.0995678561588656 0
    outer loop
      vertex -48.96397291868925 15.746813155710697 3
      vertex -48.95404528081417 15.846024945378304 2
      vertex -48.96397291868925 15.746813155710697 2
    endloop
  endfacet
  facet normal -0.992239205726027 0.12434371162299696 0
    outer loop
      vertex -48.95404528081417 15.846024945378304 3
      vertex -48.91684754937887 16.142855778336525 2
      vertex -48.95404528081417 15.846024945378304 2
    endloop
  endfacet
  facet normal -0.9888308243483663 0.14904227862767774 0
    outer loop
      vertex -48.91684754937887 16.142855778336525 3
      vertex -48.90198688209057 16.241449855268 2
      vertex -48.91684754937887 16.142855778336525 2
    endloop
  endfacet
  facet normal -0.9848077547852073 0.17364816761175153 0
    outer loop
      vertex -48.90198688209057 16.241449855268 3
      vertex -48.85003961622715 16.536057457327843 2
      vertex -48.90198688209057 16.241449855268 2
    endloop
  endfacet
  facet normal -0.9801724900997719 0.1981461320632136 0
    outer loop
      vertex -48.85003961622715 16.536057457327843 3
      vertex -48.83028294146061 16.633788101375103 2
      vertex -48.85003961622715 16.536057457327843 2
    endloop
  endfacet
  facet normal -0.9749279077920526 0.22252095318915643 0
    outer loop
      vertex -48.83028294146061 16.633788101375103 3
      vertex -48.763715252280235 16.925440177321434 2
      vertex -48.83028294146061 16.633788101375103 2
    endloop
  endfacet
  facet normal -0.9690772970546554 0.24675735517557176 0
    outer loop
      vertex -48.763715252280235 16.925440177321434 3
      vertex -48.73911164700985 17.02206463366747 2
      vertex -48.763715252280235 16.925440177321434 2
    endloop
  endfacet
  facet normal -0.9626242432795992 0.2708404811884276 0
    outer loop
      vertex -48.73911164700985 17.02206463366747 3
      vertex -48.6580890789628 17.310035943984985 2
      vertex -48.73911164700985 17.02206463366747 2
    endloop
  endfacet
  facet normal -0.9555728100677441 0.2947551605302868 0
    outer loop
      vertex -48.6580890789628 17.310035943984985 3
      vertex -48.628699727356434 17.40531388670206 2
      vertex -48.6580890789628 17.310035943984985 2
    endloop
  endfacet
  facet normal -0.9479273539106637 0.3184866272042314 0
    outer loop
      vertex -48.628699727356434 17.40531388670206 3
      vertex -48.533423595130444 17.688888907432556 2
      vertex -48.628699727356434 17.40531388670206 2
    endloop
  endfacet
  facet normal 0.9996891813139835 0.024930719279180284 0
    outer loop
      vertex -45.99875672906637 14.987548284232616 3
      vertex -45.99604698270559 14.878891005209073 2
      vertex -45.99875672906637 14.987548284232616 2
    endloop
  endfacet
  facet normal 1 0 0
    outer loop
      vertex -45.99875672906637 15.012451700866222 3
      vertex -45.99875672906637 14.987548284232616 2
      vertex -45.99875672906637 15.012451700866222 2
    endloop
  endfacet
  facet normal 0.9996891813139835 -0.024930719279180284 0
    outer loop
      vertex -45.99875672906637 15.012451700866222 3
      vertex -45.99875672906637 15.012451700866222 2
      vertex -45.99604698270559 15.121108979889765 2
    endloop
  endfacet
  facet normal 0.9996891813139832 -0.02493071927919355 1.564716036956018e-15
    outer loop
      vertex -45.99316354095936 15.236731216311455 3
      vertex -45.99604698270559 15.121108979889765 2
      vertex -45.99322781613682 15.23415386590208 2
    endloop
  endfacet
  facet normal 0.9996891813139983 -0.024930719278586824 0
    outer loop
      vertex -45.99316354095936 15.236731216311455 3
      vertex -45.99322781613682 15.23415386590208 2
      vertex -45.99316354095936 15.236731216311455 2
    endloop
  endfacet
  facet normal 0.9987569208319739 -0.04984589341394487 0
    outer loop
      vertex -45.991922207176685 15.261603690683842 3
      vertex -45.99316354095936 15.236731216311455 2
      vertex -45.991922207176685 15.261603690683842 2
    endloop
  endfacet
  facet normal 0.9972037972878143 -0.0747300921634901 0
    outer loop
      vertex -45.9751565605402 15.485325701534748 3
      vertex -45.991922207176685 15.261603690683842 2
      vertex -45.9751565605402 15.485325701534748 2
    endloop
  endfacet
  facet normal 0.9950307691245842 -0.09956790896337235 0
    outer loop
      vertex -45.97267697751522 15.510105386376381 3
      vertex -45.9751565605402 15.485325701534748 2
      vertex -45.97267697751522 15.510105386376381 2
    endloop
  endfacet
  facet normal 0.9922392055642834 -0.12434371291368145 0
    outer loop
      vertex -45.97267697751522 15.510105386376381 3
      vertex -45.97267697751522 15.510105386376381 2
      vertex -45.968712381574555 15.541742108767647 2
    endloop
  endfacet
  facet normal 0.9922392055642882 -0.12434371291364153 1.853689683430874e-15
    outer loop
      vertex -45.94478064030409 15.732712857425213 3
      vertex -45.968712381574555 15.541742108767647 2
      vertex -45.95334054124858 15.66440647414413 2
    endloop
  endfacet
  facet normal 0.9922392055642917 -0.12434371291361483 0
    outer loop
      vertex -45.94478064030409 15.732712857425213 3
      vertex -45.95334054124858 15.66440647414413 2
      vertex -45.94478064030409 15.732712857425213 2
    endloop
  endfacet
  facet normal 0.9888308434013809 -0.1490421522191411 0
    outer loop
      vertex -45.94106885045767 15.757338993251324 3
      vertex -45.94478064030409 15.732712857425213 2
      vertex -45.94106885045767 15.757338993251324 2
    endloop
  endfacet
  facet normal 0.9848077548820509 -0.17364816706252478 -3.4061101463739216e-15
    outer loop
      vertex -45.90211111307144 15.978279314935207 3
      vertex -45.94106885045767 15.757338993251324 2
      vertex -45.9118335936815 15.923140383937882 2
    endloop
  endfacet
  facet normal 0.9749279120232202 -0.2225209346512014 0
    outer loop
      vertex -45.84725421667099 16.221413247287273 3
      vertex -45.88729517302103 16.045982355668254 2
      vertex -45.84725421667099 16.221413247287273 2
    endloop
  endfacet
  facet normal 0.9690772389966179 -0.24675758318376345 0
    outer loop
      vertex -45.84110899269581 16.24554704129696 3
      vertex -45.84725421667099 16.221413247287273 2
      vertex -45.84110899269581 16.24554704129696 2
    endloop
  endfacet
  facet normal 0.9626242481291555 -0.27084046395208033 0
    outer loop
      vertex -45.84110899269581 16.24554704129696 3
      vertex -45.84110899269581 16.24554704129696 2
      vertex -45.823727405237385 16.307324876537326 2
    endloop
  endfacet
  facet normal 0.96262424812917 -0.27084046395202854 -7.59801775784453e-17
    outer loop
      vertex -45.780346274375916 16.461510583758354 3
      vertex -45.823727405237385 16.307324876537326 2
      vertex -45.79008961480154 16.426880692734603 2
    endloop
  endfacet
  facet normal 0.9626242481291694 -0.27084046395203054 0
    outer loop
      vertex -45.780346274375916 16.461510583758354 3
      vertex -45.79008961480154 16.426880692734603 2
      vertex -45.780346274375916 16.461510583758354 2
    endloop
  endfacet
  facet normal 0.955572751656586 -0.2947553498945535 0
    outer loop
      vertex -45.77300561964512 16.48530838638544 3
      vertex -45.780346274375916 16.461510583758354 2
      vertex -45.77300561964512 16.48530838638544 2
    endloop
  endfacet
  facet normal 0.9479273552311646 -0.3184866232739606 0
    outer loop
      vertex -45.701553516089916 16.697974786162376 3
      vertex -45.77300561964512 16.48530838638544 2
      vertex -45.701553516089916 16.697974786162376 2
    endloop
  endfacet
  facet normal 0.9396926482172367 -0.34202006795870427 1.7912928909916477e-15
    outer loop
      vertex -45.69303610175848 16.721376195549965 3
      vertex -45.701553516089916 16.697974786162376 2
      vertex -45.693768110783424 16.7193650167812 2
    endloop
  endfacet
  facet normal 0.9308737572680839 -0.3653410023931075 0
    outer loop
      vertex -45.6110722348094 16.93021673709154 3
      vertex -45.653079887359084 16.823182976558794 2
      vertex -45.6110722348094 16.93021673709154 2
    endloop
  endfacet
  facet normal 0.9214761739654709 -0.388434886195817 0
    outer loop
      vertex -45.60139869898558 16.95316506922245 3
      vertex -45.6110722348094 16.93021673709154 2
      vertex -45.60139869898558 16.95316506922245 2
    endloop
  endfacet
  facet normal 0.9115058476349001 -0.4112871134954051 0
    outer loop
      vertex -45.60139869898558 16.95316506922245 3
      vertex -45.60139869898558 16.95316506922245 2
      vertex -45.55915898828981 17.046777881387616 2
    endloop
  endfacet
  facet normal 0.9115058476349047 -0.411287113495395 -1.1704116900153123e-15
    outer loop
      vertex -45.50912669301033 17.157660834491253 3
      vertex -45.55915898828981 17.046777881387616 2
      vertex -45.51174675364471 17.151854183830366 2
    endloop
  endfacet
  facet normal 0.9115058476348291 -0.4112871134955624 0
    outer loop
      vertex -45.50912669301033 17.157660834491253 3
      vertex -45.51174675364471 17.151854183830366 2
      vertex -45.50912669301033 17.157660834491253 2
    endloop
  endfacet
  facet normal 0.9009689278155253 -0.4338836147066891 0
    outer loop
      vertex -45.49832170456648 17.18009763211012 3
      vertex -45.50912669301033 17.157660834491253 2
      vertex -45.49832170456648 17.18009763211012 2
    endloop
  endfacet
  facet normal 0.889871795217319 -0.4562106838695319 0
    outer loop
      vertex -45.39597099274397 17.379740066826344 3
      vertex -45.49832170456648 17.18009763211012 2
      vertex -45.39597099274397 17.379740066826344 2
    endloop
  endfacet
  facet normal 0.8782216402111325 -0.47825385588081587 0
    outer loop
      vertex -45.38406091183424 17.401610650122166 3
      vertex -45.39597099274397 17.379740066826344 2
      vertex -45.38406091183424 17.401610650122166 2
    endloop
  endfacet
  facet normal 0.8660254016141585 -0.5000000037590354 0
    outer loop
      vertex -45.38406091183424 17.401610650122166 3
      vertex -45.38406091183424 17.401610650122166 2
      vertex -45.370138915989415 17.42572425402645 2
    endloop
  endfacet
  facet normal 0.8660254016141002 -0.5000000037591364 1.6168670921908895e-15
    outer loop
      vertex -45.271886341273785 17.59590270370245 3
      vertex -45.370138915989415 17.42572425402645 2
      vertex -45.30869625898316 17.532146056646496 2
    endloop
  endfacet
  facet normal 0.8660254016141111 -0.5000000037591175 0
    outer loop
      vertex -45.271886341273785 17.59590270370245 3
      vertex -45.30869625898316 17.532146056646496 2
      vertex -45.271886341273785 17.59590270370245 2
    endloop
  endfacet
  facet normal 0.8532909372761103 -0.5214351123221924 0
    outer loop
      vertex -45.25890078395605 17.617152631282806 3
      vertex -45.271886341273785 17.59590270370245 2
      vertex -45.25890078395605 17.617152631282806 2
    endloop
  endfacet
  facet normal -0.9396926122431262 -0.342020166796769 0
    outer loop
      vertex -48.49932178109884 12.217417128384113 3
      vertex -48.533423595130444 12.311111085116863 3
      vertex -48.533423595130444 12.311111085116863 2
    endloop
  endfacet
  facet normal -0.9479273539106637 -0.3184866272042314 0
    outer loop
      vertex -48.533423595130444 12.311111085116863 3
      vertex -48.628699727356434 12.594686105847359 3
      vertex -48.628699727356434 12.594686105847359 2
    endloop
  endfacet
  facet normal -0.9555728100677441 -0.2947551605302868 0
    outer loop
      vertex -48.6580890789628 12.689964048564434 3
      vertex -48.6580890789628 12.689964048564434 2
      vertex -48.628699727356434 12.594686105847359 3
    endloop
  endfacet
  facet normal -0.9626242432795992 -0.2708404811884276 0
    outer loop
      vertex -48.6580890789628 12.689964048564434 3
      vertex -48.73911164700985 12.97793535888195 3
      vertex -48.73911164700985 12.97793535888195 2
    endloop
  endfacet
  facet normal -0.9690772970546554 -0.24675735517557176 0
    outer loop
      vertex -48.73911164700985 12.97793535888195 3
      vertex -48.763715252280235 13.074559815227985 3
      vertex -48.763715252280235 13.074559815227985 2
    endloop
  endfacet
  facet normal -0.9749279077920526 -0.22252095318915643 0
    outer loop
      vertex -48.763715252280235 13.074559815227985 3
      vertex -48.83028294146061 13.366211891174316 3
      vertex -48.83028294146061 13.366211891174316 2
    endloop
  endfacet
  facet normal -0.9801724900997719 -0.1981461320632136 0
    outer loop
      vertex -48.83028294146061 13.366211891174316 3
      vertex -48.85003961622715 13.463942535221577 3
      vertex -48.85003961622715 13.463942535221577 2
    endloop
  endfacet
  facet normal -0.9848077547852073 -0.17364816761175153 0
    outer loop
      vertex -48.85003961622715 13.463942535221577 3
      vertex -48.90198688209057 13.758550137281418 3
      vertex -48.90198688209057 13.758550137281418 2
    endloop
  endfacet
  facet normal -0.9888308243483663 -0.14904227862767774 0
    outer loop
      vertex -48.90198688209057 13.758550137281418 3
      vertex -48.91684754937887 13.857144214212894 3
      vertex -48.91684754937887 13.857144214212894 2
    endloop
  endfacet
  facet normal -0.992239205726027 -0.12434371162299696 0
    outer loop
      vertex -48.91684754937887 13.857144214212894 3
      vertex -48.95404528081417 14.153975047171116 3
      vertex -48.95404528081417 14.153975047171116 2
    endloop
  endfacet
  facet normal -0.995030774408474 -0.0995678561588656 0
    outer loop
      vertex -48.95404528081417 14.153975047171116 3
      vertex -48.96397291868925 14.253186836838722 3
      vertex -48.96397291868925 14.253186836838722 2
    endloop
  endfacet
  facet normal -0.9972037976466248 -0.07473008737549636 0
    outer loop
      vertex -48.96397291868925 14.253186836838722 3
      vertex -48.98632863909006 14.551503218710423 3
      vertex -48.98632863909006 14.551503218710423 2
    endloop
  endfacet
  facet normal -0.9987569213711119 -0.04984588261129118 0
    outer loop
      vertex -48.98632863909006 14.551503218710423 3
      vertex -48.991298638284206 14.65108659118414 3
      vertex -48.991298638284206 14.65108659118414 2
    endloop
  endfacet
  facet normal -0.9996891816332153 -0.02493070647839905 0
    outer loop
      vertex -48.991298638284206 14.65108659118414 3
      vertex -48.99875672906637 14.950146414339542 3
      vertex -48.99875672906637 14.950146414339542 2
    endloop
  endfacet
  facet normal 0.8782216402111325 0.47825385588081587 0
    outer loop
      vertex -45.38406091183424 12.598389334976673 3
      vertex -45.38406091183424 12.598389334976673 2
      vertex -45.39597099274397 12.620259918272495 3
    endloop
  endfacet
  facet normal 0.889871795217319 0.4562106838695319 0
    outer loop
      vertex -45.39597099274397 12.620259918272495 3
      vertex -45.39597099274397 12.620259918272495 2
      vertex -45.49832170456648 12.81990235298872 3
    endloop
  endfacet
  facet normal 0.9009689278155253 0.4338836147066891 0
    outer loop
      vertex -45.49832170456648 12.81990235298872 3
      vertex -45.49832170456648 12.81990235298872 2
      vertex -45.50912669301033 12.842339150607586 3
    endloop
  endfacet
  facet normal 0.840025928097962 0.5425462562060103 1.9163466248953973e-15
    outer loop
      vertex -45.13718081265688 12.194387972354889 3
      vertex -45.17315198403261 12.250082240399372 2
      vertex -45.25890078395605 12.382847353816032 3
    endloop
  endfacet
  facet normal 0.8532909372761103 0.5214351123221924 0
    outer loop
      vertex -45.25890078395605 12.382847353816032 3
      vertex -45.25890078395605 12.382847353816032 2
      vertex -45.271886341273785 12.404097281396389 3
    endloop
  endfacet
  facet normal 0.866025401614111 0.5000000037591177 -2.2603256230782435e-15
    outer loop
      vertex -45.38406091183424 12.598389334976673 3
      vertex -45.271886341273785 12.404097281396389 3
      vertex -45.308696377807905 12.46785413426283 2
    endloop
  endfacet
  facet normal 0.9115058476349004 0.4112871134954043 1.995483153857224e-15
    outer loop
      vertex -45.50912669301033 12.842339150607586 3
      vertex -45.55915889767492 12.953221902888009 2
      vertex -45.60139869898558 13.046834915876389 3
    endloop
  endfacet
  facet normal 0.9214761739654709 0.388434886195817 0
    outer loop
      vertex -45.6110722348094 13.069783248007298 3
      vertex -45.60139869898558 13.046834915876389 3
      vertex -45.60139869898558 13.046834915876389 2
    endloop
  endfacet
  facet normal 0.930873757268094 0.3653410023930818 2.5492112067901526e-15
    outer loop
      vertex -45.6110722348094 13.069783248007298 3
      vertex -45.65307997643498 13.17681723550176 2
      vertex -45.69303610175848 13.278623789548874 3
    endloop
  endfacet
  facet normal 0.9396926482172613 0.34202006795863665 -1.4419061324972474e-15
    outer loop
      vertex -45.701553516089916 13.302025198936462 3
      vertex -45.69303610175848 13.278623789548874 3
      vertex -45.693768059233776 13.2806348266861 2
    endloop
  endfacet
  facet normal 0.9479273552311646 0.3184866232739606 0
    outer loop
      vertex -45.701553516089916 13.302025198936462 3
      vertex -45.701553516089916 13.302025198936462 2
      vertex -45.77300561964512 13.514691598713398 3
    endloop
  endfacet
  facet normal 0.955572751656586 0.2947553498945535 0
    outer loop
      vertex -45.77300561964512 13.514691598713398 3
      vertex -45.77300561964512 13.514691598713398 2
      vertex -45.780346274375916 13.538489401340485 3
    endloop
  endfacet
  facet normal 0.9626242481291657 0.27084046395204364 1.6608508001987906e-17
    outer loop
      vertex -45.780346274375916 13.538489401340485 3
      vertex -45.790089643586654 13.573119394672622 2
      vertex -45.84110899269581 13.75445294380188 3
    endloop
  endfacet
  facet normal 0.9690772389966179 0.24675758318376345 0
    outer loop
      vertex -45.84110899269581 13.75445294380188 3
      vertex -45.84110899269581 13.75445294380188 2
      vertex -45.84725421667099 13.778586737811565 3
    endloop
  endfacet
  facet normal 0.9749279120232229 0.2225209346511895 0
    outer loop
      vertex -45.84725421667099 13.778586737811565 3
      vertex -45.84725421667099 13.778586737811565 2
      vertex -45.89717648923397 13.997310504317284 3
    endloop
  endfacet
  facet normal 0.9848077548820482 0.17364816706253974 3.3035319087432613e-15
    outer loop
      vertex -45.90211111307144 14.021720670163631 3
      vertex -45.911833567177645 14.076859450850149 2
      vertex -45.94106885045767 14.242660991847515 3
    endloop
  endfacet
  facet normal 0.9888308434013809 0.1490421522191411 0
    outer loop
      vertex -45.94106885045767 14.242660991847515 3
      vertex -45.94106885045767 14.242660991847515 2
      vertex -45.94478064030409 14.267287127673626 3
    endloop
  endfacet
  facet normal 0.9922392055642886 0.124343712913639 -1.0827678960475777e-15
    outer loop
      vertex -45.94478064030409 14.267287127673626 3
      vertex -45.953340549781565 14.335593579046293 2
      vertex -45.97267697751522 14.489894598722458 3
    endloop
  endfacet
  facet normal 0.9950307691245842 0.09956790896337235 0
    outer loop
      vertex -45.97267697751522 14.489894598722458 3
      vertex -45.97267697751522 14.489894598722458 2
      vertex -45.9751565605402 14.51467428356409 3
    endloop
  endfacet
  facet normal 0.9972037972878143 0.0747300921634901 0
    outer loop
      vertex -45.9751565605402 14.51467428356409 3
      vertex -45.9751565605402 14.51467428356409 2
      vertex -45.991922207176685 14.738396294414997 3
    endloop
  endfacet
  facet normal 0.9987569208319739 0.04984589341394487 0
    outer loop
      vertex -45.991922207176685 14.738396294414997 3
      vertex -45.991922207176685 14.738396294414997 2
      vertex -45.99316354095936 14.763268768787384 3
    endloop
  endfacet
  facet normal 0.9996891813139835 0.02493071927918015 1.4497960458482654e-17
    outer loop
      vertex -45.99316354095936 14.763268768787384 3
      vertex -45.99604698270559 14.878891005209073 2
      vertex -45.99875672906637 14.987548284232616 3
    endloop
  endfacet
  facet normal 0 0 1
    outer loop
      vertex -48.49932178109884 12.217417128384113 3
      vertex -45.701553516089916 13.302025198936462 3
      vertex -48.533423595130444 12.311111085116863 3
    endloop
  endfacet
  facet normal 0 0 1
    outer loop
      vertex -48.533423595130444 12.311111085116863 3
      vertex -45.77300561964512 13.514691598713398 3
      vertex -48.628699727356434 12.594686105847359 3
    endloop
  endfacet
  facet normal 0 0 1
    outer loop
      vertex -48.6580890789628 12.689964048564434 3
      vertex -48.628699727356434 12.594686105847359 3
      vertex -45.780346274375916 13.538489401340485 3
    endloop
  endfacet
  facet normal 0 0 1
    outer loop
      vertex -48.6580890789628 12.689964048564434 3
      vertex -45.84110899269581 13.75445294380188 3
      vertex -48.73911164700985 12.97793535888195 3
    endloop
  endfacet
  facet normal 0 0 1
    outer loop
      vertex -48.73911164700985 12.97793535888195 3
      vertex -45.84725421667099 13.778586737811565 3
      vertex -48.763715252280235 13.074559815227985 3
    endloop
  endfacet
  facet normal 0 0 1
    outer loop
      vertex -48.763715252280235 13.074559815227985 3
      vertex -45.89717648923397 13.997310504317284 3
      vertex -48.83028294146061 13.366211891174316 3
    endloop
  endfacet
  facet normal 0 0 1
    outer loop
      vertex -48.35129916667938 11.847065635025501 3
      vertex -45.6110722348094 13.069783248007298 3
      vertex -48.390028946101665 11.938943512737751 3
    endloop
  endfacet
  facet normal 0 0 1
    outer loop
      vertex -48.390028946101665 11.938943512737751 3
      vertex -45.69303610175848 13.278623789548874 3
      vertex -48.49932178109884 12.217417128384113 3
    endloop
  endfacet
  facet normal 0 0 1
    outer loop
      vertex -48.22826138883829 11.574385911226273 3
      vertex -45.50912669301033 12.842339150607586 3
      vertex -45.60139869898558 13.046834915876389 3
    endloop
  endfacet
  facet normal 0 0 1
    outer loop
      vertex -48.18500018119812 11.484553083777428 3
      vertex -45.49832170456648 12.81990235298872 3
      vertex -45.50912669301033 12.842339150607586 3
    endloop
  endfacet
  facet normal 0 0 1
    outer loop
      vertex -48.35129916667938 11.847065635025501 3
      vertex -45.60139869898558 13.046834915876389 3
      vertex -45.6110722348094 13.069783248007298 3
    endloop
  endfacet
  facet normal 0 0 1
    outer loop
      vertex -48.390028946101665 11.938943512737751 3
      vertex -45.6110722348094 13.069783248007298 3
      vertex -45.69303610175848 13.278623789548874 3
    endloop
  endfacet
  facet normal 0 0 1
    outer loop
      vertex -48.73911164700985 12.97793535888195 3
      vertex -45.84110899269581 13.75445294380188 3
      vertex -45.84725421667099 13.778586737811565 3
    endloop
  endfacet
  facet normal 0 0 1
    outer loop
      vertex -48.49932178109884 12.217417128384113 3
      vertex -45.69303610175848 13.278623789548874 3
      vertex -45.701553516089916 13.302025198936462 3
    endloop
  endfacet
  facet normal 0 0 1
    outer loop
      vertex -48.533423595130444 12.311111085116863 3
      vertex -45.701553516089916 13.302025198936462 3
      vertex -45.77300561964512 13.514691598713398 3
    endloop
  endfacet
  facet normal 0 0 1
    outer loop
      vertex -48.628699727356434 12.594686105847359 3
      vertex -45.77300561964512 13.514691598713398 3
      vertex -45.780346274375916 13.538489401340485 3
    endloop
  endfacet
  facet normal 0 0 1
    outer loop
      vertex -48.6580890789628 12.689964048564434 3
      vertex -45.780346274375916 13.538489401340485 3
      vertex -45.84110899269581 13.75445294380188 3
    endloop
  endfacet
  facet normal 0 0 1
    outer loop
      vertex -48.85003961622715 13.463942535221577 3
      vertex -45.94106885045767 14.242660991847515 3
      vertex -48.90198688209057 13.758550137281418 3
    endloop
  endfacet
  facet normal 0 0 1
    outer loop
      vertex -48.83028294146061 13.366211891174316 3
      vertex -45.90211111307144 14.021720670163631 3
      vertex -48.85003961622715 13.463942535221577 3
    endloop
  endfacet
  facet normal 0 0 1
    outer loop
      vertex -48.90198688209057 13.758550137281418 3
      vertex -45.94478064030409 14.267287127673626 3
      vertex -48.91684754937887 13.857144214212894 3
    endloop
  endfacet
  facet normal 0 0 1
    outer loop
      vertex -48.91684754937887 13.857144214212894 3
      vertex -45.97267697751522 14.489894598722458 3
      vertex -48.95404528081417 14.153975047171116 3
    endloop
  endfacet
  facet normal 0 0 1
    outer loop
      vertex -48.95404528081417 14.153975047171116 3
      vertex -45.9751565605402 14.51467428356409 3
      vertex -48.96397291868925 14.253186836838722 3
    endloop
  endfacet
  facet normal 0 0 1
    outer loop
      vertex -48.96397291868925 14.253186836838722 3
      vertex -45.991922207176685 14.738396294414997 3
      vertex -48.98632863909006 14.551503218710423 3
    endloop
  endfacet
  facet normal 0 0 1
    outer loop
      vertex -48.98632863909006 14.551503218710423 3
      vertex -45.99316354095936 14.763268768787384 3
      vertex -48.991298638284206 14.65108659118414 3
    endloop
  endfacet
  facet normal 0 0 1
    outer loop
      vertex -48.991298638284206 14.65108659118414 3
      vertex -45.99875672906637 14.987548284232616 3
      vertex -48.99875672906637 14.950146414339542 3
    endloop
  endfacet
  facet normal 0 0 1
    outer loop
      vertex -48.763715252280235 13.074559815227985 3
      vertex -45.84725421667099 13.778586737811565 3
      vertex -45.89717648923397 13.997310504317284 3
    endloop
  endfacet
  facet normal 0 0 1
    outer loop
      vertex -48.83028294146061 13.366211891174316 3
      vertex -45.89717648923397 13.997310504317284 3
      vertex -45.90211111307144 14.021720670163631 3
    endloop
  endfacet
  facet normal 0 0 1
    outer loop
      vertex -48.85003961622715 13.463942535221577 3
      vertex -45.90211111307144 14.021720670163631 3
      vertex -45.94106885045767 14.242660991847515 3
    endloop
  endfacet
  facet normal 0 0 1
    outer loop
      vertex -48.90198688209057 13.758550137281418 3
      vertex -45.94106885045767 14.242660991847515 3
      vertex -45.94478064030409 14.267287127673626 3
    endloop
  endfacet
  facet normal 0 0 1
    outer loop
      vertex -48.91684754937887 13.857144214212894 3
      vertex -45.94478064030409 14.267287127673626 3
      vertex -45.97267697751522 14.489894598722458 3
    endloop
  endfacet
  facet normal 0 0 1
    outer loop
      vertex -48.95404528081417 14.153975047171116 3
      vertex -45.97267697751522 14.489894598722458 3
      vertex -45.9751565605402 14.51467428356409 3
    endloop
  endfacet
  facet normal 0 0 1
    outer loop
      vertex -48.96397291868925 14.253186836838722 3
      vertex -45.9751565605402 14.51467428356409 3
      vertex -45.991922207176685 14.738396294414997 3
    endloop
  endfacet
  facet normal 0 0 1
    outer loop
      vertex -48.98632863909006 14.551503218710423 3
      vertex -45.991922207176685 14.738396294414997 3
      vertex -45.99316354095936 14.763268768787384 3
    endloop
  endfacet
  facet normal 0 0 1
    outer loop
      vertex -48.991298638284206 14.65108659118414 3
      vertex -45.99316354095936 14.763268768787384 3
      vertex -45.99875672906637 14.987548284232616 3
    endloop
  endfacet
  facet normal -1 0 0
    outer loop
      vertex -48.99875672906637 14.950146414339542 3
      vertex -48.99875672906637 15.049853578209877 3
      vertex -48.99875672906637 15.049853578209877 2
    endloop
  endfacet
  facet normal -0.9996891816332153 0.02493070647839905 0
    outer loop
      vertex -48.99875672906637 15.049853578209877 3
      vertex -48.991298638284206 15.34891340136528 3
      vertex -48.991298638284206 15.34891340136528 2
    endloop
  endfacet
  facet normal -0.9987569213711119 0.04984588261129118 0
    outer loop
      vertex -48.991298638284206 15.34891340136528 3
      vertex -48.98632863909006 15.448496773838997 3
      vertex -48.98632863909006 15.448496773838997 2
    endloop
  endfacet
  facet normal -0.9972037976466248 0.07473008737549636 0
    outer loop
      vertex -48.98632863909006 15.448496773838997 3
      vertex -48.96397291868925 15.746813155710697 3
      vertex -48.96397291868925 15.746813155710697 2
    endloop
  endfacet
  facet normal -0.995030774408474 0.0995678561588656 0
    outer loop
      vertex -48.96397291868925 15.746813155710697 3
      vertex -48.95404528081417 15.846024945378304 3
      vertex -48.95404528081417 15.846024945378304 2
    endloop
  endfacet
  facet normal -0.992239205726027 0.12434371162299696 0
    outer loop
      vertex -48.95404528081417 15.846024945378304 3
      vertex -48.91684754937887 16.142855778336525 3
      vertex -48.91684754937887 16.142855778336525 2
    endloop
  endfacet
  facet normal -0.9888308243483663 0.14904227862767774 0
    outer loop
      vertex -48.91684754937887 16.142855778336525 3
      vertex -48.90198688209057 16.241449855268 3
      vertex -48.90198688209057 16.241449855268 2
    endloop
  endfacet
  facet normal -0.9848077547852073 0.17364816761175153 0
    outer loop
      vertex -48.90198688209057 16.241449855268 3
      vertex -48.85003961622715 16.536057457327843 3
      vertex -48.85003961622715 16.536057457327843 2
    endloop
  endfacet
  facet normal -0.9801724900997719 0.1981461320632136 0
    outer loop
      vertex -48.85003961622715 16.536057457327843 3
      vertex -48.83028294146061 16.633788101375103 3
      vertex -48.83028294146061 16.633788101375103 2
    endloop
  endfacet
  facet normal -0.9749279077920526 0.22252095318915643 0
    outer loop
      vertex -48.83028294146061 16.633788101375103 3
      vertex -48.763715252280235 16.925440177321434 3
      vertex -48.763715252280235 16.925440177321434 2
    endloop
  endfacet
  facet normal -0.9690772970546554 0.24675735517557176 0
    outer loop
      vertex -48.763715252280235 16.925440177321434 3
      vertex -48.73911164700985 17.02206463366747 3
      vertex -48.73911164700985 17.02206463366747 2
    endloop
  endfacet
  facet normal -0.9626242432795992 0.2708404811884276 0
    outer loop
      vertex -48.73911164700985 17.02206463366747 3
      vertex -48.6580890789628 17.310035943984985 3
      vertex -48.6580890789628 17.310035943984985 2
    endloop
  endfacet
  facet normal -0.9555728100677441 0.2947551605302868 0
    outer loop
      vertex -48.6580890789628 17.310035943984985 3
      vertex -48.628699727356434 17.40531388670206 3
      vertex -48.628699727356434 17.40531388670206 2
    endloop
  endfacet
  facet normal -0.9479273539106637 0.3184866272042314 0
    outer loop
      vertex -48.628699727356434 17.40531388670206 3
      vertex -48.533423595130444 17.688888907432556 3
      vertex -48.533423595130444 17.688888907432556 2
    endloop
  endfacet
  facet normal 1 0 0
    outer loop
      vertex -45.99875672906637 14.987548284232616 3
      vertex -45.99875672906637 14.987548284232616 2
      vertex -45.99875672906637 15.012451700866222 3
    endloop
  endfacet
  facet normal 0.9996891813139835 -0.02493071927918015 1.4497960458482654e-17
    outer loop
      vertex -45.99875672906637 15.012451700866222 3
      vertex -45.99604698270559 15.121108979889765 2
      vertex -45.99316354095936 15.236731216311455 3
    endloop
  endfacet
  facet normal 0.9987569208319739 -0.04984589341394487 0
    outer loop
      vertex -45.99316354095936 15.236731216311455 3
      vertex -45.99316354095936 15.236731216311455 2
      vertex -45.991922207176685 15.261603690683842 3
    endloop
  endfacet
  facet normal 0.9972037972878143 -0.0747300921634901 0
    outer loop
      vertex -45.991922207176685 15.261603690683842 3
      vertex -45.991922207176685 15.261603690683842 2
      vertex -45.9751565605402 15.485325701534748 3
    endloop
  endfacet
  facet normal 0.9950307691245842 -0.09956790896337235 0
    outer loop
      vertex -45.9751565605402 15.485325701534748 3
      vertex -45.9751565605402 15.485325701534748 2
      vertex -45.97267697751522 15.510105386376381 3
    endloop
  endfacet
  facet normal 0.9922392055642886 -0.124343712913639 1.3630928182690334e-15
    outer loop
      vertex -45.97267697751522 15.510105386376381 3
      vertex -45.968712381574555 15.541742108767647 2
      vertex -45.94478064030409 15.732712857425213 3
    endloop
  endfacet
  facet normal 0.9888308434013809 -0.1490421522191411 0
    outer loop
      vertex -45.94478064030409 15.732712857425213 3
      vertex -45.94478064030409 15.732712857425213 2
      vertex -45.94106885045767 15.757338993251324 3
    endloop
  endfacet
  facet normal 0.9848077548820482 -0.17364816706253974 0
    outer loop
      vertex -45.94106885045767 15.757338993251324 3
      vertex -45.94106885045767 15.757338993251324 2
      vertex -45.90211111307144 15.978279314935207 3
    endloop
  endfacet
  facet normal 0.9749279120232229 -0.2225209346511895 -2.2020907330260575e-15
    outer loop
      vertex -45.89717648923397 16.002689480781555 3
      vertex -45.88729517302103 16.045982355668254 2
      vertex -45.84725421667099 16.221413247287273 3
    endloop
  endfacet
  facet normal 0.9690772389966179 -0.24675758318376345 0
    outer loop
      vertex -45.84725421667099 16.221413247287273 3
      vertex -45.84725421667099 16.221413247287273 2
      vertex -45.84110899269581 16.24554704129696 3
    endloop
  endfacet
  facet normal 0.9626242481291657 -0.27084046395204364 2.4425436890375224e-15
    outer loop
      vertex -45.84110899269581 16.24554704129696 3
      vertex -45.823727405237385 16.307324876537326 2
      vertex -45.780346274375916 16.461510583758354 3
    endloop
  endfacet
  facet normal 0.955572751656586 -0.2947553498945535 0
    outer loop
      vertex -45.780346274375916 16.461510583758354 3
      vertex -45.780346274375916 16.461510583758354 2
      vertex -45.77300561964512 16.48530838638544 3
    endloop
  endfacet
  facet normal 0.9479273552311646 -0.3184866232739606 0
    outer loop
      vertex -45.77300561964512 16.48530838638544 3
      vertex -45.77300561964512 16.48530838638544 2
      vertex -45.701553516089916 16.697974786162376 3
    endloop
  endfacet
  facet normal 0.9396926482172613 -0.34202006795863665 0
    outer loop
      vertex -45.701553516089916 16.697974786162376 3
      vertex -45.701553516089916 16.697974786162376 2
      vertex -45.69303610175848 16.721376195549965 3
    endloop
  endfacet
  facet normal 0.930873757268094 -0.3653410023930818 -3.1767165452616765e-15
    outer loop
      vertex -45.69303610175848 16.721376195549965 3
      vertex -45.653079887359084 16.823182976558794 2
      vertex -45.6110722348094 16.93021673709154 3
    endloop
  endfacet
  facet normal 0.9214761739654709 -0.388434886195817 0
    outer loop
      vertex -45.6110722348094 16.93021673709154 3
      vertex -45.6110722348094 16.93021673709154 2
      vertex -45.60139869898558 16.95316506922245 3
    endloop
  endfacet
  facet normal 0.9115058476349004 -0.4112871134954043 8.35166060443041e-17
    outer loop
      vertex -45.60139869898558 16.95316506922245 3
      vertex -45.55915898828981 17.046777881387616 2
      vertex -45.50912669301033 17.157660834491253 3
    endloop
  endfacet
  facet normal 0.9009689278155253 -0.4338836147066891 0
    outer loop
      vertex -45.50912669301033 17.157660834491253 3
      vertex -45.50912669301033 17.157660834491253 2
      vertex -45.49832170456648 17.18009763211012 3
    endloop
  endfacet
  facet normal 0.889871795217319 -0.4562106838695319 0
    outer loop
      vertex -45.49832170456648 17.18009763211012 3
      vertex -45.49832170456648 17.18009763211012 2
      vertex -45.39597099274397 17.379740066826344 3
    endloop
  endfacet
  facet normal 0.8782216402111325 -0.47825385588081587 0
    outer loop
      vertex -45.39597099274397 17.379740066826344 3
      vertex -45.39597099274397 17.379740066826344 2
      vertex -45.38406091183424 17.401610650122166 3
    endloop
  endfacet
  facet normal 0.866025401614111 -0.5000000037591177 -2.6431748460584626e-15
    outer loop
      vertex -45.38406091183424 17.401610650122166 3
      vertex -45.370138915989415 17.42572425402645 2
      vertex -45.271886341273785 17.59590270370245 3
    endloop
  endfacet
  facet normal 0.8532909372761103 -0.5214351123221924 0
    outer loop
      vertex -45.271886341273785 17.59590270370245 3
      vertex -45.271886341273785 17.59590270370245 2
      vertex -45.25890078395605 17.617152631282806 3
    endloop
  endfacet
  facet normal 0 0 1
    outer loop
      vertex -48.99875672906637 14.950146414339542 3
      vertex -45.99875672906637 15.012451700866222 3
      vertex -48.99875672906637 15.049853578209877 3
    endloop
  endfacet
  facet normal 0 0 1
    outer loop
      vertex -48.99875672906637 15.049853578209877 3
      vertex -45.99316354095936 15.236731216311455 3
      vertex -48.991298638284206 15.34891340136528 3
    endloop
  endfacet
  facet normal 0 0 1
    outer loop
      vertex -48.991298638284206 15.34891340136528 3
      vertex -45.991922207176685 15.261603690683842 3
      vertex -48.98632863909006 15.448496773838997 3
    endloop
  endfacet
  facet normal 0 0 1
    outer loop
      vertex -48.98632863909006 15.448496773838997 3
      vertex -45.9751565605402 15.485325701534748 3
      vertex -48.96397291868925 15.746813155710697 3
    endloop
  endfacet
  facet normal 0 0 1
    outer loop
      vertex -48.96397291868925 15.746813155710697 3
      vertex -45.97267697751522 15.510105386376381 3
      vertex -48.95404528081417 15.846024945378304 3
    endloop
  endfacet
  facet normal 0 0 1
    outer loop
      vertex -48.95404528081417 15.846024945378304 3
      vertex -45.94478064030409 15.732712857425213 3
      vertex -48.91684754937887 16.142855778336525 3
    endloop
  endfacet
  facet normal 0 0 1
    outer loop
      vertex -48.91684754937887 16.142855778336525 3
      vertex -45.94106885045767 15.757338993251324 3
      vertex -48.90198688209057 16.241449855268 3
    endloop
  endfacet
  facet normal 0 0 1
    outer loop
      vertex -48.90198688209057 16.241449855268 3
      vertex -45.90211111307144 15.978279314935207 3
      vertex -48.85003961622715 16.536057457327843 3
    endloop
  endfacet
  facet normal 0 0 1
    outer loop
      vertex -48.99875672906637 14.950146414339542 3
      vertex -45.99875672906637 14.987548284232616 3
      vertex -45.99875672906637 15.012451700866222 3
    endloop
  endfacet
  facet normal 0 0 1
    outer loop
      vertex -48.99875672906637 15.049853578209877 3
      vertex -45.99875672906637 15.012451700866222 3
      vertex -45.99316354095936 15.236731216311455 3
    endloop
  endfacet
  facet normal 0 0 1
    outer loop
      vertex -48.991298638284206 15.34891340136528 3
      vertex -45.99316354095936 15.236731216311455 3
      vertex -45.991922207176685 15.261603690683842 3
    endloop
  endfacet
  facet normal 0 0 1
    outer loop
      vertex -48.98632863909006 15.448496773838997 3
      vertex -45.991922207176685 15.261603690683842 3
      vertex -45.9751565605402 15.485325701534748 3
    endloop
  endfacet
  facet normal 0 0 1
    outer loop
      vertex -48.96397291868925 15.746813155710697 3
      vertex -45.9751565605402 15.485325701534748 3
      vertex -45.97267697751522 15.510105386376381 3
    endloop
  endfacet
  facet normal 0 0 1
    outer loop
      vertex -48.95404528081417 15.846024945378304 3
      vertex -45.97267697751522 15.510105386376381 3
      vertex -45.94478064030409 15.732712857425213 3
    endloop
  endfacet
  facet normal 0 0 1
    outer loop
      vertex -48.91684754937887 16.142855778336525 3
      vertex -45.94478064030409 15.732712857425213 3
      vertex -45.94106885045767 15.757338993251324 3
    endloop
  endfacet
  facet normal 0 0 1
    outer loop
      vertex -48.90198688209057 16.241449855268 3
      vertex -45.94106885045767 15.757338993251324 3
      vertex -45.90211111307144 15.978279314935207 3
    endloop
  endfacet
  facet normal 0 0 1
    outer loop
      vertex -48.85003961622715 16.536057457327843 3
      vertex -45.90211111307144 15.978279314935207 3
      vertex -45.89717648923397 16.002689480781555 3
    endloop
  endfacet
  facet normal 0 0 1
    outer loop
      vertex -48.85003961622715 16.536057457327843 3
      vertex -45.89717648923397 16.002689480781555 3
      vertex -48.83028294146061 16.633788101375103 3
    endloop
  endfacet
  facet normal 0 0 1
    outer loop
      vertex -48.83028294146061 16.633788101375103 3
      vertex -45.84725421667099 16.221413247287273 3
      vertex -48.763715252280235 16.925440177321434 3
    endloop
  endfacet
  facet normal 0 0 1
    outer loop
      vertex -48.763715252280235 16.925440177321434 3
      vertex -45.84110899269581 16.24554704129696 3
      vertex -48.73911164700985 17.02206463366747 3
    endloop
  endfacet
  facet normal 0 0 1
    outer loop
      vertex -48.73911164700985 17.02206463366747 3
      vertex -45.780346274375916 16.461510583758354 3
      vertex -48.6580890789628 17.310035943984985 3
    endloop
  endfacet
  facet normal 0 0 1
    outer loop
      vertex -48.6580890789628 17.310035943984985 3
      vertex -45.77300561964512 16.48530838638544 3
      vertex -48.628699727356434 17.40531388670206 3
    endloop
  endfacet
  facet normal 0 0 1
    outer loop
      vertex -48.628699727356434 17.40531388670206 3
      vertex -45.701553516089916 16.697974786162376 3
      vertex -48.533423595130444 17.688888907432556 3
    endloop
  endfacet
  facet normal 0 0 1
    outer loop
      vertex -45.69303610175848 16.721376195549965 3
      vertex -48.49932178109884 17.782582864165306 3
      vertex -48.533423595130444 17.688888907432556 3
    endloop
  endfacet
  facet normal 0 0 1
    outer loop
      vertex -48.83028294146061 16.633788101375103 3
      vertex -45.89717648923397 16.002689480781555 3
      vertex -45.84725421667099 16.221413247287273 3
    endloop
  endfacet
  facet normal 0 0 1
    outer loop
      vertex -48.763715252280235 16.925440177321434 3
      vertex -45.84725421667099 16.221413247287273 3
      vertex -45.84110899269581 16.24554704129696 3
    endloop
  endfacet
  facet normal 0 0 1
    outer loop
      vertex -48.73911164700985 17.02206463366747 3
      vertex -45.84110899269581 16.24554704129696 3
      vertex -45.780346274375916 16.461510583758354 3
    endloop
  endfacet
  facet normal 0 0 1
    outer loop
      vertex -48.6580890789628 17.310035943984985 3
      vertex -45.780346274375916 16.461510583758354 3
      vertex -45.77300561964512 16.48530838638544 3
    endloop
  endfacet
  facet normal 0 0 1
    outer loop
      vertex -48.628699727356434 17.40531388670206 3
      vertex -45.77300561964512 16.48530838638544 3
      vertex -45.701553516089916 16.697974786162376 3
    endloop
  endfacet
  facet normal 0 0 1
    outer loop
      vertex -45.6110722348094 16.93021673709154 3
      vertex -48.390028946101665 18.06105647981167 3
      vertex -48.49932178109884 17.782582864165306 3
    endloop
  endfacet
  facet normal 0 0 1
    outer loop
      vertex -45.701553516089916 16.697974786162376 3
      vertex -45.69303610175848 16.721376195549965 3
      vertex -48.533423595130444 17.688888907432556 3
    endloop
  endfacet
  facet normal 0 0 1
    outer loop
      vertex -45.69303610175848 16.721376195549965 3
      vertex -45.6110722348094 16.93021673709154 3
      vertex -48.49932178109884 17.782582864165306 3
    endloop
  endfacet
  facet normal 0 0 1
    outer loop
      vertex -45.6110722348094 16.93021673709154 3
      vertex -45.60139869898558 16.95316506922245 3
      vertex -48.390028946101665 18.06105647981167 3
    endloop
  endfacet
  facet normal 0 0 1
    outer loop
      vertex -45.60139869898558 16.95316506922245 3
      vertex -45.50912669301033 17.157660834491253 3
      vertex -48.35129916667938 18.152934357523918 3
    endloop
  endfacet
  facet normal 0 0 1
    outer loop
      vertex -45.50912669301033 17.157660834491253 3
      vertex -45.49832170456648 17.18009763211012 3
      vertex -48.22826138883829 18.425614081323147 3
    endloop
  endfacet
  facet normal -0.9396926122431262 0.342020166796769 0
    outer loop
      vertex -48.533423595130444 17.688888907432556 3
      vertex -48.49932178109884 17.782582864165306 2
      vertex -48.533423595130444 17.688888907432556 2
    endloop
  endfacet
  facet normal -0.9308737547327313 0.36534100885308096 0
    outer loop
      vertex -48.49932178109884 17.782582864165306 3
      vertex -48.390028946101665 18.06105647981167 2
      vertex -48.49932178109884 17.782582864165306 2
    endloop
  endfacet
  facet normal -0.9214761895971736 0.3884348491130448 0
    outer loop
      vertex -48.390028946101665 18.06105647981167 3
      vertex -48.35129916667938 18.152934357523918 2
      vertex -48.390028946101665 18.06105647981167 2
    endloop
  endfacet
  facet normal -0.9115058511104243 0.41128710579285227 0
    outer loop
      vertex -48.35129916667938 18.152934357523918 3
      vertex -48.22826138883829 18.425614081323147 2
      vertex -48.35129916667938 18.152934357523918 2
    endloop
  endfacet
  facet normal -0.9009688757237552 0.43388372287638616 0
    outer loop
      vertex -48.22826138883829 18.425614081323147 3
      vertex -48.18500018119812 18.51544690877199 2
      vertex -48.22826138883829 18.425614081323147 2
    endloop
  endfacet
  facet normal -0.8898718071964311 0.4562106605034103 0
    outer loop
      vertex -48.18500018119812 18.51544690877199 3
      vertex -48.048523373901844 18.78165476769209 2
      vertex -48.18500018119812 18.51544690877199 2
    endloop
  endfacet
  facet normal -0.8782215666562501 0.47825399095025006 0
    outer loop
      vertex -48.048523373901844 18.78165476769209 3
      vertex -48.00083804875612 18.869219705462456 2
      vertex -48.048523373901844 18.78165476769209 2
    endloop
  endfacet
  facet normal -0.8660254038162175 0.4999999999449575 0
    outer loop
      vertex -48.00083804875612 18.869219705462456 3
      vertex -47.851261638104916 19.12829364836216 2
      vertex -48.00083804875612 18.869219705462456 2
    endloop
  endfacet
  facet normal -0.853290893661497 0.5214351836943533 0
    outer loop
      vertex -47.851261638104916 19.12829364836216 3
      vertex -47.79927074164152 19.213372983038425 2
      vertex -47.851261638104916 19.12829364836216 2
    endloop
  endfacet
  facet normal -0.8400259264071184 0.542546258823948 0
    outer loop
      vertex -47.79927074164152 19.213372983038425 3
      vertex -47.636966459453106 19.464669167995453 2
      vertex -47.79927074164152 19.213372983038425 2
    endloop
  endfacet
  facet normal -0.8262387837319072 0.5633200442530149 0
    outer loop
      vertex -47.636966459453106 19.464669167995453 3
      vertex -47.58079944550991 19.547051049768925 2
      vertex -47.636966459453106 19.464669167995453 2
    endloop
  endfacet
  facet normal -0.8119379936382288 0.5837436890337466 0
    outer loop
      vertex -47.58079944550991 19.547051049768925 3
      vertex -47.40617076307535 19.789944745600224 2
      vertex -47.58079944550991 19.547051049768925 2
    endloop
  endfacet
  facet normal -0.7971325310681721 0.6038043788453755 0
    outer loop
      vertex -47.40617076307535 19.789944745600224 3
      vertex -47.34596721082926 19.86942447721958 2
      vertex -47.40617076307535 19.789944745600224 2
    endloop
  endfacet
  facet normal -0.7818314769659773 0.6234898087580889 0
    outer loop
      vertex -47.34596721082926 19.86942447721958 3
      vertex -47.159448482096195 20.10331156104803 2
      vertex -47.34596721082926 19.86942447721958 2
    endloop
  endfacet
  facet normal -0.7660444205999667 0.6427876365236511 0
    outer loop
      vertex -47.159448482096195 20.10331156104803 3
      vertex -47.09535779803991 20.17969185858965 2
      vertex -47.159448482096195 20.10331156104803 2
    endloop
  endfacet
  facet normal -0.7497812066662846 0.6616858334058925 0
    outer loop
      vertex -47.09535779803991 20.17969185858965 3
      vertex -46.89741262793541 20.403991006314754 2
      vertex -47.09535779803991 20.17969185858965 2
    endloop
  endfacet
  facet normal 0.8400259280979627 -0.542546256206009 -3.205852724001769e-16
    outer loop
      vertex -45.13718081265688 17.80561201274395 3
      vertex -45.25890078395605 17.617152631282806 2
      vertex -45.17315223943708 17.74991734925599 2
    endloop
  endfacet
  facet normal 0.8119379926690486 -0.5837436903817942 0
    outer loop
      vertex -44.992189951241016 18.00834558904171 3
      vertex -45.104952307183915 17.85150271015247 2
      vertex -44.992189951241016 18.00834558904171 2
    endloop
  endfacet
  facet normal 0.797132532706108 -0.6038043766829996 0
    outer loop
      vertex -44.977153077721596 18.028197020292282 3
      vertex -44.992189951241016 18.00834558904171 2
      vertex -44.977153077721596 18.028197020292282 2
    endloop
  endfacet
  facet normal 0.7818314714555284 -0.6234898156679732 0
    outer loop
      vertex -44.977153077721596 18.028197020292282 3
      vertex -44.977153077721596 18.028197020292282 2
      vertex -44.939983270266985 18.074806482910084 2
    endloop
  endfacet
  facet normal 0.7818314714555397 -0.6234898156679591 2.866338723722465e-15
    outer loop
      vertex -44.83727357536554 18.203600361943245 3
      vertex -44.939983270266985 18.074806482910084 2
      vertex -44.8622886222201 18.17223248647943 2
    endloop
  endfacet
  facet normal 0.7818314714555842 -0.6234898156679033 0
    outer loop
      vertex -44.83727357536554 18.203600361943245 3
      vertex -44.8622886222201 18.17223248647943 2
      vertex -44.83727357536554 18.203600361943245 2
    endloop
  endfacet
  facet normal 0.766044464544475 -0.6427875841526255 0
    outer loop
      vertex -44.821266032755375 18.222677409648895 3
      vertex -44.83727357536554 18.203600361943245 2
      vertex -44.821266032755375 18.222677409648895 2
    endloop
  endfacet
  facet normal 0.7497811919329954 -0.6616858501007382 0
    outer loop
      vertex -44.672817185521126 18.390890397131443 3
      vertex -44.821266032755375 18.222677409648895 2
      vertex -44.672817185521126 18.390890397131443 2
    endloop
  endfacet
  facet normal 0.7330518949341895 -0.6801727128703371 0
    outer loop
      vertex -44.672817185521126 18.390890397131443 3
      vertex -44.672817185521126 18.390890397131443 2
      vertex -44.66181769418607 18.40274503024727 2
    endloop
  endfacet
  facet normal 0.7158668692485894 -0.698236797592495 0
    outer loop
      vertex -44.49922966212034 18.56975007802248 3
      vertex -44.58415431537475 18.48268112683447 2
      vertex -44.49922966212034 18.56975007802248 2
    endloop
  endfacet
  facet normal 0.6982366461058395 -0.7158670170044634 0
    outer loop
      vertex -44.48140247911215 18.58713821321726 3
      vertex -44.49922966212034 18.56975007802248 2
      vertex -44.48140247911215 18.58713821321726 2
    endloop
  endfacet
  facet normal 0.6801727463928287 -0.7330518638298634 0
    outer loop
      vertex -44.48140247911215 18.58713821321726 3
      vertex -44.48140247911215 18.58713821321726 2
      vertex -44.41031629462257 18.65309655493984 2
    endloop
  endfacet
  facet normal 0.6801727463928009 -0.7330518638298893 2.1288092968458534e-15
    outer loop
      vertex -44.31694246083498 18.739734813570976 3
      vertex -44.41031629462257 18.65309655493984 2
      vertex -44.32441464779976 18.7328016371067 2
    endloop
  endfacet
  facet normal 0.680172746392954 -0.7330518638297473 0
    outer loop
      vertex -44.31694246083498 18.739734813570976 3
      vertex -44.32441464779976 18.7328016371067 2
      vertex -44.31694246083498 18.739734813570976 2
    endloop
  endfacet
  facet normal 0.6616858140582803 -0.7497812237406528 0
    outer loop
      vertex -44.29827041924 18.75621298700571 3
      vertex -44.31694246083498 18.739734813570976 2
      vertex -44.29827041924 18.75621298700571 2
    endloop
  endfacet
  facet normal 0.6427875997313036 -0.7660444514724125 0
    outer loop
      vertex -44.12640918791294 18.900421679019928 3
      vertex -44.29827041924 18.75621298700571 2
      vertex -44.12640918791294 18.900421679019928 2
    endloop
  endfacet
  facet normal 0.6234899514666863 -0.7818313631596452 0
    outer loop
      vertex -44.106938511133194 18.915949031710625 3
      vertex -44.12640918791294 18.900421679019928 2
      vertex -44.106938511133194 18.915949031710625 2
    endloop
  endfacet
  facet normal 0.6038043982090865 -0.7971325164007319 0
    outer loop
      vertex -44.106938511133194 18.915949031710625 3
      vertex -44.106938511133194 18.915949031710625 2
      vertex -44.08792651779514 18.93035005658422 2
    endloop
  endfacet
  facet normal 0.6038043982091127 -0.7971325164007118 7.884006654900727e-16
    outer loop
      vertex -44.106938511133194 18.915949031710625 3
      vertex -44.08792651779514 18.93035005658422 2
      vertex -43.99069943920066 19.003996704378046 2
    endloop
  endfacet
  facet normal 0.6038043982091468 -0.7971325164006862 0
    outer loop
      vertex -43.92810261249542 19.05141195654869 3
      vertex -43.99069943920066 19.003996704378046 2
      vertex -43.92810261249542 19.05141195654869 2
    endloop
  endfacet
  facet normal 0.5837435664175887 -0.8119380817932326 0
    outer loop
      vertex -43.90788243710995 19.065949268639088 3
      vertex -43.92810261249542 19.05141195654869 2
      vertex -43.90788243710995 19.065949268639088 2
    endloop
  endfacet
  facet normal 0.5633200677861399 -0.8262387676872944 0
    outer loop
      vertex -43.90788243710995 19.065949268639088 3
      vertex -43.90788243710995 19.065949268639088 2
      vertex -43.784986437155844 19.149738344790247 2
    endloop
  endfacet
  facet normal 0.5214351899236056 -0.8532908898548802 0
    outer loop
      vertex -43.51016192883253 19.322824403643608 3
      vertex -43.68813835623334 19.21406527668346 2
      vertex -43.51016192883253 19.322824403643608 2
    endloop
  endfacet
  facet normal 0.49999998861918094 -0.8660254103551575 0
    outer loop
      vertex -43.48859480768442 19.335276186466217 3
      vertex -43.51016192883253 19.322824403643608 2
      vertex -43.48859480768442 19.335276186466217 2
    endloop
  endfacet
  facet normal 0.47825397412531184 -0.878221575818623 0
    outer loop
      vertex -43.48859480768442 19.335276186466217 3
      vertex -43.48859480768442 19.335276186466217 2
      vertex -43.440163095218736 19.3616506910311 2
    endloop
  endfacet
  facet normal 0.4782539741252871 -0.8782215758186366 2.6693870086356563e-15
    outer loop
      vertex -43.29156658798456 19.44257203489542 3
      vertex -43.440163095218736 19.3616506910311 2
      vertex -43.330495893882976 19.421372265078215 2
    endloop
  endfacet
  facet normal 0.47825397412534 -0.8782215758186078 0
    outer loop
      vertex -43.29156658798456 19.44257203489542 3
      vertex -43.330495893882976 19.421372265078215 2
      vertex -43.29156658798456 19.44257203489542 2
    endloop
  endfacet
  facet normal 0.45621067966849566 -0.8898717973710647 0
    outer loop
      vertex -43.26940558105707 19.45393332093954 3
      vertex -43.29156658798456 19.44257203489542 2
      vertex -43.26940558105707 19.45393332093954 2
    endloop
  endfacet
  facet normal 0.43388374899727955 -0.900968863144596 0
    outer loop
      vertex -43.067274048924446 19.551274739205837 3
      vertex -43.26940558105707 19.45393332093954 2
      vertex -43.067274048924446 19.551274739205837 2
    endloop
  endfacet
  facet normal -0.7330518847013122 0.6801727238987566 0
    outer loop
      vertex -46.89741262793541 20.403991006314754 3
      vertex -46.829594604671 20.477081455290318 2
      vertex -46.89741262793541 20.403991006314754 2
    endloop
  endfacet
  facet normal -0.7158668509849493 0.6982368163172811 0
    outer loop
      vertex -46.829594604671 20.477081455290318 3
      vertex -46.620714887976646 20.69123525172472 2
      vertex -46.829594604671 20.477081455290318 2
    endloop
  endfacet
  facet normal -0.6982367742438376 0.7158668920222252 0
    outer loop
      vertex -46.620714887976646 20.69123525172472 3
      vertex -46.54933798313141 20.760854311287403 2
      vertex -46.620714887976646 20.69123525172472 2
    endloop
  endfacet
  facet normal -0.6801727392254875 0.7330518704801844 0
    outer loop
      vertex -46.54933798313141 20.760854311287403 3
      vertex -46.33004327863455 20.964330062270164 2
      vertex -46.54933798313141 20.760854311287403 2
    endloop
  endfacet
  facet normal -0.6616858450842771 0.7497811963600487 0
    outer loop
      vertex -46.33004327863455 20.964330062270164 3
      vertex -46.25528474152088 21.030304864048958 2
      vertex -46.33004327863455 20.964330062270164 2
    endloop
  endfacet
  facet normal -0.6427876035556759 0.7660444482633832 0
    outer loop
      vertex -46.25528474152088 21.030304864048958 3
      vertex -46.026120476424694 21.222596511244774 2
      vertex -46.25528474152088 21.030304864048958 2
    endloop
  endfacet
  facet normal -0.6234898381053261 0.7818314535623354 0
    outer loop
      vertex -46.026120476424694 21.222596511244774 3
      vertex -45.94816605001688 21.28476309776306 2
      vertex -46.026120476424694 21.222596511244774 2
    endloop
  endfacet
  facet normal -0.6038044055895226 0.7971325108102687 0
    outer loop
      vertex -45.94816605001688 21.28476309776306 3
      vertex -45.70970161259174 21.465392887592316 2
      vertex -45.94816605001688 21.28476309776306 2
    endloop
  endfacet
  facet normal -0.5837437081712223 0.8119379798793198 0
    outer loop
      vertex -45.70970161259174 21.465392887592316 3
      vertex -45.62874565273523 21.52359626442194 2
      vertex -45.70970161259174 21.465392887592316 2
    endloop
  endfacet
  facet normal -0.5633200591681331 0.826238773562952 0
    outer loop
      vertex -45.62874565273523 21.52359626442194 3
      vertex -45.38157383352518 21.692115157842636 2
      vertex -45.62874565273523 21.52359626442194 2
    endloop
  endfacet
  facet normal -0.5425462511474786 0.8400259313651081 0
    outer loop
      vertex -45.38157383352518 21.692115157842636 3
      vertex -45.29781732708216 21.74621084332466 2
      vertex -45.38157383352518 21.692115157842636 2
    endloop
  endfacet
  facet normal -0.5214352023574569 0.8532908822567121 0
    outer loop
      vertex -45.29781732708216 21.74621084332466 3
      vertex -45.04255286604166 21.90219970792532 2
      vertex -45.29781732708216 21.74621084332466 2
    endloop
  endfacet
  facet normal -0.49999999720394084 0.8660254053987442 0
    outer loop
      vertex -45.04255286604166 21.90219970792532 3
      vertex -44.95620387047529 21.9520533233881 2
      vertex -45.04255286604166 21.90219970792532 2
    endloop
  endfacet
  facet normal -0.47825397703000155 0.8782215742368134 0
    outer loop
      vertex -44.95620387047529 21.9520533233881 3
      vertex -44.69348143786192 22.09512433409691 2
      vertex -44.95620387047529 21.9520533233881 2
    endloop
  endfacet
  facet normal -0.45621063290146724 0.8898718213471212 0
    outer loop
      vertex -44.69348143786192 22.09512433409691 3
      vertex -44.604754619300365 22.140611916780472 2
      vertex -44.69348143786192 22.09512433409691 2
    endloop
  endfacet
  facet normal -0.43388374630603166 0.9009688644406327 0
    outer loop
      vertex -44.604754619300365 22.140611916780472 3
      vertex -44.335227362811565 22.270409405231476 2
      vertex -44.604754619300365 22.140611916780472 2
    endloop
  endfacet
  facet normal -0.41128703999258565 0.9115058808006327 0
    outer loop
      vertex -44.335227362811565 22.270409405231476 3
      vertex -44.24434354901314 22.31141773611307 2
      vertex -44.335227362811565 22.270409405231476 2
    endloop
  endfacet
  facet normal -0.38843481448196165 0.9214762041954008 0
    outer loop
      vertex -44.24434354901314 22.31141773611307 3
      vertex -43.96868139505386 22.427619084715843 2
      vertex -44.24434354901314 22.31141773611307 2
    endloop
  endfacet
  facet normal -0.3653410447674825 0.9308737406373672 0
    outer loop
      vertex -43.96868139505386 22.427619084715843 3
      vertex -43.87586659938097 22.464046210050583 2
      vertex -43.96868139505386 22.427619084715843 2
    endloop
  endfacet
  facet normal -0.34202015930613744 0.9396926149694934 0
    outer loop
      vertex -43.87586659938097 22.464046210050583 3
      vertex -43.59475481510162 22.566362537443638 2
      vertex -43.87586659938097 22.464046210050583 2
    endloop
  endfacet
  facet normal -0.3184866073610943 0.9479273605776026 0
    outer loop
      vertex -43.59475481510162 22.566362537443638 3
      vertex -43.50023960322142 22.59811795502901 2
      vertex -43.59475481510162 22.566362537443638 2
    endloop
  endfacet
  facet normal -0.29475517975450993 0.9555728041378567 0
    outer loop
      vertex -43.50023960322142 22.59811795502901 3
      vertex -43.214377366006374 22.68629477918148 2
      vertex -43.50023960322142 22.59811795502901 2
    endloop
  endfacet
  facet normal -0.2708404439873667 0.9626242537463546 0
    outer loop
      vertex -43.214377366006374 22.68629477918148 3
      vertex -43.1183967217803 22.71329954266548 2
      vertex -43.214377366006374 22.68629477918148 2
    endloop
  endfacet
  facet normal 0.4112870602487429 -0.9115058716607078 0
    outer loop
      vertex -43.067274048924446 19.551274739205837 3
      vertex -43.067274048924446 19.551274739205837 2
      vertex -43.058305097582334 19.555321683658637 2
    endloop
  endfacet
  facet normal 0.3884347995898891 -0.921476210472936 0
    outer loop
      vertex -42.83784185349941 19.64866228401661 3
      vertex -42.95642504881414 19.598675274929132 2
      vertex -42.83784185349941 19.64866228401661 2
    endloop
  endfacet
  facet normal 0.36534127706891323 -0.9308736494657347 0
    outer loop
      vertex -42.814659632742405 19.65776064246893 3
      vertex -42.83784185349941 19.64866228401661 2
      vertex -42.814659632742405 19.65776064246893 2
    endloop
  endfacet
  facet normal 0.34202014109294093 -0.9396926215985548 0
    outer loop
      vertex -42.814659632742405 19.65776064246893 3
      vertex -42.814659632742405 19.65776064246893 2
      vertex -42.72870564540791 19.689045335143895 2
    endloop
  endfacet
  facet normal 0.34202014109294854 -0.939692621598552 -3.514191289579803e-16
    outer loop
      vertex -42.603840842843056 19.734492406249046 3
      vertex -42.72870564540791 19.689045335143895 2
      vertex -42.61704261609588 19.72968735378101 2
    endloop
  endfacet
  facet normal 0.34202014109292506 -0.9396926215985606 0
    outer loop
      vertex -42.603840842843056 19.734492406249046 3
      vertex -42.61704261609588 19.72968735378101 2
      vertex -42.603840842843056 19.734492406249046 2
    endloop
  endfacet
  facet normal 0.3184868351865037 -0.9479272840323169 0
    outer loop
      vertex -42.58023387938738 19.742423929274082 3
      vertex -42.603840842843056 19.734492406249046 2
      vertex -42.58023387938738 19.742423929274082 2
    endloop
  endfacet
  facet normal 0.2947551732416693 -0.955572806146802 0
    outer loop
      vertex -42.36585211753845 19.80855194479227 3
      vertex -42.58023387938738 19.742423929274082 2
      vertex -42.36585211753845 19.80855194479227 2
    endloop
  endfacet
  facet normal 0.27084047111319187 -0.9626242461143311 0
    outer loop
      vertex -42.34187913686037 19.81529689580202 3
      vertex -42.36585211753845 19.80855194479227 2
      vertex -42.34187913686037 19.81529689580202 2
    endloop
  endfacet
  facet normal 0.24675738996486488 -0.9690772881962139 0
    outer loop
      vertex -42.34187913686037 19.81529689580202 3
      vertex -42.34187913686037 19.81529689580202 2
      vertex -42.32259401364284 19.820207491404943 2
    endloop
  endfacet
  facet normal 0.24675738996480576 -0.9690772881962287 -1.2134551806899637e-15
    outer loop
      vertex -42.34187913686037 19.81529689580202 3
      vertex -42.32259401364284 19.820207491404943 2
      vertex -42.20546277538402 19.850032768488767 2
    endloop
  endfacet
  facet normal 0.24675738996479316 -0.969077288196232 0
    outer loop
      vertex -42.1244675591588 19.870656684041023 3
      vertex -42.20546277538402 19.850032768488767 2
      vertex -42.1244675591588 19.870656684041023 2
    endloop
  endfacet
  facet normal 0.22252083212552606 -0.974927935424031 0
    outer loop
      vertex -42.100188471376896 19.87619822472334 3
      vertex -42.1244675591588 19.870656684041023 2
      vertex -42.100188471376896 19.87619822472334 2
    endloop
  endfacet
  facet normal 0.1981461417309129 -0.9801724881454045 0
    outer loop
      vertex -42.100188471376896 19.87619822472334 3
      vertex -42.100188471376896 19.87619822472334 2
      vertex -41.96272732973794 19.903986593794198 2
    endloop
  endfacet
  facet normal 0.1736483008430569 -0.9848077312929256 0
    outer loop
      vertex -41.85576241463423 19.924976594746113 3
      vertex -41.856517868046 19.924843387829522 2
      vertex -41.85576241463423 19.924976594746113 2
    endloop
  endfacet
  facet normal 0.14904227762933972 -0.9888308244988415 0
    outer loop
      vertex -41.63391888141632 19.958414129912853 3
      vertex -41.85576241463423 19.924976594746113 2
      vertex -41.63391888141632 19.958414129912853 2
    endloop
  endfacet
  facet normal 0.12434370403320752 -0.992239206677151 0
    outer loop
      vertex -41.60920887440443 19.961510695517063 3
      vertex -41.63391888141632 19.958414129912853 2
      vertex -41.60920887440443 19.961510695517063 2
    endloop
  endfacet
  facet normal 0.09956782017076124 -0.9950307780096267 0
    outer loop
      vertex -41.60920887440443 19.961510695517063 3
      vertex -41.60920887440443 19.961510695517063 2
      vertex -41.55869761443783 19.966565108063993 2
    endloop
  endfacet
  facet normal 0.09956782017072063 -0.9950307780096307 0
    outer loop
      vertex -41.385974392294884 19.98384866863489 3
      vertex -41.43433323848916 19.979009637513496 2
      vertex -41.385974392294884 19.98384866863489 2
    endloop
  endfacet
  facet normal 0.09956782017073347 -0.9950307780096295 -6.264416537900425e-16
    outer loop
      vertex -41.385974392294884 19.98384866863489 3
      vertex -41.55869761443783 19.966565108063993 2
      vertex -41.43433323848916 19.979009637513496 2
    endloop
  endfacet
  facet normal 0.07473026071494182 -0.9972037846566151 0
    outer loop
      vertex -41.36114075034857 19.985709697008133 3
      vertex -41.385974392294884 19.98384866863489 2
      vertex -41.36114075034857 19.985709697008133 2
    endloop
  endfacet
  facet normal 0.04984591976796846 -0.9987569195166986 0
    outer loop
      vertex -41.13707034289837 19.99689259380102 3
      vertex -41.36114075034857 19.985709697008133 2
      vertex -41.13707034289837 19.99689259380102 2
    endloop
  endfacet
  facet normal 0.024930718741976818 -0.9996891813273806 0
    outer loop
      vertex -41.13707034289837 19.99689259380102 3
      vertex -41.13707034289837 19.99689259380102 2
      vertex -41.133332474137106 19.996985810529303 2
    endloop
  endfacet
  facet normal 0 -1 0
    outer loop
      vertex -40.88782548904419 19.997513458132744 3
      vertex -41.02407237400698 19.997513458132744 2
      vertex -40.88782548904419 19.997513458132744 2
    endloop
  endfacet
  facet normal -0.09956782017073698 -0.9950307780096291 0
    outer loop
      vertex -40.39079111069441 19.961510695517063 3
      vertex -40.614025592803955 19.98384866863489 2
      vertex -40.39079111069441 19.961510695517063 2
    endloop
  endfacet
  facet normal -0.12434370403320752 -0.992239206677151 0
    outer loop
      vertex -40.36608110368252 19.958414129912853 3
      vertex -40.39079111069441 19.961510695517063 2
      vertex -40.36608110368252 19.958414129912853 2
    endloop
  endfacet
  facet normal -0.14904227762931505 -0.9888308244988454 0
    outer loop
      vertex -40.36608110368252 19.958414129912853 3
      vertex -40.36608110368252 19.958414129912853 2
      vertex -40.350269244800906 19.956030875464386 2
    endloop
  endfacet
  facet normal -0.14904227762932915 -0.9888308244988432 -2.2806704425866734e-16
    outer loop
      vertex -40.36608110368252 19.958414129912853 3
      vertex -40.350269244800906 19.956030875464386 2
      vertex -40.232040739023226 19.938210794065984 2
    endloop
  endfacet
  facet normal -0.024930726197984913 -0.9996891811414391 0
    outer loop
      vertex -40.86292964965105 19.99689259380102 3
      vertex -40.88782548904419 19.997513458132744 2
      vertex -40.86292964965105 19.99689259380102 2
    endloop
  endfacet
  facet normal -0.04984591811465768 -0.998756919599212 0
    outer loop
      vertex -40.86292964965105 19.99689259380102 3
      vertex -40.86292964965105 19.99689259380102 2
      vertex -40.776870892463165 19.99259757698596 2
    endloop
  endfacet
  facet normal -0.04984591811467218 -0.9987569195992113 2.2782283707217066e-15
    outer loop
      vertex -40.63885923475027 19.985709697008133 3
      vertex -40.776870892463165 19.99259757698596 2
      vertex -40.65677780248796 19.986603976129164 2
    endloop
  endfacet
  facet normal -0.04984591811454536 -0.9987569195992176 0
    outer loop
      vertex -40.63885923475027 19.985709697008133 3
      vertex -40.65677780248796 19.986603976129164 2
      vertex -40.63885923475027 19.985709697008133 2
    endloop
  endfacet
  facet normal -0.07473026071494182 -0.9972037846566151 0
    outer loop
      vertex -40.614025592803955 19.98384866863489 3
      vertex -40.63885923475027 19.985709697008133 2
      vertex -40.614025592803955 19.98384866863489 2
    endloop
  endfacet
  facet normal -0.6283510212624024 -0.7779299416261698 0
    outer loop
      vertex -37.445778876543045 18.54318141937256 3
      vertex -37.591227762401104 18.660663664340973 2
      vertex -37.445778876543045 18.54318141937256 2
    endloop
  endfacet
  facet normal -0.6522873654149042 -0.7579717626139402 0
    outer loop
      vertex -37.591227762401104 18.660663664340973 3
      vertex -37.66682054847479 18.72571650892496 2
      vertex -37.591227762401104 18.660663664340973 2
    endloop
  endfacet
  facet normal -0.6427876080254128 -0.7660444445128286 0
    outer loop
      vertex -37.70172968506813 18.75621308386326 3
      vertex -37.74567811508925 18.7930901951224 2
      vertex -37.70172968506813 18.75621308386326 2
    endloop
  endfacet
  facet normal -0.6616855354934947 -0.7497814695754272 0
    outer loop
      vertex -37.69501591473818 18.750288151204586 3
      vertex -37.70172968506813 18.75621308386326 2
      vertex -37.69501591473818 18.750288151204586 2
    endloop
  endfacet
  facet normal -0.6569994740257168 -0.7538910339896155 0
    outer loop
      vertex -37.66682054847479 18.72571650892496 3
      vertex -37.69501591473818 18.750288151204586 2
      vertex -37.66682054847479 18.72571650892496 2
    endloop
  endfacet
  facet normal -0.6038043982091218 -0.797132516400705 0
    outer loop
      vertex -37.893061473965645 18.915949031710625 3
      vertex -38.071897372603416 19.05141195654869 2
      vertex -37.893061473965645 18.915949031710625 2
    endloop
  endfacet
  facet normal -0.6234899514666863 -0.7818313631596452 0
    outer loop
      vertex -37.8735907971859 18.900421679019928 3
      vertex -37.893061473965645 18.915949031710625 2
      vertex -37.8735907971859 18.900421679019928 2
    endloop
  endfacet
  facet normal -0.6427876080254535 -0.7660444445127946 0
    outer loop
      vertex -37.8735907971859 18.900421679019928 3
      vertex -37.8735907971859 18.900421679019928 2
      vertex -37.84125126476819 18.873285589415282 2
    endloop
  endfacet
  facet normal -0.6427876080253955 -0.7660444445128433 -1.2984228132055041e-15
    outer loop
      vertex -37.70172968506813 18.75621308386326 3
      vertex -37.84125126476819 18.873285589415282 2
      vertex -37.74567811508925 18.7930901951224 2
    endloop
  endfacet
  facet normal -0.433883748997332 -0.9009688631445707 0
    outer loop
      vertex -38.73059440404177 19.45393332093954 3
      vertex -38.75029896947911 19.463422539794983 2
      vertex -38.73059440404177 19.45393332093954 2
    endloop
  endfacet
  facet normal -0.4338837489973025 -0.9009688631445849 0
    outer loop
      vertex -38.93272593617439 19.551274739205837 3
      vertex -38.93272593617439 19.551274739205837 2
      vertex -38.859716424420476 19.51611521042735 2
    endloop
  endfacet
  facet normal -0.38843479958989036 -0.9214762104729355 0
    outer loop
      vertex -38.95542550086975 19.561517171561718 3
      vertex -39.08848773681221 19.617607608150163 2
      vertex -38.95542550086975 19.561517171561718 2
    endloop
  endfacet
  facet normal -0.41128706024848133 -0.911505871660826 0
    outer loop
      vertex -38.93272593617439 19.551274739205837 3
      vertex -38.95542550086975 19.561517171561718 2
      vertex -38.93272593617439 19.551274739205837 2
    endloop
  endfacet
  facet normal -0.4338837489972548 -0.9009688631446079 -1.8735055563056716e-15
    outer loop
      vertex -38.73059440404177 19.45393332093954 3
      vertex -38.859716424420476 19.51611521042735 2
      vertex -38.75029896947911 19.463422539794983 2
    endloop
  endfacet
  facet normal -0.14904227762935843 -0.9888308244988387 0
    outer loop
      vertex -40.14423757046461 19.924976594746113 3
      vertex -40.232040739023226 19.938210794065984 2
      vertex -40.14423757046461 19.924976594746113 2
    endloop
  endfacet
  facet normal -0.1736483008439731 -0.984807731292764 0
    outer loop
      vertex -40.11971219629049 19.920652106404305 3
      vertex -40.14423757046461 19.924976594746113 2
      vertex -40.11971219629049 19.920652106404305 2
    endloop
  endfacet
  facet normal -0.19814614173093426 -0.9801724881454 0
    outer loop
      vertex -40.11971219629049 19.920652106404305 3
      vertex -40.11971219629049 19.920652106404305 2
      vertex -39.98993749539194 19.894417584839648 2
    endloop
  endfacet
  facet normal -0.22252083212559992 -0.974927935424014 0
    outer loop
      vertex -39.87553242594004 19.870656684041023 3
      vertex -39.882125199127096 19.87216144077462 2
      vertex -39.87553242594004 19.870656684041023 2
    endloop
  endfacet
  facet normal -0.2947551732417019 -0.955572806146792 0
    outer loop
      vertex -39.63414786756039 19.80855194479227 3
      vertex -39.63414786756039 19.80855194479227 2
      vertex -39.58975635309437 19.794858976079972 2
    endloop
  endfacet
  facet normal -0.2947551732416534 -0.9555728061468068 -1.370559192637255e-15
    outer loop
      vertex -39.41976610571146 19.742423929274082 3
      vertex -39.58975635309437 19.794858976079972 2
      vertex -39.47035964608934 19.75802996961247 2
    endloop
  endfacet
  facet normal -0.2467573899648063 -0.9690772881962286 0
    outer loop
      vertex -39.65812084823847 19.81529689580202 3
      vertex -39.87553242594004 19.870656684041023 2
      vertex -39.65812084823847 19.81529689580202 2
    endloop
  endfacet
  facet normal -0.27084047111319187 -0.9626242461143311 0
    outer loop
      vertex -39.63414786756039 19.80855194479227 3
      vertex -39.65812084823847 19.81529689580202 2
      vertex -39.63414786756039 19.80855194479227 2
    endloop
  endfacet
  facet normal -0.29475517324167816 -0.9555728061467993 0
    outer loop
      vertex -39.41976610571146 19.742423929274082 3
      vertex -39.47035964608934 19.75802996961247 2
      vertex -39.41976610571146 19.742423929274082 2
    endloop
  endfacet
  facet normal -0.3184868351865037 -0.9479272840323169 0
    outer loop
      vertex -39.39615914225578 19.734492406249046 3
      vertex -39.41976610571146 19.742423929274082 2
      vertex -39.39615914225578 19.734492406249046 2
    endloop
  endfacet
  facet normal -0.34202014109294987 -0.9396926215985515 1.4169382089342083e-15
    outer loop
      vertex -39.185340352356434 19.65776064246893 3
      vertex -39.39615914225578 19.734492406249046 2
      vertex -39.191935366519125 19.660161031300966 2
    endloop
  endfacet
  facet normal -0.5214351899236132 -0.8532908898548756 -1.759461126779931e-15
    outer loop
      vertex -38.48983805626631 19.322824403643608 3
      vertex -38.479498832084644 19.316506235491428 2
      vertex -38.37877911026581 19.254957696886276 2
    endloop
  endfacet
  facet normal -0.5837435664175585 -0.8119380817932542 0
    outer loop
      vertex -38.071897372603416 19.05141195654869 3
      vertex -38.08243258684648 19.058986257684605 2
      vertex -38.071897372603416 19.05141195654869 2
    endloop
  endfacet
  facet normal -0.5425463675580166 -0.8400258561792021 0
    outer loop
      vertex -38.27748345583677 19.192329607903957 3
      vertex -38.29840283840895 19.205840781331062 2
      vertex -38.27748345583677 19.192329607903957 2
    endloop
  endfacet
  facet normal -0.5633200677861597 -0.8262387676872809 0
    outer loop
      vertex -38.27748345583677 19.192329607903957 3
      vertex -38.27748345583677 19.192329607903957 2
      vertex -38.17411959790165 19.121857321035073 2
    endloop
  endfacet
  facet normal -0.5214351899236078 -0.8532908898548789 0
    outer loop
      vertex -38.29840283840895 19.205840781331062 3
      vertex -38.37877911026581 19.254957696886276 2
      vertex -38.29840283840895 19.205840781331062 2
    endloop
  endfacet
  facet normal -0.4782539741253036 -0.8782215758186276 0
    outer loop
      vertex -38.51140517741442 19.335276186466217 3
      vertex -38.70843339711428 19.44257203489542 2
      vertex -38.51140517741442 19.335276186466217 2
    endloop
  endfacet
  facet normal -0.45621067966849566 -0.8898717973710647 0
    outer loop
      vertex -38.70843339711428 19.44257203489542 3
      vertex -38.73059440404177 19.45393332093954 2
      vertex -38.70843339711428 19.44257203489542 2
    endloop
  endfacet
  facet normal -0.49999998861918094 -0.8660254103551575 0
    outer loop
      vertex -38.48983805626631 19.322824403643608 3
      vertex -38.51140517741442 19.335276186466217 2
      vertex -38.48983805626631 19.322824403643608 2
    endloop
  endfacet
  facet normal -0.5214351899234893 -0.8532908898549513 0
    outer loop
      vertex -38.48983805626631 19.322824403643608 3
      vertex -38.48983805626631 19.322824403643608 2
      vertex -38.479498832084644 19.316506235491428 2
    endloop
  endfacet
  facet normal -0.24675740224050347 0.9690772850704522 0
    outer loop
      vertex -43.1183967217803 22.71329954266548 3
      vertex -42.82849441468716 22.78711774200201 2
      vertex -43.1183967217803 22.71329954266548 2
    endloop
  endfacet
  facet normal -0.2225209113665346 0.9749279173377932 0
    outer loop
      vertex -42.82849441468716 22.78711774200201 3
      vertex -42.73128718882799 22.809304654598236 2
      vertex -42.82849441468716 22.78711774200201 2
    endloop
  endfacet
  facet normal -0.1981461387006215 0.9801724887579909 0
    outer loop
      vertex -42.73128718882799 22.809304654598236 3
      vertex -42.43806578218937 22.868580639362335 2
      vertex -42.73128718882799 22.809304654598236 2
    endloop
  endfacet
  facet normal -0.1736481847916169 0.9848077517559336 0
    outer loop
      vertex -42.43806578218937 22.868580639362335 3
      vertex -42.33987332880497 22.885894618928432 2
      vertex -42.43806578218937 22.868580639362335 2
    endloop
  endfacet
  facet normal -0.1490422807078754 0.9888308240348268 0
    outer loop
      vertex -42.33987332880497 22.885894618928432 3
      vertex -42.044061690568924 22.930481053888798 2
      vertex -42.33987332880497 22.885894618928432 2
    endloop
  endfacet
  facet normal -0.12434367916502603 0.9922392097935382 0
    outer loop
      vertex -42.044061690568924 22.930481053888798 3
      vertex -41.9451282992959 22.942879013717175 2
      vertex -42.044061690568924 22.930481053888798 2
    endloop
  endfacet
  facet normal -0.09956784456177468 0.9950307755689379 0
    outer loop
      vertex -41.9451282992959 22.942879013717175 3
      vertex -41.647461995482445 22.972665019333363 2
      vertex -41.9451282992959 22.942879013717175 2
    endloop
  endfacet
  facet normal -0.07473009031671449 0.9972037974262109 0
    outer loop
      vertex -41.647461995482445 22.972665019333363 3
      vertex -41.548033744096756 22.98011613637209 2
      vertex -41.647461995482445 22.972665019333363 2
    endloop
  endfacet
  facet normal -0.04984590700630742 0.9987569201536071 0
    outer loop
      vertex -41.548033744096756 22.98011613637209 3
      vertex -41.24925272166729 22.99502768367529 2
      vertex -41.548033744096756 22.98011613637209 2
    endloop
  endfacet
  facet normal -0.024930699545980785 0.9996891818060992 0
    outer loop
      vertex -41.24925272166729 22.99502768367529 3
      vertex -41.14957634359598 22.997513458132744 2
      vertex -41.24925272166729 22.99502768367529 2
    endloop
  endfacet
  facet normal 0 1 0
    outer loop
      vertex -41.14957634359598 22.997513458132744 3
      vertex -40.85042365640402 22.997513458132744 2
      vertex -41.14957634359598 22.997513458132744 2
    endloop
  endfacet
  facet normal 0.02493069768362657 0.9996891818525434 0
    outer loop
      vertex -40.85042365640402 22.997513458132744 3
      vertex -40.75074727088213 22.99502768367529 2
      vertex -40.85042365640402 22.997513458132744 2
    endloop
  endfacet
  facet normal 0.04984590700630742 0.9987569201536071 0
    outer loop
      vertex -40.75074727088213 22.99502768367529 3
      vertex -40.45196624845266 22.98011613637209 2
      vertex -40.75074727088213 22.99502768367529 2
    endloop
  endfacet
  facet normal 0.07473009031671449 0.9972037974262109 0
    outer loop
      vertex -40.45196624845266 22.98011613637209 3
      vertex -40.352537997066975 22.972665019333363 2
      vertex -40.45196624845266 22.98011613637209 2
    endloop
  endfacet
  facet normal 0.09956784456177468 0.9950307755689379 0
    outer loop
      vertex -40.352537997066975 22.972665019333363 3
      vertex -40.05487169325352 22.942879013717175 2
      vertex -40.352537997066975 22.972665019333363 2
    endloop
  endfacet
  facet normal 0.12434367916502603 0.9922392097935382 0
    outer loop
      vertex -40.05487169325352 22.942879013717175 3
      vertex -39.955938301980495 22.930481053888798 2
      vertex -40.05487169325352 22.942879013717175 2
    endloop
  endfacet
  facet normal 0.1490422807078754 0.9888308240348268 0
    outer loop
      vertex -39.955938301980495 22.930481053888798 3
      vertex -39.66012666374445 22.885894618928432 2
      vertex -39.955938301980495 22.930481053888798 2
    endloop
  endfacet
  facet normal 0.1736481847916169 0.9848077517559336 0
    outer loop
      vertex -39.66012666374445 22.885894618928432 3
      vertex -39.56193421036005 22.868580639362335 2
      vertex -39.66012666374445 22.885894618928432 2
    endloop
  endfacet
  facet normal 0.1981461387006215 0.9801724887579909 0
    outer loop
      vertex -39.56193421036005 22.868580639362335 3
      vertex -39.26871280372143 22.809304654598236 2
      vertex -39.56193421036005 22.868580639362335 2
    endloop
  endfacet
  facet normal 0.2225209113665346 0.9749279173377932 0
    outer loop
      vertex -39.26871280372143 22.809304654598236 3
      vertex -39.17150557786226 22.78711774200201 2
      vertex -39.26871280372143 22.809304654598236 2
    endloop
  endfacet
  facet normal 0.24675740224050347 0.9690772850704522 0
    outer loop
      vertex -39.17150557786226 22.78711774200201 3
      vertex -38.88160327076912 22.71329954266548 2
      vertex -39.17150557786226 22.78711774200201 2
    endloop
  endfacet
  facet normal 0.2708404439873667 0.9626242537463546 0
    outer loop
      vertex -38.88160327076912 22.71329954266548 3
      vertex -38.785622626543045 22.68629477918148 2
      vertex -38.88160327076912 22.71329954266548 2
    endloop
  endfacet
  facet normal 0.41128703999258565 0.9115058808006327 0
    outer loop
      vertex -37.75565644353628 22.31141773611307 3
      vertex -37.664772629737854 22.270409405231476 2
      vertex -37.75565644353628 22.31141773611307 2
    endloop
  endfacet
  facet normal 0.45621063290146724 0.8898718213471212 0
    outer loop
      vertex -37.395245373249054 22.140611916780472 3
      vertex -37.3065185546875 22.09512433409691 2
      vertex -37.395245373249054 22.140611916780472 2
    endloop
  endfacet
  facet normal 0.43388374630603166 0.9009688644406327 0
    outer loop
      vertex -37.664772629737854 22.270409405231476 3
      vertex -37.395245373249054 22.140611916780472 2
      vertex -37.664772629737854 22.270409405231476 2
    endloop
  endfacet
  facet normal 0.29475517975450993 0.9555728041378567 0
    outer loop
      vertex -38.785622626543045 22.68629477918148 3
      vertex -38.499760389328 22.59811795502901 2
      vertex -38.785622626543045 22.68629477918148 2
    endloop
  endfacet
  facet normal 0.3184866073610943 0.9479273605776026 0
    outer loop
      vertex -38.499760389328 22.59811795502901 3
      vertex -38.405245177447796 22.566362537443638 2
      vertex -38.499760389328 22.59811795502901 2
    endloop
  endfacet
  facet normal 0.3653410447674825 0.9308737406373672 0
    outer loop
      vertex -38.12413339316845 22.464046210050583 3
      vertex -38.031318597495556 22.427619084715843 2
      vertex -38.12413339316845 22.464046210050583 2
    endloop
  endfacet
  facet normal 0.34202015930613744 0.9396926149694934 0
    outer loop
      vertex -38.405245177447796 22.566362537443638 3
      vertex -38.12413339316845 22.464046210050583 2
      vertex -38.405245177447796 22.566362537443638 2
    endloop
  endfacet
  facet normal 0.38843481448196165 0.9214762041954008 0
    outer loop
      vertex -38.031318597495556 22.427619084715843 3
      vertex -37.75565644353628 22.31141773611307 2
      vertex -38.031318597495556 22.427619084715843 2
    endloop
  endfacet
  facet normal -0.9396926122431262 0.342020166796769 0
    outer loop
      vertex -48.533423595130444 17.688888907432556 3
      vertex -48.49932178109884 17.782582864165306 3
      vertex -48.49932178109884 17.782582864165306 2
    endloop
  endfacet
  facet normal -0.9308737547327313 0.36534100885308096 0
    outer loop
      vertex -48.49932178109884 17.782582864165306 3
      vertex -48.390028946101665 18.06105647981167 3
      vertex -48.390028946101665 18.06105647981167 2
    endloop
  endfacet
  facet normal -0.9214761895971736 0.3884348491130448 0
    outer loop
      vertex -48.390028946101665 18.06105647981167 3
      vertex -48.35129916667938 18.152934357523918 3
      vertex -48.35129916667938 18.152934357523918 2
    endloop
  endfacet
  facet normal -0.9115058511104243 0.41128710579285227 0
    outer loop
      vertex -48.35129916667938 18.152934357523918 3
      vertex -48.22826138883829 18.425614081323147 3
      vertex -48.22826138883829 18.425614081323147 2
    endloop
  endfacet
  facet normal -0.9009688757237552 0.43388372287638616 0
    outer loop
      vertex -48.22826138883829 18.425614081323147 3
      vertex -48.18500018119812 18.51544690877199 3
      vertex -48.18500018119812 18.51544690877199 2
    endloop
  endfacet
  facet normal -0.8898718071964311 0.4562106605034103 0
    outer loop
      vertex -48.18500018119812 18.51544690877199 3
      vertex -48.048523373901844 18.78165476769209 3
      vertex -48.048523373901844 18.78165476769209 2
    endloop
  endfacet
  facet normal -0.8782215666562501 0.47825399095025006 0
    outer loop
      vertex -48.048523373901844 18.78165476769209 3
      vertex -48.00083804875612 18.869219705462456 3
      vertex -48.00083804875612 18.869219705462456 2
    endloop
  endfacet
  facet normal -0.8660254038162175 0.4999999999449575 0
    outer loop
      vertex -48.00083804875612 18.869219705462456 3
      vertex -47.851261638104916 19.12829364836216 3
      vertex -47.851261638104916 19.12829364836216 2
    endloop
  endfacet
  facet normal -0.853290893661497 0.5214351836943533 0
    outer loop
      vertex -47.851261638104916 19.12829364836216 3
      vertex -47.79927074164152 19.213372983038425 3
      vertex -47.79927074164152 19.213372983038425 2
    endloop
  endfacet
  facet normal -0.8400259264071184 0.542546258823948 0
    outer loop
      vertex -47.79927074164152 19.213372983038425 3
      vertex -47.636966459453106 19.464669167995453 3
      vertex -47.636966459453106 19.464669167995453 2
    endloop
  endfacet
  facet normal -0.8262387837319072 0.5633200442530149 0
    outer loop
      vertex -47.636966459453106 19.464669167995453 3
      vertex -47.58079944550991 19.547051049768925 3
      vertex -47.58079944550991 19.547051049768925 2
    endloop
  endfacet
  facet normal -0.8119379936382288 0.5837436890337466 0
    outer loop
      vertex -47.58079944550991 19.547051049768925 3
      vertex -47.40617076307535 19.789944745600224 3
      vertex -47.40617076307535 19.789944745600224 2
    endloop
  endfacet
  facet normal -0.7971325310681721 0.6038043788453755 0
    outer loop
      vertex -47.40617076307535 19.789944745600224 3
      vertex -47.34596721082926 19.86942447721958 3
      vertex -47.34596721082926 19.86942447721958 2
    endloop
  endfacet
  facet normal -0.7818314769659773 0.6234898087580889 0
    outer loop
      vertex -47.34596721082926 19.86942447721958 3
      vertex -47.159448482096195 20.10331156104803 3
      vertex -47.159448482096195 20.10331156104803 2
    endloop
  endfacet
  facet normal -0.7660444205999667 0.6427876365236511 0
    outer loop
      vertex -47.159448482096195 20.10331156104803 3
      vertex -47.09535779803991 20.17969185858965 3
      vertex -47.09535779803991 20.17969185858965 2
    endloop
  endfacet
  facet normal 0.840025928097962 -0.5425462562060103 0
    outer loop
      vertex -45.25890078395605 17.617152631282806 3
      vertex -45.25890078395605 17.617152631282806 2
      vertex -45.13718081265688 17.80561201274395 3
    endloop
  endfacet
  facet normal 0.8119379926690438 -0.5837436903818009 1.6105905755356173e-15
    outer loop
      vertex -45.12315233051777 17.826188020408154 3
      vertex -45.104952307183915 17.85150271015247 2
      vertex -44.992189951241016 18.00834558904171 3
    endloop
  endfacet
  facet normal 0.797132532706108 -0.6038043766829996 0
    outer loop
      vertex -44.992189951241016 18.00834558904171 3
      vertex -44.992189951241016 18.00834558904171 2
      vertex -44.977153077721596 18.028197020292282 3
    endloop
  endfacet
  facet normal 0.7818314714555448 -0.6234898156679529 1.5512111012980056e-15
    outer loop
      vertex -44.977153077721596 18.028197020292282 3
      vertex -44.939983270266985 18.074806482910084 2
      vertex -44.83727357536554 18.203600361943245 3
    endloop
  endfacet
  facet normal 0.766044464544475 -0.6427875841526255 0
    outer loop
      vertex -44.83727357536554 18.203600361943245 3
      vertex -44.83727357536554 18.203600361943245 2
      vertex -44.821266032755375 18.222677409648895 3
    endloop
  endfacet
  facet normal 0.7497811919329954 -0.6616858501007382 0
    outer loop
      vertex -44.821266032755375 18.222677409648895 3
      vertex -44.821266032755375 18.222677409648895 2
      vertex -44.672817185521126 18.390890397131443 3
    endloop
  endfacet
  facet normal 0.7330518949342282 -0.6801727128702955 9.18815235970837e-16
    outer loop
      vertex -44.672817185521126 18.390890397131443 3
      vertex -44.66181769418607 18.40274503024727 2
      vertex -44.65587871521711 18.40914572775364 3
    endloop
  endfacet
  facet normal 0.7158668692485803 -0.6982367975925043 1.587375986514845e-15
    outer loop
      vertex -44.65587871521711 18.40914572775364 3
      vertex -44.58415431537475 18.48268112683447 2
      vertex -44.49922966212034 18.56975007802248 3
    endloop
  endfacet
  facet normal 0.6982366461058395 -0.7158670170044634 0
    outer loop
      vertex -44.49922966212034 18.56975007802248 3
      vertex -44.49922966212034 18.56975007802248 2
      vertex -44.48140247911215 18.58713821321726 3
    endloop
  endfacet
  facet normal 0.6801727463928199 -0.7330518638298718 -1.1736102240486847e-15
    outer loop
      vertex -44.48140247911215 18.58713821321726 3
      vertex -44.41031629462257 18.65309655493984 2
      vertex -44.31694246083498 18.739734813570976 3
    endloop
  endfacet
  facet normal 0.6616858140582803 -0.7497812237406528 0
    outer loop
      vertex -44.31694246083498 18.739734813570976 3
      vertex -44.31694246083498 18.739734813570976 2
      vertex -44.29827041924 18.75621298700571 3
    endloop
  endfacet
  facet normal 0.6427875997313036 -0.7660444514724125 0
    outer loop
      vertex -44.29827041924 18.75621298700571 3
      vertex -44.29827041924 18.75621298700571 2
      vertex -44.12640918791294 18.900421679019928 3
    endloop
  endfacet
  facet normal 0.6234899514666863 -0.7818313631596452 0
    outer loop
      vertex -44.12640918791294 18.900421679019928 3
      vertex -44.12640918791294 18.900421679019928 2
      vertex -44.106938511133194 18.915949031710625 3
    endloop
  endfacet
  facet normal 0.6038043982091218 -0.797132516400705 2.4483044982721307e-15
    outer loop
      vertex -44.106938511133194 18.915949031710625 3
      vertex -43.99069943920066 19.003996704378046 2
      vertex -43.92810261249542 19.05141195654869 3
    endloop
  endfacet
  facet normal 0.5837435664175887 -0.8119380817932326 0
    outer loop
      vertex -43.92810261249542 19.05141195654869 3
      vertex -43.92810261249542 19.05141195654869 2
      vertex -43.90788243710995 19.065949268639088 3
    endloop
  endfacet
  facet normal 0.5633200677861409 -0.8262387676872938 1.8296939959716231e-16
    outer loop
      vertex -43.90788243710995 19.065949268639088 3
      vertex -43.784986437155844 19.149738344790247 2
      vertex -43.722516529262066 19.192329607903957 3
    endloop
  endfacet
  facet normal 0.5214351899236043 -0.8532908898548811 3.3218065860923274e-16
    outer loop
      vertex -43.70159714668989 19.205840781331062 3
      vertex -43.68813835623334 19.21406527668346 2
      vertex -43.51016192883253 19.322824403643608 3
    endloop
  endfacet
  facet normal 0.49999998861918094 -0.8660254103551575 0
    outer loop
      vertex -43.51016192883253 19.322824403643608 3
      vertex -43.51016192883253 19.322824403643608 2
      vertex -43.48859480768442 19.335276186466217 3
    endloop
  endfacet
  facet normal 0.4782539741253036 -0.8782215758186276 -5.15806813919891e-16
    outer loop
      vertex -43.48859480768442 19.335276186466217 3
      vertex -43.440163095218736 19.3616506910311 2
      vertex -43.29156658798456 19.44257203489542 3
    endloop
  endfacet
  facet normal 0.45621067966849566 -0.8898717973710647 0
    outer loop
      vertex -43.29156658798456 19.44257203489542 3
      vertex -43.29156658798456 19.44257203489542 2
      vertex -43.26940558105707 19.45393332093954 3
    endloop
  endfacet
  facet normal 0.43388374899727955 -0.900968863144596 0
    outer loop
      vertex -43.26940558105707 19.45393332093954 3
      vertex -43.26940558105707 19.45393332093954 2
      vertex -43.067274048924446 19.551274739205837 3
    endloop
  endfacet
  facet normal 0 0 1
    outer loop
      vertex -45.60139869898558 16.95316506922245 3
      vertex -48.35129916667938 18.152934357523918 3
      vertex -48.390028946101665 18.06105647981167 3
    endloop
  endfacet
  facet normal 0 0 1
    outer loop
      vertex -45.50912669301033 17.157660834491253 3
      vertex -48.22826138883829 18.425614081323147 3
      vertex -48.35129916667938 18.152934357523918 3
    endloop
  endfacet
  facet normal 0 0 1
    outer loop
      vertex -45.49832170456648 17.18009763211012 3
      vertex -48.18500018119812 18.51544690877199 3
      vertex -48.22826138883829 18.425614081323147 3
    endloop
  endfacet
  facet normal 0 0 1
    outer loop
      vertex -45.39597099274397 17.379740066826344 3
      vertex -48.048523373901844 18.78165476769209 3
      vertex -48.18500018119812 18.51544690877199 3
    endloop
  endfacet
  facet normal 0 0 1
    outer loop
      vertex -45.49832170456648 17.18009763211012 3
      vertex -45.39597099274397 17.379740066826344 3
      vertex -48.18500018119812 18.51544690877199 3
    endloop
  endfacet
  facet normal 0 0 1
    outer loop
      vertex -45.39597099274397 17.379740066826344 3
      vertex -45.38406091183424 17.401610650122166 3
      vertex -48.048523373901844 18.78165476769209 3
    endloop
  endfacet
  facet normal 0 0 1
    outer loop
      vertex -45.38406091183424 17.401610650122166 3
      vertex -45.271886341273785 17.59590270370245 3
      vertex -48.00083804875612 18.869219705462456 3
    endloop
  endfacet
  facet normal 0 0 1
    outer loop
      vertex -45.271886341273785 17.59590270370245 3
      vertex -45.25890078395605 17.617152631282806 3
      vertex -47.851261638104916 19.12829364836216 3
    endloop
  endfacet
  facet normal 0 0 1
    outer loop
      vertex -45.25890078395605 17.617152631282806 3
      vertex -45.13718081265688 17.80561201274395 3
      vertex -47.79927074164152 19.213372983038425 3
    endloop
  endfacet
  facet normal 0 0 1
    outer loop
      vertex -45.38406091183424 17.401610650122166 3
      vertex -48.00083804875612 18.869219705462456 3
      vertex -48.048523373901844 18.78165476769209 3
    endloop
  endfacet
  facet normal 0 0 1
    outer loop
      vertex -45.271886341273785 17.59590270370245 3
      vertex -47.851261638104916 19.12829364836216 3
      vertex -48.00083804875612 18.869219705462456 3
    endloop
  endfacet
  facet normal 0 0 1
    outer loop
      vertex -45.25890078395605 17.617152631282806 3
      vertex -47.79927074164152 19.213372983038425 3
      vertex -47.851261638104916 19.12829364836216 3
    endloop
  endfacet
  facet normal 0 0 1
    outer loop
      vertex -47.79927074164152 19.213372983038425 3
      vertex -45.13718081265688 17.80561201274395 3
      vertex -47.636966459453106 19.464669167995453 3
    endloop
  endfacet
  facet normal 0 0 1
    outer loop
      vertex -47.636966459453106 19.464669167995453 3
      vertex -45.12315233051777 17.826188020408154 3
      vertex -47.58079944550991 19.547051049768925 3
    endloop
  endfacet
  facet normal 0 0 1
    outer loop
      vertex -47.58079944550991 19.547051049768925 3
      vertex -44.992189951241016 18.00834558904171 3
      vertex -47.40617076307535 19.789944745600224 3
    endloop
  endfacet
  facet normal 0 0 1
    outer loop
      vertex -47.40617076307535 19.789944745600224 3
      vertex -44.977153077721596 18.028197020292282 3
      vertex -47.34596721082926 19.86942447721958 3
    endloop
  endfacet
  facet normal 0 0 1
    outer loop
      vertex -47.34596721082926 19.86942447721958 3
      vertex -44.83727357536554 18.203600361943245 3
      vertex -47.159448482096195 20.10331156104803 3
    endloop
  endfacet
  facet normal 0 0 1
    outer loop
      vertex -47.159448482096195 20.10331156104803 3
      vertex -44.821266032755375 18.222677409648895 3
      vertex -47.09535779803991 20.17969185858965 3
    endloop
  endfacet
  facet normal 0 0 1
    outer loop
      vertex -47.09535779803991 20.17969185858965 3
      vertex -44.672817185521126 18.390890397131443 3
      vertex -46.89741262793541 20.403991006314754 3
    endloop
  endfacet
  facet normal 0 0 1
    outer loop
      vertex -44.65587871521711 18.40914572775364 3
      vertex -46.829594604671 20.477081455290318 3
      vertex -46.89741262793541 20.403991006314754 3
    endloop
  endfacet
  facet normal 0 0 1
    outer loop
      vertex -47.636966459453106 19.464669167995453 3
      vertex -45.13718081265688 17.80561201274395 3
      vertex -45.12315233051777 17.826188020408154 3
    endloop
  endfacet
  facet normal 0 0 1
    outer loop
      vertex -47.58079944550991 19.547051049768925 3
      vertex -45.12315233051777 17.826188020408154 3
      vertex -44.992189951241016 18.00834558904171 3
    endloop
  endfacet
  facet normal 0 0 1
    outer loop
      vertex -47.40617076307535 19.789944745600224 3
      vertex -44.992189951241016 18.00834558904171 3
      vertex -44.977153077721596 18.028197020292282 3
    endloop
  endfacet
  facet normal 0 0 1
    outer loop
      vertex -47.34596721082926 19.86942447721958 3
      vertex -44.977153077721596 18.028197020292282 3
      vertex -44.83727357536554 18.203600361943245 3
    endloop
  endfacet
  facet normal 0 0 1
    outer loop
      vertex -47.159448482096195 20.10331156104803 3
      vertex -44.83727357536554 18.203600361943245 3
      vertex -44.821266032755375 18.222677409648895 3
    endloop
  endfacet
  facet normal 0 0 1
    outer loop
      vertex -47.09535779803991 20.17969185858965 3
      vertex -44.821266032755375 18.222677409648895 3
      vertex -44.672817185521126 18.390890397131443 3
    endloop
  endfacet
  facet normal 0 0 1
    outer loop
      vertex -44.672817185521126 18.390890397131443 3
      vertex -44.65587871521711 18.40914572775364 3
      vertex -46.89741262793541 20.403991006314754 3
    endloop
  endfacet
  facet normal 0 0 1
    outer loop
      vertex -44.65587871521711 18.40914572775364 3
      vertex -44.49922966212034 18.56975007802248 3
      vertex -46.829594604671 20.477081455290318 3
    endloop
  endfacet
  facet normal 0 0 1
    outer loop
      vertex -44.49922966212034 18.56975007802248 3
      vertex -44.48140247911215 18.58713821321726 3
      vertex -46.620714887976646 20.69123525172472 3
    endloop
  endfacet
  facet normal 0 0 1
    outer loop
      vertex -44.48140247911215 18.58713821321726 3
      vertex -44.31694246083498 18.739734813570976 3
      vertex -46.54933798313141 20.760854311287403 3
    endloop
  endfacet
  facet normal 0 0 1
    outer loop
      vertex -44.31694246083498 18.739734813570976 3
      vertex -44.29827041924 18.75621298700571 3
      vertex -46.33004327863455 20.964330062270164 3
    endloop
  endfacet
  facet normal 0 0 1
    outer loop
      vertex -44.29827041924 18.75621298700571 3
      vertex -44.12640918791294 18.900421679019928 3
      vertex -46.25528474152088 21.030304864048958 3
    endloop
  endfacet
  facet normal 0 0 1
    outer loop
      vertex -44.49922966212034 18.56975007802248 3
      vertex -46.620714887976646 20.69123525172472 3
      vertex -46.829594604671 20.477081455290318 3
    endloop
  endfacet
  facet normal 0 0 1
    outer loop
      vertex -44.48140247911215 18.58713821321726 3
      vertex -46.54933798313141 20.760854311287403 3
      vertex -46.620714887976646 20.69123525172472 3
    endloop
  endfacet
  facet normal 0 0 1
    outer loop
      vertex -44.31694246083498 18.739734813570976 3
      vertex -46.33004327863455 20.964330062270164 3
      vertex -46.54933798313141 20.760854311287403 3
    endloop
  endfacet
  facet normal 0 0 1
    outer loop
      vertex -44.29827041924 18.75621298700571 3
      vertex -46.25528474152088 21.030304864048958 3
      vertex -46.33004327863455 20.964330062270164 3
    endloop
  endfacet
  facet normal 0 0 1
    outer loop
      vertex -44.12640918791294 18.900421679019928 3
      vertex -44.106938511133194 18.915949031710625 3
      vertex -46.026120476424694 21.222596511244774 3
    endloop
  endfacet
  facet normal 0 0 1
    outer loop
      vertex -44.106938511133194 18.915949031710625 3
      vertex -43.92810261249542 19.05141195654869 3
      vertex -45.94816605001688 21.28476309776306 3
    endloop
  endfacet
  facet normal 0 0 1
    outer loop
      vertex -43.92810261249542 19.05141195654869 3
      vertex -43.90788243710995 19.065949268639088 3
      vertex -45.70970161259174 21.465392887592316 3
    endloop
  endfacet
  facet normal 0 0 1
    outer loop
      vertex -43.90788243710995 19.065949268639088 3
      vertex -43.722516529262066 19.192329607903957 3
      vertex -45.62874565273523 21.52359626442194 3
    endloop
  endfacet
  facet normal 0 0 1
    outer loop
      vertex -43.722516529262066 19.192329607903957 3
      vertex -43.70159714668989 19.205840781331062 3
      vertex -45.38157383352518 21.692115157842636 3
    endloop
  endfacet
  facet normal 0 0 1
    outer loop
      vertex -43.70159714668989 19.205840781331062 3
      vertex -43.51016192883253 19.322824403643608 3
      vertex -45.29781732708216 21.74621084332466 3
    endloop
  endfacet
  facet normal 0 0 1
    outer loop
      vertex -43.51016192883253 19.322824403643608 3
      vertex -43.48859480768442 19.335276186466217 3
      vertex -45.04255286604166 21.90219970792532 3
    endloop
  endfacet
  facet normal 0 0 1
    outer loop
      vertex -43.48859480768442 19.335276186466217 3
      vertex -43.29156658798456 19.44257203489542 3
      vertex -44.95620387047529 21.9520533233881 3
    endloop
  endfacet
  facet normal -0.7497812066662846 0.6616858334058925 0
    outer loop
      vertex -47.09535779803991 20.17969185858965 3
      vertex -46.89741262793541 20.403991006314754 3
      vertex -46.89741262793541 20.403991006314754 2
    endloop
  endfacet
  facet normal -0.7330518847013122 0.6801727238987566 0
    outer loop
      vertex -46.89741262793541 20.403991006314754 3
      vertex -46.829594604671 20.477081455290318 3
      vertex -46.829594604671 20.477081455290318 2
    endloop
  endfacet
  facet normal -0.7158668509849493 0.6982368163172811 0
    outer loop
      vertex -46.829594604671 20.477081455290318 3
      vertex -46.620714887976646 20.69123525172472 3
      vertex -46.620714887976646 20.69123525172472 2
    endloop
  endfacet
  facet normal -0.6982367742438376 0.7158668920222252 0
    outer loop
      vertex -46.620714887976646 20.69123525172472 3
      vertex -46.54933798313141 20.760854311287403 3
      vertex -46.54933798313141 20.760854311287403 2
    endloop
  endfacet
  facet normal -0.6801727392254875 0.7330518704801844 0
    outer loop
      vertex -46.54933798313141 20.760854311287403 3
      vertex -46.33004327863455 20.964330062270164 3
      vertex -46.33004327863455 20.964330062270164 2
    endloop
  endfacet
  facet normal -0.6616858450842771 0.7497811963600487 0
    outer loop
      vertex -46.33004327863455 20.964330062270164 3
      vertex -46.25528474152088 21.030304864048958 3
      vertex -46.25528474152088 21.030304864048958 2
    endloop
  endfacet
  facet normal -0.6427876035556759 0.7660444482633832 0
    outer loop
      vertex -46.25528474152088 21.030304864048958 3
      vertex -46.026120476424694 21.222596511244774 3
      vertex -46.026120476424694 21.222596511244774 2
    endloop
  endfacet
  facet normal -0.6234898381053261 0.7818314535623354 0
    outer loop
      vertex -46.026120476424694 21.222596511244774 3
      vertex -45.94816605001688 21.28476309776306 3
      vertex -45.94816605001688 21.28476309776306 2
    endloop
  endfacet
  facet normal -0.6038044055895226 0.7971325108102687 0
    outer loop
      vertex -45.94816605001688 21.28476309776306 3
      vertex -45.70970161259174 21.465392887592316 3
      vertex -45.70970161259174 21.465392887592316 2
    endloop
  endfacet
  facet normal -0.5837437081712223 0.8119379798793198 0
    outer loop
      vertex -45.70970161259174 21.465392887592316 3
      vertex -45.62874565273523 21.52359626442194 3
      vertex -45.62874565273523 21.52359626442194 2
    endloop
  endfacet
  facet normal -0.5633200591681331 0.826238773562952 0
    outer loop
      vertex -45.62874565273523 21.52359626442194 3
      vertex -45.38157383352518 21.692115157842636 3
      vertex -45.38157383352518 21.692115157842636 2
    endloop
  endfacet
  facet normal -0.5425462511474786 0.8400259313651081 0
    outer loop
      vertex -45.38157383352518 21.692115157842636 3
      vertex -45.29781732708216 21.74621084332466 3
      vertex -45.29781732708216 21.74621084332466 2
    endloop
  endfacet
  facet normal -0.5214352023574569 0.8532908822567121 0
    outer loop
      vertex -45.29781732708216 21.74621084332466 3
      vertex -45.04255286604166 21.90219970792532 3
      vertex -45.04255286604166 21.90219970792532 2
    endloop
  endfacet
  facet normal -0.49999999720394084 0.8660254053987442 0
    outer loop
      vertex -45.04255286604166 21.90219970792532 3
      vertex -44.95620387047529 21.9520533233881 3
      vertex -44.95620387047529 21.9520533233881 2
    endloop
  endfacet
  facet normal -0.47825397703000155 0.8782215742368134 0
    outer loop
      vertex -44.95620387047529 21.9520533233881 3
      vertex -44.69348143786192 22.09512433409691 3
      vertex -44.69348143786192 22.09512433409691 2
    endloop
  endfacet
  facet normal -0.45621063290146724 0.8898718213471212 0
    outer loop
      vertex -44.69348143786192 22.09512433409691 3
      vertex -44.604754619300365 22.140611916780472 3
      vertex -44.604754619300365 22.140611916780472 2
    endloop
  endfacet
  facet normal -0.43388374630603166 0.9009688644406327 0
    outer loop
      vertex -44.604754619300365 22.140611916780472 3
      vertex -44.335227362811565 22.270409405231476 3
      vertex -44.335227362811565 22.270409405231476 2
    endloop
  endfacet
  facet normal -0.41128703999258565 0.9115058808006327 0
    outer loop
      vertex -44.335227362811565 22.270409405231476 3
      vertex -44.24434354901314 22.31141773611307 3
      vertex -44.24434354901314 22.31141773611307 2
    endloop
  endfacet
  facet normal -0.38843481448196165 0.9214762041954008 0
    outer loop
      vertex -44.24434354901314 22.31141773611307 3
      vertex -43.96868139505386 22.427619084715843 3
      vertex -43.96868139505386 22.427619084715843 2
    endloop
  endfacet
  facet normal -0.3653410447674825 0.9308737406373672 0
    outer loop
      vertex -43.96868139505386 22.427619084715843 3
      vertex -43.87586659938097 22.464046210050583 3
      vertex -43.87586659938097 22.464046210050583 2
    endloop
  endfacet
  facet normal -0.34202015930613744 0.9396926149694934 0
    outer loop
      vertex -43.87586659938097 22.464046210050583 3
      vertex -43.59475481510162 22.566362537443638 3
      vertex -43.59475481510162 22.566362537443638 2
    endloop
  endfacet
  facet normal -0.3184866073610943 0.9479273605776026 0
    outer loop
      vertex -43.59475481510162 22.566362537443638 3
      vertex -43.50023960322142 22.59811795502901 3
      vertex -43.50023960322142 22.59811795502901 2
    endloop
  endfacet
  facet normal -0.29475517975450993 0.9555728041378567 0
    outer loop
      vertex -43.50023960322142 22.59811795502901 3
      vertex -43.214377366006374 22.68629477918148 3
      vertex -43.214377366006374 22.68629477918148 2
    endloop
  endfacet
  facet normal -0.2708404439873667 0.9626242537463546 0
    outer loop
      vertex -43.214377366006374 22.68629477918148 3
      vertex -43.1183967217803 22.71329954266548 3
      vertex -43.1183967217803 22.71329954266548 2
    endloop
  endfacet
  facet normal 0 0 1
    outer loop
      vertex -44.12640918791294 18.900421679019928 3
      vertex -46.026120476424694 21.222596511244774 3
      vertex -46.25528474152088 21.030304864048958 3
    endloop
  endfacet
  facet normal 0 0 1
    outer loop
      vertex -44.106938511133194 18.915949031710625 3
      vertex -45.94816605001688 21.28476309776306 3
      vertex -46.026120476424694 21.222596511244774 3
    endloop
  endfacet
  facet normal 0 0 1
    outer loop
      vertex -43.92810261249542 19.05141195654869 3
      vertex -45.70970161259174 21.465392887592316 3
      vertex -45.94816605001688 21.28476309776306 3
    endloop
  endfacet
  facet normal 0 0 1
    outer loop
      vertex -43.90788243710995 19.065949268639088 3
      vertex -45.62874565273523 21.52359626442194 3
      vertex -45.70970161259174 21.465392887592316 3
    endloop
  endfacet
  facet normal 0 0 1
    outer loop
      vertex -43.722516529262066 19.192329607903957 3
      vertex -45.38157383352518 21.692115157842636 3
      vertex -45.62874565273523 21.52359626442194 3
    endloop
  endfacet
  facet normal 0 0 1
    outer loop
      vertex -43.70159714668989 19.205840781331062 3
      vertex -45.29781732708216 21.74621084332466 3
      vertex -45.38157383352518 21.692115157842636 3
    endloop
  endfacet
  facet normal 0 0 1
    outer loop
      vertex -43.51016192883253 19.322824403643608 3
      vertex -45.04255286604166 21.90219970792532 3
      vertex -45.29781732708216 21.74621084332466 3
    endloop
  endfacet
  facet normal 0 0 1
    outer loop
      vertex -43.29156658798456 19.44257203489542 3
      vertex -43.26940558105707 19.45393332093954 3
      vertex -44.69348143786192 22.09512433409691 3
    endloop
  endfacet
  facet normal 0 0 1
    outer loop
      vertex -43.26940558105707 19.45393332093954 3
      vertex -43.067274048924446 19.551274739205837 3
      vertex -44.604754619300365 22.140611916780472 3
    endloop
  endfacet
  facet normal 0 0 1
    outer loop
      vertex -44.335227362811565 22.270409405231476 3
      vertex -43.067274048924446 19.551274739205837 3
      vertex -43.04457448422909 19.561517171561718 3
    endloop
  endfacet
  facet normal 0 0 1
    outer loop
      vertex -44.24434354901314 22.31141773611307 3
      vertex -43.04457448422909 19.561517171561718 3
      vertex -42.83784185349941 19.64866228401661 3
    endloop
  endfacet
  facet normal 0 0 1
    outer loop
      vertex -43.96868139505386 22.427619084715843 3
      vertex -42.83784185349941 19.64866228401661 3
      vertex -42.814659632742405 19.65776064246893 3
    endloop
  endfacet
  facet normal 0 0 1
    outer loop
      vertex -43.48859480768442 19.335276186466217 3
      vertex -44.95620387047529 21.9520533233881 3
      vertex -45.04255286604166 21.90219970792532 3
    endloop
  endfacet
  facet normal 0 0 1
    outer loop
      vertex -43.29156658798456 19.44257203489542 3
      vertex -44.69348143786192 22.09512433409691 3
      vertex -44.95620387047529 21.9520533233881 3
    endloop
  endfacet
  facet normal 0 0 1
    outer loop
      vertex -43.26940558105707 19.45393332093954 3
      vertex -44.604754619300365 22.140611916780472 3
      vertex -44.69348143786192 22.09512433409691 3
    endloop
  endfacet
  facet normal 0 0 1
    outer loop
      vertex -44.604754619300365 22.140611916780472 3
      vertex -43.067274048924446 19.551274739205837 3
      vertex -44.335227362811565 22.270409405231476 3
    endloop
  endfacet
  facet normal 0 0 1
    outer loop
      vertex -44.335227362811565 22.270409405231476 3
      vertex -43.04457448422909 19.561517171561718 3
      vertex -44.24434354901314 22.31141773611307 3
    endloop
  endfacet
  facet normal 0 0 1
    outer loop
      vertex -44.24434354901314 22.31141773611307 3
      vertex -42.83784185349941 19.64866228401661 3
      vertex -43.96868139505386 22.427619084715843 3
    endloop
  endfacet
  facet normal 0 0 1
    outer loop
      vertex -43.96868139505386 22.427619084715843 3
      vertex -42.814659632742405 19.65776064246893 3
      vertex -43.87586659938097 22.464046210050583 3
    endloop
  endfacet
  facet normal 0 0 1
    outer loop
      vertex -43.87586659938097 22.464046210050583 3
      vertex -42.603840842843056 19.734492406249046 3
      vertex -43.59475481510162 22.566362537443638 3
    endloop
  endfacet
  facet normal 0 0 1
    outer loop
      vertex -43.59475481510162 22.566362537443638 3
      vertex -42.58023387938738 19.742423929274082 3
      vertex -43.50023960322142 22.59811795502901 3
    endloop
  endfacet
  facet normal 0.41128706024848133 -0.911505871660826 -2.8239968406631282e-15
    outer loop
      vertex -43.067274048924446 19.551274739205837 3
      vertex -43.058305097582334 19.555321683658637 2
      vertex -43.04457448422909 19.561517171561718 3
    endloop
  endfacet
  facet normal 0.38843479958988514 -0.9214762104729377 5.567779468312295e-16
    outer loop
      vertex -43.04457448422909 19.561517171561718 3
      vertex -42.95642504881414 19.598675274929132 2
      vertex -42.83784185349941 19.64866228401661 3
    endloop
  endfacet
  facet normal 0.36534127706891323 -0.9308736494657347 0
    outer loop
      vertex -42.83784185349941 19.64866228401661 3
      vertex -42.83784185349941 19.64866228401661 2
      vertex -42.814659632742405 19.65776064246893 3
    endloop
  endfacet
  facet normal 0.342020141092944 -0.9396926215985537 2.9460620497060824e-16
    outer loop
      vertex -42.814659632742405 19.65776064246893 3
      vertex -42.72870564540791 19.689045335143895 2
      vertex -42.603840842843056 19.734492406249046 3
    endloop
  endfacet
  facet normal 0.3184868351865037 -0.9479272840323169 0
    outer loop
      vertex -42.603840842843056 19.734492406249046 3
      vertex -42.603840842843056 19.734492406249046 2
      vertex -42.58023387938738 19.742423929274082 3
    endloop
  endfacet
  facet normal 0.2947551732416693 -0.955572806146802 0
    outer loop
      vertex -42.58023387938738 19.742423929274082 3
      vertex -42.58023387938738 19.742423929274082 2
      vertex -42.36585211753845 19.80855194479227 3
    endloop
  endfacet
  facet normal 0.27084047111319187 -0.9626242461143311 0
    outer loop
      vertex -42.36585211753845 19.80855194479227 3
      vertex -42.36585211753845 19.80855194479227 2
      vertex -42.34187913686037 19.81529689580202 3
    endloop
  endfacet
  facet normal 0.2467573899648063 -0.9690772881962286 -1.1342544577864078e-15
    outer loop
      vertex -42.34187913686037 19.81529689580202 3
      vertex -42.20546277538402 19.850032768488767 2
      vertex -42.1244675591588 19.870656684041023 3
    endloop
  endfacet
  facet normal 0.22252083212552606 -0.974927935424031 0
    outer loop
      vertex -42.1244675591588 19.870656684041023 3
      vertex -42.1244675591588 19.870656684041023 2
      vertex -42.100188471376896 19.87619822472334 3
    endloop
  endfacet
  facet normal 0.19814614173091671 -0.9801724881454036 5.492905181343786e-16
    outer loop
      vertex -42.100188471376896 19.87619822472334 3
      vertex -41.96272732973794 19.903986593794198 2
      vertex -41.880287788808346 19.920652106404305 3
    endloop
  endfacet
  facet normal 0.14904227762933972 -0.9888308244988415 0
    outer loop
      vertex -41.85576241463423 19.924976594746113 3
      vertex -41.85576241463423 19.924976594746113 2
      vertex -41.63391888141632 19.958414129912853 3
    endloop
  endfacet
  facet normal 0.12434370403320752 -0.992239206677151 0
    outer loop
      vertex -41.63391888141632 19.958414129912853 3
      vertex -41.63391888141632 19.958414129912853 2
      vertex -41.60920887440443 19.961510695517063 3
    endloop
  endfacet
  facet normal 0.09956782017073698 -0.9950307780096291 -1.2370040757224095e-15
    outer loop
      vertex -41.60920887440443 19.961510695517063 3
      vertex -41.55869761443783 19.966565108063993 2
      vertex -41.385974392294884 19.98384866863489 3
    endloop
  endfacet
  facet normal 0.07473026071494182 -0.9972037846566151 0
    outer loop
      vertex -41.385974392294884 19.98384866863489 3
      vertex -41.385974392294884 19.98384866863489 2
      vertex -41.36114075034857 19.985709697008133 3
    endloop
  endfacet
  facet normal 0.04984591976796846 -0.9987569195166986 0
    outer loop
      vertex -41.36114075034857 19.985709697008133 3
      vertex -41.36114075034857 19.985709697008133 2
      vertex -41.13707034289837 19.99689259380102 3
    endloop
  endfacet
  facet normal 0.0249307187416033 -0.9996891813273899 -1.3970246501547778e-15
    outer loop
      vertex -41.13707034289837 19.99689259380102 3
      vertex -41.133332474137106 19.996985810529303 2
      vertex -41.11217449605465 19.997513458132744 3
    endloop
  endfacet
  facet normal 0 -1 0
    outer loop
      vertex -41.11217449605465 19.997513458132744 3
      vertex -41.02407237400698 19.997513458132744 2
      vertex -40.88782548904419 19.997513458132744 3
    endloop
  endfacet
  facet normal -0.12434370403320752 -0.992239206677151 0
    outer loop
      vertex -40.39079111069441 19.961510695517063 3
      vertex -40.39079111069441 19.961510695517063 2
      vertex -40.36608110368252 19.958414129912853 3
    endloop
  endfacet
  facet normal -0.14904227762933972 -0.9888308244988415 -1.677295892665205e-15
    outer loop
      vertex -40.36608110368252 19.958414129912853 3
      vertex -40.232040739023226 19.938210794065984 2
      vertex -40.14423757046461 19.924976594746113 3
    endloop
  endfacet
  facet normal -0.024930726197984913 -0.9996891811414391 0
    outer loop
      vertex -40.88782548904419 19.997513458132744 3
      vertex -40.88782548904419 19.997513458132744 2
      vertex -40.86292964965105 19.99689259380102 3
    endloop
  endfacet
  facet normal -0.049845918114656475 -0.9987569195992121 1.04854398306227e-16
    outer loop
      vertex -40.86292964965105 19.99689259380102 3
      vertex -40.776870892463165 19.99259757698596 2
      vertex -40.63885923475027 19.985709697008133 3
    endloop
  endfacet
  facet normal -0.07473026071494182 -0.9972037846566151 0
    outer loop
      vertex -40.63885923475027 19.985709697008133 3
      vertex -40.63885923475027 19.985709697008133 2
      vertex -40.614025592803955 19.98384866863489 3
    endloop
  endfacet
  facet normal -0.09956782017073698 -0.9950307780096291 0
    outer loop
      vertex -40.39079111069441 19.961510695517063 3
      vertex -40.614025592803955 19.98384866863489 3
      vertex -40.614025592803955 19.98384866863489 2
    endloop
  endfacet
  facet normal -0.6283510212624024 -0.7779299416261698 0
    outer loop
      vertex -37.445778876543045 18.54318141937256 3
      vertex -37.591227762401104 18.660663664340973 3
      vertex -37.591227762401104 18.660663664340973 2
    endloop
  endfacet
  facet normal -0.6038044037724711 -0.7971325121866317 0
    outer loop
      vertex -37.445778876543045 18.54318141937256 3
      vertex -37.445778876543045 18.54318141937256 2
      vertex -37.127908669412136 18.30240409821272 3
    endloop
  endfacet
  facet normal -0.6522873654149042 -0.7579717626139402 0
    outer loop
      vertex -37.66682054847479 18.72571650892496 3
      vertex -37.66682054847479 18.72571650892496 2
      vertex -37.591227762401104 18.660663664340973 3
    endloop
  endfacet
  facet normal -0.6616855354934947 -0.7497814695754272 0
    outer loop
      vertex -37.70172968506813 18.75621308386326 3
      vertex -37.70172968506813 18.75621308386326 2
      vertex -37.69501591473818 18.750288151204586 3
    endloop
  endfacet
  facet normal -0.6569994740257168 -0.7538910339896155 0
    outer loop
      vertex -37.69501591473818 18.750288151204586 3
      vertex -37.69501591473818 18.750288151204586 2
      vertex -37.66682054847479 18.72571650892496 3
    endloop
  endfacet
  facet normal -0.6427876080254108 -0.7660444445128304 2.3423036329493383e-15
    outer loop
      vertex -37.70172968506813 18.75621308386326 3
      vertex -37.8735907971859 18.900421679019928 3
      vertex -37.84125126476819 18.873285589415282 2
    endloop
  endfacet
  facet normal -0.6234899514666863 -0.7818313631596452 0
    outer loop
      vertex -37.893061473965645 18.915949031710625 3
      vertex -37.893061473965645 18.915949031710625 2
      vertex -37.8735907971859 18.900421679019928 3
    endloop
  endfacet
  facet normal -0.45621067966849566 -0.8898717973710647 0
    outer loop
      vertex -38.73059440404177 19.45393332093954 3
      vertex -38.73059440404177 19.45393332093954 2
      vertex -38.70843339711428 19.44257203489542 3
    endloop
  endfacet
  facet normal -0.38843479958988514 -0.9214762104729377 -8.232438658422968e-16
    outer loop
      vertex -38.95542550086975 19.561517171561718 3
      vertex -39.162158131599426 19.64866228401661 3
      vertex -39.08848773681221 19.617607608150163 2
    endloop
  endfacet
  facet normal -0.41128706024848133 -0.911505871660826 0
    outer loop
      vertex -38.93272593617439 19.551274739205837 3
      vertex -38.95542550086975 19.561517171561718 3
      vertex -38.95542550086975 19.561517171561718 2
    endloop
  endfacet
  facet normal -0.43388374899727955 -0.900968863144596 2.0644344544280438e-15
    outer loop
      vertex -38.73059440404177 19.45393332093954 3
      vertex -38.93272593617439 19.551274739205837 3
      vertex -38.859716424420476 19.51611521042735 2
    endloop
  endfacet
  facet normal -0.1736483008439731 -0.984807731292764 0
    outer loop
      vertex -40.14423757046461 19.924976594746113 3
      vertex -40.14423757046461 19.924976594746113 2
      vertex -40.11971219629049 19.920652106404305 3
    endloop
  endfacet
  facet normal -0.19814614173091671 -0.9801724881454036 2.3706361459521063e-15
    outer loop
      vertex -40.11971219629049 19.920652106404305 3
      vertex -39.98993749539194 19.894417584839648 2
      vertex -39.89981151372194 19.87619822472334 3
    endloop
  endfacet
  facet normal -0.2947551732416693 -0.955572806146802 1.5865924012292147e-15
    outer loop
      vertex -39.63414786756039 19.80855194479227 3
      vertex -39.58975635309437 19.794858976079972 2
      vertex -39.41976610571146 19.742423929274082 3
    endloop
  endfacet
  facet normal -0.2467573899648063 -0.9690772881962286 0
    outer loop
      vertex -39.87553242594004 19.870656684041023 3
      vertex -39.87553242594004 19.870656684041023 2
      vertex -39.65812084823847 19.81529689580202 3
    endloop
  endfacet
  facet normal -0.27084047111319187 -0.9626242461143311 0
    outer loop
      vertex -39.65812084823847 19.81529689580202 3
      vertex -39.65812084823847 19.81529689580202 2
      vertex -39.63414786756039 19.80855194479227 3
    endloop
  endfacet
  facet normal -0.342020141092944 -0.9396926215985537 0
    outer loop
      vertex -39.39615914225578 19.734492406249046 3
      vertex -39.39615914225578 19.734492406249046 2
      vertex -39.185340352356434 19.65776064246893 3
    endloop
  endfacet
  facet normal -0.3184868351865037 -0.9479272840323169 0
    outer loop
      vertex -39.41976610571146 19.742423929274082 3
      vertex -39.41976610571146 19.742423929274082 2
      vertex -39.39615914225578 19.734492406249046 3
    endloop
  endfacet
  facet normal -0.5214351899236043 -0.8532908898548811 -3.9635488254693015e-16
    outer loop
      vertex -38.29840283840895 19.205840781331062 3
      vertex -38.48983805626631 19.322824403643608 3
      vertex -38.37877911026581 19.254957696886276 2
    endloop
  endfacet
  facet normal -0.5633200677861409 -0.8262387676872938 2.8664737930547214e-15
    outer loop
      vertex -38.09211754798889 19.065949268639088 3
      vertex -38.27748345583677 19.192329607903957 3
      vertex -38.17411959790165 19.121857321035073 2
    endloop
  endfacet
  facet normal -0.6038043982091218 -0.797132516400705 0
    outer loop
      vertex -37.893061473965645 18.915949031710625 3
      vertex -38.071897372603416 19.05141195654869 3
      vertex -38.071897372603416 19.05141195654869 2
    endloop
  endfacet
  facet normal -0.5837435664175887 -0.8119380817932326 4.824117553735619e-16
    outer loop
      vertex -38.09211754798889 19.065949268639088 3
      vertex -38.08243258684648 19.058986257684605 2
      vertex -38.071897372603416 19.05141195654869 3
    endloop
  endfacet
  facet normal -0.5425463675580166 -0.8400258561792021 0
    outer loop
      vertex -38.29840283840895 19.205840781331062 3
      vertex -38.29840283840895 19.205840781331062 2
      vertex -38.27748345583677 19.192329607903957 3
    endloop
  endfacet
  facet normal -0.4782539741253036 -0.8782215758186276 0
    outer loop
      vertex -38.70843339711428 19.44257203489542 3
      vertex -38.70843339711428 19.44257203489542 2
      vertex -38.51140517741442 19.335276186466217 3
    endloop
  endfacet
  facet normal -0.49999998861918094 -0.8660254103551575 0
    outer loop
      vertex -38.51140517741442 19.335276186466217 3
      vertex -38.51140517741442 19.335276186466217 2
      vertex -38.48983805626631 19.322824403643608 3
    endloop
  endfacet
  facet normal 0 0 1
    outer loop
      vertex -38.70843339711428 19.44257203489542 3
      vertex -38.51140517741442 19.335276186466217 3
      vertex -37.3065185546875 22.09512433409691 3
    endloop
  endfacet
  facet normal 0 0 1
    outer loop
      vertex -38.51140517741442 19.335276186466217 3
      vertex -38.48983805626631 19.322824403643608 3
      vertex -37.04379612207413 21.9520533233881 3
    endloop
  endfacet
  facet normal 0 0 1
    outer loop
      vertex -37.893061473965645 18.915949031710625 3
      vertex -37.8735907971859 18.900421679019928 3
      vertex -36.05183394253254 21.28476309776306 3
    endloop
  endfacet
  facet normal 0 0 1
    outer loop
      vertex -38.09211754798889 19.065949268639088 3
      vertex -38.071897372603416 19.05141195654869 3
      vertex -36.371254339814186 21.52359626442194 3
    endloop
  endfacet
  facet normal 0 0 1
    outer loop
      vertex -37.893061473965645 18.915949031710625 3
      vertex -36.290298379957676 21.465392887592316 3
      vertex -38.071897372603416 19.05141195654869 3
    endloop
  endfacet
  facet normal 0 0 1
    outer loop
      vertex -38.29840283840895 19.205840781331062 3
      vertex -38.27748345583677 19.192329607903957 3
      vertex -36.70218266546726 21.74621084332466 3
    endloop
  endfacet
  facet normal 0 0 1
    outer loop
      vertex -38.09211754798889 19.065949268639088 3
      vertex -36.61842615902424 21.692115157842636 3
      vertex -38.27748345583677 19.192329607903957 3
    endloop
  endfacet
  facet normal 0 0 1
    outer loop
      vertex -38.29840283840895 19.205840781331062 3
      vertex -36.95744712650776 21.90219970792532 3
      vertex -38.48983805626631 19.322824403643608 3
    endloop
  endfacet
  facet normal -0.24675740224050347 0.9690772850704522 0
    outer loop
      vertex -43.1183967217803 22.71329954266548 3
      vertex -42.82849441468716 22.78711774200201 3
      vertex -42.82849441468716 22.78711774200201 2
    endloop
  endfacet
  facet normal -0.2225209113665346 0.9749279173377932 0
    outer loop
      vertex -42.82849441468716 22.78711774200201 3
      vertex -42.73128718882799 22.809304654598236 3
      vertex -42.73128718882799 22.809304654598236 2
    endloop
  endfacet
  facet normal -0.1981461387006215 0.9801724887579909 0
    outer loop
      vertex -42.73128718882799 22.809304654598236 3
      vertex -42.43806578218937 22.868580639362335 3
      vertex -42.43806578218937 22.868580639362335 2
    endloop
  endfacet
  facet normal -0.1736481847916169 0.9848077517559336 0
    outer loop
      vertex -42.43806578218937 22.868580639362335 3
      vertex -42.33987332880497 22.885894618928432 3
      vertex -42.33987332880497 22.885894618928432 2
    endloop
  endfacet
  facet normal -0.1490422807078754 0.9888308240348268 0
    outer loop
      vertex -42.33987332880497 22.885894618928432 3
      vertex -42.044061690568924 22.930481053888798 3
      vertex -42.044061690568924 22.930481053888798 2
    endloop
  endfacet
  facet normal -0.12434367916502603 0.9922392097935382 0
    outer loop
      vertex -42.044061690568924 22.930481053888798 3
      vertex -41.9451282992959 22.942879013717175 3
      vertex -41.9451282992959 22.942879013717175 2
    endloop
  endfacet
  facet normal -0.09956784456177468 0.9950307755689379 0
    outer loop
      vertex -41.9451282992959 22.942879013717175 3
      vertex -41.647461995482445 22.972665019333363 3
      vertex -41.647461995482445 22.972665019333363 2
    endloop
  endfacet
  facet normal -0.07473009031671449 0.9972037974262109 0
    outer loop
      vertex -41.647461995482445 22.972665019333363 3
      vertex -41.548033744096756 22.98011613637209 3
      vertex -41.548033744096756 22.98011613637209 2
    endloop
  endfacet
  facet normal -0.04984590700630742 0.9987569201536071 0
    outer loop
      vertex -41.548033744096756 22.98011613637209 3
      vertex -41.24925272166729 22.99502768367529 3
      vertex -41.24925272166729 22.99502768367529 2
    endloop
  endfacet
  facet normal -0.024930699545980785 0.9996891818060992 0
    outer loop
      vertex -41.24925272166729 22.99502768367529 3
      vertex -41.14957634359598 22.997513458132744 3
      vertex -41.14957634359598 22.997513458132744 2
    endloop
  endfacet
  facet normal 0 1 0
    outer loop
      vertex -41.14957634359598 22.997513458132744 3
      vertex -40.85042365640402 22.997513458132744 3
      vertex -40.85042365640402 22.997513458132744 2
    endloop
  endfacet
  facet normal 0.02493069768362657 0.9996891818525434 0
    outer loop
      vertex -40.85042365640402 22.997513458132744 3
      vertex -40.75074727088213 22.99502768367529 3
      vertex -40.75074727088213 22.99502768367529 2
    endloop
  endfacet
  facet normal 0.04984590700630742 0.9987569201536071 0
    outer loop
      vertex -40.75074727088213 22.99502768367529 3
      vertex -40.45196624845266 22.98011613637209 3
      vertex -40.45196624845266 22.98011613637209 2
    endloop
  endfacet
  facet normal 0.07473009031671449 0.9972037974262109 0
    outer loop
      vertex -40.45196624845266 22.98011613637209 3
      vertex -40.352537997066975 22.972665019333363 3
      vertex -40.352537997066975 22.972665019333363 2
    endloop
  endfacet
  facet normal 0.09956784456177468 0.9950307755689379 0
    outer loop
      vertex -40.352537997066975 22.972665019333363 3
      vertex -40.05487169325352 22.942879013717175 3
      vertex -40.05487169325352 22.942879013717175 2
    endloop
  endfacet
  facet normal 0.12434367916502603 0.9922392097935382 0
    outer loop
      vertex -40.05487169325352 22.942879013717175 3
      vertex -39.955938301980495 22.930481053888798 3
      vertex -39.955938301980495 22.930481053888798 2
    endloop
  endfacet
  facet normal 0.1490422807078754 0.9888308240348268 0
    outer loop
      vertex -39.955938301980495 22.930481053888798 3
      vertex -39.66012666374445 22.885894618928432 3
      vertex -39.66012666374445 22.885894618928432 2
    endloop
  endfacet
  facet normal 0.1736481847916169 0.9848077517559336 0
    outer loop
      vertex -39.66012666374445 22.885894618928432 3
      vertex -39.56193421036005 22.868580639362335 3
      vertex -39.56193421036005 22.868580639362335 2
    endloop
  endfacet
  facet normal 0.1981461387006215 0.9801724887579909 0
    outer loop
      vertex -39.56193421036005 22.868580639362335 3
      vertex -39.26871280372143 22.809304654598236 3
      vertex -39.26871280372143 22.809304654598236 2
    endloop
  endfacet
  facet normal 0.2225209113665346 0.9749279173377932 0
    outer loop
      vertex -39.26871280372143 22.809304654598236 3
      vertex -39.17150557786226 22.78711774200201 3
      vertex -39.17150557786226 22.78711774200201 2
    endloop
  endfacet
  facet normal 0.24675740224050347 0.9690772850704522 0
    outer loop
      vertex -39.17150557786226 22.78711774200201 3
      vertex -38.88160327076912 22.71329954266548 3
      vertex -38.88160327076912 22.71329954266548 2
    endloop
  endfacet
  facet normal 0.2708404439873667 0.9626242537463546 0
    outer loop
      vertex -38.88160327076912 22.71329954266548 3
      vertex -38.785622626543045 22.68629477918148 3
      vertex -38.785622626543045 22.68629477918148 2
    endloop
  endfacet
  facet normal 0.41128703999258565 0.9115058808006327 0
    outer loop
      vertex -37.75565644353628 22.31141773611307 3
      vertex -37.664772629737854 22.270409405231476 3
      vertex -37.664772629737854 22.270409405231476 2
    endloop
  endfacet
  facet normal 0.45621063290146724 0.8898718213471212 0
    outer loop
      vertex -37.395245373249054 22.140611916780472 3
      vertex -37.3065185546875 22.09512433409691 3
      vertex -37.3065185546875 22.09512433409691 2
    endloop
  endfacet
  facet normal 0.43388374630603166 0.9009688644406327 0
    outer loop
      vertex -37.664772629737854 22.270409405231476 3
      vertex -37.395245373249054 22.140611916780472 3
      vertex -37.395245373249054 22.140611916780472 2
    endloop
  endfacet
  facet normal 0.29475517975450993 0.9555728041378567 0
    outer loop
      vertex -38.785622626543045 22.68629477918148 3
      vertex -38.499760389328 22.59811795502901 3
      vertex -38.499760389328 22.59811795502901 2
    endloop
  endfacet
  facet normal 0.3184866073610943 0.9479273605776026 0
    outer loop
      vertex -38.405245177447796 22.566362537443638 3
      vertex -38.405245177447796 22.566362537443638 2
      vertex -38.499760389328 22.59811795502901 3
    endloop
  endfacet
  facet normal 0.3653410447674825 0.9308737406373672 0
    outer loop
      vertex -38.12413339316845 22.464046210050583 3
      vertex -38.031318597495556 22.427619084715843 3
      vertex -38.031318597495556 22.427619084715843 2
    endloop
  endfacet
  facet normal 0.34202015930613744 0.9396926149694934 0
    outer loop
      vertex -38.405245177447796 22.566362537443638 3
      vertex -38.12413339316845 22.464046210050583 3
      vertex -38.12413339316845 22.464046210050583 2
    endloop
  endfacet
  facet normal 0.38843481448196165 0.9214762041954008 0
    outer loop
      vertex -37.75565644353628 22.31141773611307 3
      vertex -37.75565644353628 22.31141773611307 2
      vertex -38.031318597495556 22.427619084715843 3
    endloop
  endfacet
  facet normal 0 0 1
    outer loop
      vertex -43.87586659938097 22.464046210050583 3
      vertex -42.814659632742405 19.65776064246893 3
      vertex -42.603840842843056 19.734492406249046 3
    endloop
  endfacet
  facet normal 0 0 1
    outer loop
      vertex -43.59475481510162 22.566362537443638 3
      vertex -42.603840842843056 19.734492406249046 3
      vertex -42.58023387938738 19.742423929274082 3
    endloop
  endfacet
  facet normal 0 0 1
    outer loop
      vertex -43.50023960322142 22.59811795502901 3
      vertex -42.58023387938738 19.742423929274082 3
      vertex -42.36585211753845 19.80855194479227 3
    endloop
  endfacet
  facet normal 0 0 1
    outer loop
      vertex -43.214377366006374 22.68629477918148 3
      vertex -42.36585211753845 19.80855194479227 3
      vertex -42.34187913686037 19.81529689580202 3
    endloop
  endfacet
  facet normal 0 0 1
    outer loop
      vertex -42.34187913686037 19.81529689580202 3
      vertex -42.1244675591588 19.870656684041023 3
      vertex -43.1183967217803 22.71329954266548 3
    endloop
  endfacet
  facet normal 0 0 1
    outer loop
      vertex -42.1244675591588 19.870656684041023 3
      vertex -42.100188471376896 19.87619822472334 3
      vertex -42.82849441468716 22.78711774200201 3
    endloop
  endfacet
  facet normal 0 0 1
    outer loop
      vertex -42.100188471376896 19.87619822472334 3
      vertex -41.880287788808346 19.920652106404305 3
      vertex -42.73128718882799 22.809304654598236 3
    endloop
  endfacet
  facet normal 0 0 1
    outer loop
      vertex -41.880287788808346 19.920652106404305 3
      vertex -41.85576241463423 19.924976594746113 3
      vertex -42.43806578218937 22.868580639362335 3
    endloop
  endfacet
  facet normal 0 0 1
    outer loop
      vertex -41.85576241463423 19.924976594746113 3
      vertex -41.63391888141632 19.958414129912853 3
      vertex -42.33987332880497 22.885894618928432 3
    endloop
  endfacet
  facet normal 0 0 1
    outer loop
      vertex -41.63391888141632 19.958414129912853 3
      vertex -41.60920887440443 19.961510695517063 3
      vertex -42.044061690568924 22.930481053888798 3
    endloop
  endfacet
  facet normal 0 0 1
    outer loop
      vertex -41.60920887440443 19.961510695517063 3
      vertex -41.385974392294884 19.98384866863489 3
      vertex -41.9451282992959 22.942879013717175 3
    endloop
  endfacet
  facet normal 0 0 1
    outer loop
      vertex -41.385974392294884 19.98384866863489 3
      vertex -41.36114075034857 19.985709697008133 3
      vertex -41.647461995482445 22.972665019333363 3
    endloop
  endfacet
  facet normal 0 0 1
    outer loop
      vertex -40.39079111069441 19.961510695517063 3
      vertex -40.352537997066975 22.972665019333363 3
      vertex -40.614025592803955 19.98384866863489 3
    endloop
  endfacet
  facet normal 0 0 1
    outer loop
      vertex -40.39079111069441 19.961510695517063 3
      vertex -40.36608110368252 19.958414129912853 3
      vertex -40.05487169325352 22.942879013717175 3
    endloop
  endfacet
  facet normal 0 0 1
    outer loop
      vertex -41.36114075034857 19.985709697008133 3
      vertex -41.13707034289837 19.99689259380102 3
      vertex -41.548033744096756 22.98011613637209 3
    endloop
  endfacet
  facet normal 0 0 1
    outer loop
      vertex -41.13707034289837 19.99689259380102 3
      vertex -41.11217449605465 19.997513458132744 3
      vertex -41.24925272166729 22.99502768367529 3
    endloop
  endfacet
  facet normal 0 0 1
    outer loop
      vertex -41.11217449605465 19.997513458132744 3
      vertex -40.88782548904419 19.997513458132744 3
      vertex -41.14957634359598 22.997513458132744 3
    endloop
  endfacet
  facet normal 0 0 1
    outer loop
      vertex -40.88782548904419 19.997513458132744 3
      vertex -40.86292964965105 19.99689259380102 3
      vertex -40.85042365640402 22.997513458132744 3
    endloop
  endfacet
  facet normal 0 0 1
    outer loop
      vertex -40.86292964965105 19.99689259380102 3
      vertex -40.63885923475027 19.985709697008133 3
      vertex -40.75074727088213 22.99502768367529 3
    endloop
  endfacet
  facet normal 0 0 1
    outer loop
      vertex -40.63885923475027 19.985709697008133 3
      vertex -40.614025592803955 19.98384866863489 3
      vertex -40.45196624845266 22.98011613637209 3
    endloop
  endfacet
  facet normal 0 0 1
    outer loop
      vertex -43.50023960322142 22.59811795502901 3
      vertex -42.36585211753845 19.80855194479227 3
      vertex -43.214377366006374 22.68629477918148 3
    endloop
  endfacet
  facet normal 0 0 1
    outer loop
      vertex -43.214377366006374 22.68629477918148 3
      vertex -42.34187913686037 19.81529689580202 3
      vertex -43.1183967217803 22.71329954266548 3
    endloop
  endfacet
  facet normal 0 0 1
    outer loop
      vertex -42.1244675591588 19.870656684041023 3
      vertex -42.82849441468716 22.78711774200201 3
      vertex -43.1183967217803 22.71329954266548 3
    endloop
  endfacet
  facet normal 0 0 1
    outer loop
      vertex -42.100188471376896 19.87619822472334 3
      vertex -42.73128718882799 22.809304654598236 3
      vertex -42.82849441468716 22.78711774200201 3
    endloop
  endfacet
  facet normal 0 0 1
    outer loop
      vertex -41.880287788808346 19.920652106404305 3
      vertex -42.43806578218937 22.868580639362335 3
      vertex -42.73128718882799 22.809304654598236 3
    endloop
  endfacet
  facet normal 0 0 1
    outer loop
      vertex -41.85576241463423 19.924976594746113 3
      vertex -42.33987332880497 22.885894618928432 3
      vertex -42.43806578218937 22.868580639362335 3
    endloop
  endfacet
  facet normal 0 0 1
    outer loop
      vertex -41.63391888141632 19.958414129912853 3
      vertex -42.044061690568924 22.930481053888798 3
      vertex -42.33987332880497 22.885894618928432 3
    endloop
  endfacet
  facet normal 0 0 1
    outer loop
      vertex -41.60920887440443 19.961510695517063 3
      vertex -41.9451282992959 22.942879013717175 3
      vertex -42.044061690568924 22.930481053888798 3
    endloop
  endfacet
  facet normal 0 0 1
    outer loop
      vertex -41.385974392294884 19.98384866863489 3
      vertex -41.647461995482445 22.972665019333363 3
      vertex -41.9451282992959 22.942879013717175 3
    endloop
  endfacet
  facet normal 0 0 1
    outer loop
      vertex -41.36114075034857 19.985709697008133 3
      vertex -41.548033744096756 22.98011613637209 3
      vertex -41.647461995482445 22.972665019333363 3
    endloop
  endfacet
  facet normal 0 0 1
    outer loop
      vertex -41.13707034289837 19.99689259380102 3
      vertex -41.24925272166729 22.99502768367529 3
      vertex -41.548033744096756 22.98011613637209 3
    endloop
  endfacet
  facet normal 0 0 1
    outer loop
      vertex -41.11217449605465 19.997513458132744 3
      vertex -41.14957634359598 22.997513458132744 3
      vertex -41.24925272166729 22.99502768367529 3
    endloop
  endfacet
  facet normal 0 0 1
    outer loop
      vertex -40.88782548904419 19.997513458132744 3
      vertex -40.85042365640402 22.997513458132744 3
      vertex -41.14957634359598 22.997513458132744 3
    endloop
  endfacet
  facet normal 0 0 1
    outer loop
      vertex -40.63885923475027 19.985709697008133 3
      vertex -40.45196624845266 22.98011613637209 3
      vertex -40.75074727088213 22.99502768367529 3
    endloop
  endfacet
  facet normal 0 0 1
    outer loop
      vertex -40.614025592803955 19.98384866863489 3
      vertex -40.352537997066975 22.972665019333363 3
      vertex -40.45196624845266 22.98011613637209 3
    endloop
  endfacet
  facet normal 0 0 1
    outer loop
      vertex -40.39079111069441 19.961510695517063 3
      vertex -40.05487169325352 22.942879013717175 3
      vertex -40.352537997066975 22.972665019333363 3
    endloop
  endfacet
  facet normal 0 0 1
    outer loop
      vertex -40.86292964965105 19.99689259380102 3
      vertex -40.75074727088213 22.99502768367529 3
      vertex -40.85042365640402 22.997513458132744 3
    endloop
  endfacet
  facet normal 0 0 1
    outer loop
      vertex -40.36608110368252 19.958414129912853 3
      vertex -40.14423757046461 19.924976594746113 3
      vertex -39.955938301980495 22.930481053888798 3
    endloop
  endfacet
  facet normal 0 0 1
    outer loop
      vertex -40.11971219629049 19.920652106404305 3
      vertex -39.89981151372194 19.87619822472334 3
      vertex -39.56193421036005 22.868580639362335 3
    endloop
  endfacet
  facet normal 0 0 1
    outer loop
      vertex -40.14423757046461 19.924976594746113 3
      vertex -40.11971219629049 19.920652106404305 3
      vertex -39.66012666374445 22.885894618928432 3
    endloop
  endfacet
  facet normal 0 0 1
    outer loop
      vertex -39.89981151372194 19.87619822472334 3
      vertex -39.87553242594004 19.870656684041023 3
      vertex -39.26871280372143 22.809304654598236 3
    endloop
  endfacet
  facet normal 0 0 1
    outer loop
      vertex -39.87553242594004 19.870656684041023 3
      vertex -39.65812084823847 19.81529689580202 3
      vertex -39.17150557786226 22.78711774200201 3
    endloop
  endfacet
  facet normal 0 0 1
    outer loop
      vertex -39.185340352356434 19.65776064246893 3
      vertex -39.162158131599426 19.64866228401661 3
      vertex -38.12413339316845 22.464046210050583 3
    endloop
  endfacet
  facet normal 0 0 1
    outer loop
      vertex -39.65812084823847 19.81529689580202 3
      vertex -39.63414786756039 19.80855194479227 3
      vertex -38.88160327076912 22.71329954266548 3
    endloop
  endfacet
  facet normal 0 0 1
    outer loop
      vertex -39.63414786756039 19.80855194479227 3
      vertex -39.41976610571146 19.742423929274082 3
      vertex -38.785622626543045 22.68629477918148 3
    endloop
  endfacet
  facet normal 0 0 1
    outer loop
      vertex -39.41976610571146 19.742423929274082 3
      vertex -39.39615914225578 19.734492406249046 3
      vertex -38.499760389328 22.59811795502901 3
    endloop
  endfacet
  facet normal 0 0 1
    outer loop
      vertex -39.39615914225578 19.734492406249046 3
      vertex -39.185340352356434 19.65776064246893 3
      vertex -38.405245177447796 22.566362537443638 3
    endloop
  endfacet
  facet normal 0 0 1
    outer loop
      vertex -39.39615914225578 19.734492406249046 3
      vertex -38.405245177447796 22.566362537443638 3
      vertex -38.499760389328 22.59811795502901 3
    endloop
  endfacet
  facet normal 0 0 1
    outer loop
      vertex -38.93272593617439 19.551274739205837 3
      vertex -37.75565644353628 22.31141773611307 3
      vertex -38.95542550086975 19.561517171561718 3
    endloop
  endfacet
  facet normal 0 0 1
    outer loop
      vertex -38.73059440404177 19.45393332093954 3
      vertex -37.664772629737854 22.270409405231476 3
      vertex -38.93272593617439 19.551274739205837 3
    endloop
  endfacet
  facet normal 0 0 1
    outer loop
      vertex -38.95542550086975 19.561517171561718 3
      vertex -38.031318597495556 22.427619084715843 3
      vertex -39.162158131599426 19.64866228401661 3
    endloop
  endfacet
  facet normal 0 0 1
    outer loop
      vertex -38.73059440404177 19.45393332093954 3
      vertex -38.70843339711428 19.44257203489542 3
      vertex -37.395245373249054 22.140611916780472 3
    endloop
  endfacet
  facet normal 0 0 1
    outer loop
      vertex -38.29840283840895 19.205840781331062 3
      vertex -36.70218266546726 21.74621084332466 3
      vertex -36.95744712650776 21.90219970792532 3
    endloop
  endfacet
  facet normal 0 0 1
    outer loop
      vertex -39.185340352356434 19.65776064246893 3
      vertex -38.12413339316845 22.464046210050583 3
      vertex -38.405245177447796 22.566362537443638 3
    endloop
  endfacet
  facet normal 0 0 1
    outer loop
      vertex -39.162158131599426 19.64866228401661 3
      vertex -38.031318597495556 22.427619084715843 3
      vertex -38.12413339316845 22.464046210050583 3
    endloop
  endfacet
  facet normal 0 0 1
    outer loop
      vertex -38.95542550086975 19.561517171561718 3
      vertex -37.75565644353628 22.31141773611307 3
      vertex -38.031318597495556 22.427619084715843 3
    endloop
  endfacet
  facet normal 0 0 1
    outer loop
      vertex -38.93272593617439 19.551274739205837 3
      vertex -37.664772629737854 22.270409405231476 3
      vertex -37.75565644353628 22.31141773611307 3
    endloop
  endfacet
  facet normal 0 0 1
    outer loop
      vertex -38.51140517741442 19.335276186466217 3
      vertex -37.04379612207413 21.9520533233881 3
      vertex -37.3065185546875 22.09512433409691 3
    endloop
  endfacet
  facet normal 0 0 1
    outer loop
      vertex -38.70843339711428 19.44257203489542 3
      vertex -37.3065185546875 22.09512433409691 3
      vertex -37.395245373249054 22.140611916780472 3
    endloop
  endfacet
  facet normal 0 0 1
    outer loop
      vertex -38.73059440404177 19.45393332093954 3
      vertex -37.395245373249054 22.140611916780472 3
      vertex -37.664772629737854 22.270409405231476 3
    endloop
  endfacet
  facet normal 0 0 1
    outer loop
      vertex -38.48983805626631 19.322824403643608 3
      vertex -36.95744712650776 21.90219970792532 3
      vertex -37.04379612207413 21.9520533233881 3
    endloop
  endfacet
  facet normal 0 0 1
    outer loop
      vertex -40.36608110368252 19.958414129912853 3
      vertex -39.955938301980495 22.930481053888798 3
      vertex -40.05487169325352 22.942879013717175 3
    endloop
  endfacet
  facet normal 0 0 1
    outer loop
      vertex -40.14423757046461 19.924976594746113 3
      vertex -39.66012666374445 22.885894618928432 3
      vertex -39.955938301980495 22.930481053888798 3
    endloop
  endfacet
  facet normal 0 0 1
    outer loop
      vertex -40.11971219629049 19.920652106404305 3
      vertex -39.56193421036005 22.868580639362335 3
      vertex -39.66012666374445 22.885894618928432 3
    endloop
  endfacet
  facet normal 0 0 1
    outer loop
      vertex -39.89981151372194 19.87619822472334 3
      vertex -39.26871280372143 22.809304654598236 3
      vertex -39.56193421036005 22.868580639362335 3
    endloop
  endfacet
  facet normal 0 0 1
    outer loop
      vertex -39.63414786756039 19.80855194479227 3
      vertex -38.785622626543045 22.68629477918148 3
      vertex -38.88160327076912 22.71329954266548 3
    endloop
  endfacet
  facet normal 0 0 1
    outer loop
      vertex -39.65812084823847 19.81529689580202 3
      vertex -38.88160327076912 22.71329954266548 3
      vertex -39.17150557786226 22.78711774200201 3
    endloop
  endfacet
  facet normal 0 0 1
    outer loop
      vertex -39.87553242594004 19.870656684041023 3
      vertex -39.17150557786226 22.78711774200201 3
      vertex -39.26871280372143 22.809304654598236 3
    endloop
  endfacet
  facet normal 0 0 1
    outer loop
      vertex -39.41976610571146 19.742423929274082 3
      vertex -38.499760389328 22.59811795502901 3
      vertex -38.785622626543045 22.68629477918148 3
    endloop
  endfacet
  facet normal -0.38843478098658013 -0.9214762183148882 0
    outer loop
      vertex -35.64301486313343 17.49377403408289 3
      vertex -35.91860560327768 17.60994526743889 2
      vertex -35.64301486313343 17.49377403408289 2
    endloop
  endfacet
  facet normal -0.3420201521979843 -0.9396926175566497 0
    outer loop
      vertex -35.268296375870705 17.35738765448332 3
      vertex -35.64301486313343 17.49377403408289 2
      vertex -35.268296375870705 17.35738765448332 2
    endloop
  endfacet
  facet normal -0.29475519015278834 -0.9555728009304123 0
    outer loop
      vertex -34.98250808566809 17.269233636558056 3
      vertex -35.268296375870705 17.35738765448332 2
      vertex -34.98250808566809 17.269233636558056 2
    endloop
  endfacet
  facet normal -0.2467573877406342 -0.9690772887625725 0
    outer loop
      vertex -34.59607196599245 17.17083491384983 3
      vertex -34.98250808566809 17.269233636558056 2
      vertex -34.59607196599245 17.17083491384983 2
    endloop
  endfacet
  facet normal -0.19814614344275336 -0.9801724877993483 0
    outer loop
      vertex -34.302926637232304 17.111574307084084 3
      vertex -34.59607196599245 17.17083491384983 2
      vertex -34.302926637232304 17.111574307084084 2
    endloop
  endfacet
  facet normal -0.14904227768953318 -0.9888308244897689 0
    outer loop
      vertex -33.908613450825214 17.052141152322292 3
      vertex -34.302926637232304 17.111574307084084 2
      vertex -33.908613450825214 17.052141152322292 2
    endloop
  endfacet
  facet normal -0.0995678365132191 -0.9950307763743175 0
    outer loop
      vertex -33.611024260520935 17.022362865507603 3
      vertex -33.908613450825214 17.052141152322292 2
      vertex -33.611024260520935 17.022362865507603 2
    endloop
  endfacet
  facet normal -0.0498458822857024 -0.9987569213873613 0
    outer loop
      vertex -33.21275287121534 17.00248596817255 3
      vertex -33.611024260520935 17.022362865507603 2
      vertex -33.21275287121534 17.00248596817255 2
    endloop
  endfacet
  facet normal -0.024930712147119536 -0.9996891814918463 0
    outer loop
      vertex -33.06321522593498 16.998756729066372 3
      vertex -33.21275287121534 17.00248596817255 2
      vertex -33.06321522593498 16.998756729066372 2
    endloop
  endfacet
  facet normal -0.38843478098658013 -0.9214762183148882 0
    outer loop
      vertex -35.91860560327768 17.60994526743889 3
      vertex -35.91860560327768 17.60994526743889 2
      vertex -35.64301486313343 17.49377403408289 3
    endloop
  endfacet
  facet normal -0.3420201521979843 -0.9396926175566497 0
    outer loop
      vertex -35.64301486313343 17.49377403408289 3
      vertex -35.64301486313343 17.49377403408289 2
      vertex -35.268296375870705 17.35738765448332 3
    endloop
  endfacet
  facet normal -0.29475519015278834 -0.9555728009304123 0
    outer loop
      vertex -35.268296375870705 17.35738765448332 3
      vertex -35.268296375870705 17.35738765448332 2
      vertex -34.98250808566809 17.269233636558056 3
    endloop
  endfacet
  facet normal -0.2467573877406342 -0.9690772887625725 0
    outer loop
      vertex -34.98250808566809 17.269233636558056 3
      vertex -34.98250808566809 17.269233636558056 2
      vertex -34.59607196599245 17.17083491384983 3
    endloop
  endfacet
  facet normal -0.19814614344275336 -0.9801724877993483 0
    outer loop
      vertex -34.59607196599245 17.17083491384983 3
      vertex -34.59607196599245 17.17083491384983 2
      vertex -34.302926637232304 17.111574307084084 3
    endloop
  endfacet
  facet normal -0.14904227768953318 -0.9888308244897689 0
    outer loop
      vertex -34.302926637232304 17.111574307084084 3
      vertex -34.302926637232304 17.111574307084084 2
      vertex -33.908613450825214 17.052141152322292 3
    endloop
  endfacet
  facet normal -0.0995678365132191 -0.9950307763743175 0
    outer loop
      vertex -33.908613450825214 17.052141152322292 3
      vertex -33.908613450825214 17.052141152322292 2
      vertex -33.611024260520935 17.022362865507603 3
    endloop
  endfacet
  facet normal -0.0498458822857024 -0.9987569213873613 0
    outer loop
      vertex -33.611024260520935 17.022362865507603 3
      vertex -33.611024260520935 17.022362865507603 2
      vertex -33.21275287121534 17.00248596817255 3
    endloop
  endfacet
  facet normal -0.024930712147119536 -0.9996891814918463 0
    outer loop
      vertex -33.21275287121534 17.00248596817255 3
      vertex -33.21275287121534 17.00248596817255 2
      vertex -33.06321522593498 16.998756729066372 3
    endloop
  endfacet
  facet normal -0.5633200602203609 -0.8262387728455552 0
    outer loop
      vertex -36.88080109655857 18.133929006755352 3
      vertex -37.127908669412136 18.30240409821272 2
      vertex -36.88080109655857 18.133929006755352 2
    endloop
  endfacet
  facet normal -0.5214352123706895 -0.8532908761377529 0
    outer loop
      vertex -36.540536783635616 17.92599780857563 3
      vertex -36.88080109655857 18.133929006755352 2
      vertex -36.540536783635616 17.92599780857563 2
    endloop
  endfacet
  facet normal -0.47825398106737954 -0.8782215720381745 0
    outer loop
      vertex -36.27788233757019 17.782963819801807 3
      vertex -36.540536783635616 17.92599780857563 2
      vertex -36.27788233757019 17.782963819801807 2
    endloop
  endfacet
  facet normal -0.43388373097417887 -0.9009688718240638 0
    outer loop
      vertex -35.91860560327768 17.60994526743889 3
      vertex -36.27788233757019 17.782963819801807 2
      vertex -35.91860560327768 17.60994526743889 2
    endloop
  endfacet
  facet normal -0.6038044037724711 -0.7971325121866317 0
    outer loop
      vertex -37.127908669412136 18.30240409821272 3
      vertex -37.445778876543045 18.54318141937256 2
      vertex -37.127908669412136 18.30240409821272 2
    endloop
  endfacet
  facet normal 0.3420201521979843 0.9396926175566497 0
    outer loop
      vertex -34.616954408586025 20.312851883471012 3
      vertex -34.2422359213233 20.17646550387144 2
      vertex -34.616954408586025 20.312851883471012 2
    endloop
  endfacet
  facet normal 0.2467573877406342 0.9690772887625725 0
    outer loop
      vertex -34.2422359213233 20.17646550387144 3
      vertex -33.85579980164766 20.078066781163216 2
      vertex -34.2422359213233 20.17646550387144 2
    endloop
  endfacet
  facet normal 0.14904227768953318 0.9888308244897689 0
    outer loop
      vertex -33.85579980164766 20.078066781163216 3
      vertex -33.461486615240574 20.018633626401424 2
      vertex -33.85579980164766 20.078066781163216 2
    endloop
  endfacet
  facet normal 0.0498458822857024 0.9987569213873613 0
    outer loop
      vertex -33.461486615240574 20.018633626401424 3
      vertex -33.06321522593498 19.998756729066372 2
      vertex -33.461486615240574 20.018633626401424 2
    endloop
  endfacet
  facet normal 0.5633200591681331 0.826238773562952 0
    outer loop
      vertex -36.61842615902424 21.692115157842636 3
      vertex -36.371254339814186 21.52359626442194 2
      vertex -36.61842615902424 21.692115157842636 2
    endloop
  endfacet
  facet normal 0.6234898381053261 0.7818314535623354 0
    outer loop
      vertex -36.05183394253254 21.28476309776306 3
      vertex -35.973879516124725 21.222596511244774 2
      vertex -36.05183394253254 21.28476309776306 2
    endloop
  endfacet
  facet normal 0.6427876027210405 0.7660444489637255 0
    outer loop
      vertex -35.973879516124725 21.222596511244774 3
      vertex -35.74471539258957 21.030304983258247 2
      vertex -35.973879516124725 21.222596511244774 2
    endloop
  endfacet
  facet normal 0.6038044055895226 0.7971325108102687 0
    outer loop
      vertex -36.290298379957676 21.465392887592316 3
      vertex -36.05183394253254 21.28476309776306 2
      vertex -36.290298379957676 21.465392887592316 2
    endloop
  endfacet
  facet normal 0.5837437081712223 0.8119379798793198 0
    outer loop
      vertex -36.371254339814186 21.52359626442194 3
      vertex -36.290298379957676 21.465392887592316 2
      vertex -36.371254339814186 21.52359626442194 2
    endloop
  endfacet
  facet normal 0.5214352123706895 0.8532908761377529 0
    outer loop
      vertex -35.31649545580149 20.693801634013653 3
      vertex -34.97623114287853 20.48587043583393 2
      vertex -35.31649545580149 20.693801634013653 2
    endloop
  endfacet
  facet normal 0.6522873654149042 0.7579717626139402 0
    outer loop
      vertex -35.70995844900608 20.99963179975748 3
      vertex -35.634365662932396 20.934578955173492 2
      vertex -35.70995844900608 20.99963179975748 2
    endloop
  endfacet
  facet normal 0.6038044037724711 0.7971325121866317 0
    outer loop
      vertex -35.634365662932396 20.934578955173492 3
      vertex -35.31649545580149 20.693801634013653 2
      vertex -35.634365662932396 20.934578955173492 2
    endloop
  endfacet
  facet normal 0.43388373097417887 0.9009688718240638 0
    outer loop
      vertex -34.97623114287853 20.48587043583393 3
      vertex -34.616954408586025 20.312851883471012 2
      vertex -34.97623114287853 20.48587043583393 2
    endloop
  endfacet
  facet normal 0.6616858229866687 0.7497812158613038 0
    outer loop
      vertex -35.74471539258957 21.030304983258247 3
      vertex -35.70995844900608 20.99963179975748 2
      vertex -35.74471539258957 21.030304983258247 2
    endloop
  endfacet
  facet normal 0.49999999720394084 0.8660254053987442 0
    outer loop
      vertex -37.04379612207413 21.9520533233881 3
      vertex -36.95744712650776 21.90219970792532 2
      vertex -37.04379612207413 21.9520533233881 2
    endloop
  endfacet
  facet normal 0.5425462511474786 0.8400259313651081 0
    outer loop
      vertex -36.70218266546726 21.74621084332466 3
      vertex -36.61842615902424 21.692115157842636 2
      vertex -36.70218266546726 21.74621084332466 2
    endloop
  endfacet
  facet normal 0.5214352023574569 0.8532908822567121 0
    outer loop
      vertex -36.95744712650776 21.90219970792532 3
      vertex -36.70218266546726 21.74621084332466 2
      vertex -36.95744712650776 21.90219970792532 2
    endloop
  endfacet
  facet normal 0.47825397703000155 0.8782215742368134 0
    outer loop
      vertex -37.3065185546875 22.09512433409691 3
      vertex -37.04379612207413 21.9520533233881 2
      vertex -37.3065185546875 22.09512433409691 2
    endloop
  endfacet
  facet normal -0.5633200602203609 -0.8262387728455552 0
    outer loop
      vertex -36.88080109655857 18.133929006755352 3
      vertex -37.127908669412136 18.30240409821272 3
      vertex -37.127908669412136 18.30240409821272 2
    endloop
  endfacet
  facet normal -0.5214352123706895 -0.8532908761377529 0
    outer loop
      vertex -36.540536783635616 17.92599780857563 3
      vertex -36.88080109655857 18.133929006755352 3
      vertex -36.88080109655857 18.133929006755352 2
    endloop
  endfacet
  facet normal -0.43388373097417887 -0.9009688718240638 0
    outer loop
      vertex -35.91860560327768 17.60994526743889 3
      vertex -36.27788233757019 17.782963819801807 3
      vertex -36.27788233757019 17.782963819801807 2
    endloop
  endfacet
  facet normal -0.47825398106737954 -0.8782215720381745 0
    outer loop
      vertex -36.540536783635616 17.92599780857563 3
      vertex -36.540536783635616 17.92599780857563 2
      vertex -36.27788233757019 17.782963819801807 3
    endloop
  endfacet
  facet normal 0.3420201521979843 0.9396926175566497 0
    outer loop
      vertex -34.2422359213233 20.17646550387144 3
      vertex -34.2422359213233 20.17646550387144 2
      vertex -34.616954408586025 20.312851883471012 3
    endloop
  endfacet
  facet normal 0.2467573877406342 0.9690772887625725 0
    outer loop
      vertex -34.2422359213233 20.17646550387144 3
      vertex -33.85579980164766 20.078066781163216 3
      vertex -33.85579980164766 20.078066781163216 2
    endloop
  endfacet
  facet normal 0.14904227768953318 0.9888308244897689 0
    outer loop
      vertex -33.85579980164766 20.078066781163216 3
      vertex -33.461486615240574 20.018633626401424 3
      vertex -33.461486615240574 20.018633626401424 2
    endloop
  endfacet
  facet normal 0.0498458822857024 0.9987569213873613 0
    outer loop
      vertex -33.461486615240574 20.018633626401424 3
      vertex -33.06321522593498 19.998756729066372 3
      vertex -33.06321522593498 19.998756729066372 2
    endloop
  endfacet
  facet normal 0 0 1
    outer loop
      vertex -36.540536783635616 17.92599780857563 3
      vertex -35.31649545580149 20.693801634013653 3
      vertex -36.88080109655857 18.133929006755352 3
    endloop
  endfacet
  facet normal 0 0 1
    outer loop
      vertex -36.540536783635616 17.92599780857563 3
      vertex -36.27788233757019 17.782963819801807 3
      vertex -34.97623114287853 20.48587043583393 3
    endloop
  endfacet
  facet normal 0 0 1
    outer loop
      vertex -35.268296375870705 17.35738765448332 3
      vertex -34.98250808566809 17.269233636558056 3
      vertex -34.2422359213233 20.17646550387144 3
    endloop
  endfacet
  facet normal 0 0 1
    outer loop
      vertex -34.98250808566809 17.269233636558056 3
      vertex -34.59607196599245 17.17083491384983 3
      vertex -34.2422359213233 20.17646550387144 3
    endloop
  endfacet
  facet normal 0 0 1
    outer loop
      vertex -35.91860560327768 17.60994526743889 3
      vertex -34.97623114287853 20.48587043583393 3
      vertex -36.27788233757019 17.782963819801807 3
    endloop
  endfacet
  facet normal 0 0 1
    outer loop
      vertex -35.64301486313343 17.49377403408289 3
      vertex -35.268296375870705 17.35738765448332 3
      vertex -34.2422359213233 20.17646550387144 3
    endloop
  endfacet
  facet normal 0 0 1
    outer loop
      vertex -35.91860560327768 17.60994526743889 3
      vertex -35.64301486313343 17.49377403408289 3
      vertex -34.616954408586025 20.312851883471012 3
    endloop
  endfacet
  facet normal 0 0 1
    outer loop
      vertex -37.445778876543045 18.54318141937256 3
      vertex -37.127908669412136 18.30240409821272 3
      vertex -35.634365662932396 20.934578955173492 3
    endloop
  endfacet
  facet normal 0 0 1
    outer loop
      vertex -37.445778876543045 18.54318141937256 3
      vertex -35.634365662932396 20.934578955173492 3
      vertex -37.591227762401104 18.660663664340973 3
    endloop
  endfacet
  facet normal 0 0 1
    outer loop
      vertex -37.66682054847479 18.72571650892496 3
      vertex -37.591227762401104 18.660663664340973 3
      vertex -35.70995844900608 20.99963179975748 3
    endloop
  endfacet
  facet normal 0 0 1
    outer loop
      vertex -37.70172968506813 18.75621308386326 3
      vertex -35.973879516124725 21.222596511244774 3
      vertex -37.8735907971859 18.900421679019928 3
    endloop
  endfacet
  facet normal 0 0 1
    outer loop
      vertex -37.69501591473818 18.750288151204586 3
      vertex -37.66682054847479 18.72571650892496 3
      vertex -35.70995844900608 20.99963179975748 3
    endloop
  endfacet
  facet normal 0 0 1
    outer loop
      vertex -37.70172968506813 18.75621308386326 3
      vertex -37.69501591473818 18.750288151204586 3
      vertex -35.70995844900608 20.99963179975748 3
    endloop
  endfacet
  facet normal 0 0 1
    outer loop
      vertex -36.88080109655857 18.133929006755352 3
      vertex -35.31649545580149 20.693801634013653 3
      vertex -37.127908669412136 18.30240409821272 3
    endloop
  endfacet
  facet normal 0 0 1
    outer loop
      vertex -37.70172968506813 18.75621308386326 3
      vertex -35.70995844900608 20.99963179975748 3
      vertex -35.74471539258957 21.030304983258247 3
    endloop
  endfacet
  facet normal 0 0 1
    outer loop
      vertex -37.591227762401104 18.660663664340973 3
      vertex -35.634365662932396 20.934578955173492 3
      vertex -35.70995844900608 20.99963179975748 3
    endloop
  endfacet
  facet normal 0 0 1
    outer loop
      vertex -37.127908669412136 18.30240409821272 3
      vertex -35.31649545580149 20.693801634013653 3
      vertex -35.634365662932396 20.934578955173492 3
    endloop
  endfacet
  facet normal 0 0 1
    outer loop
      vertex -35.91860560327768 17.60994526743889 3
      vertex -34.616954408586025 20.312851883471012 3
      vertex -34.97623114287853 20.48587043583393 3
    endloop
  endfacet
  facet normal 0 0 1
    outer loop
      vertex -35.64301486313343 17.49377403408289 3
      vertex -34.2422359213233 20.17646550387144 3
      vertex -34.616954408586025 20.312851883471012 3
    endloop
  endfacet
  facet normal 0 0 1
    outer loop
      vertex -36.540536783635616 17.92599780857563 3
      vertex -34.97623114287853 20.48587043583393 3
      vertex -35.31649545580149 20.693801634013653 3
    endloop
  endfacet
  facet normal 0 0 1
    outer loop
      vertex -34.59607196599245 17.17083491384983 3
      vertex -34.302926637232304 17.111574307084084 3
      vertex -33.85579980164766 20.078066781163216 3
    endloop
  endfacet
  facet normal 0 0 1
    outer loop
      vertex -34.302926637232304 17.111574307084084 3
      vertex -33.908613450825214 17.052141152322292 3
      vertex -33.85579980164766 20.078066781163216 3
    endloop
  endfacet
  facet normal 0 0 1
    outer loop
      vertex -33.908613450825214 17.052141152322292 3
      vertex -33.611024260520935 17.022362865507603 3
      vertex -33.461486615240574 20.018633626401424 3
    endloop
  endfacet
  facet normal 0 0 1
    outer loop
      vertex -33.611024260520935 17.022362865507603 3
      vertex -33.21275287121534 17.00248596817255 3
      vertex -33.06321522593498 19.998756729066372 3
    endloop
  endfacet
  facet normal 0 0 1
    outer loop
      vertex -33.21275287121534 17.00248596817255 3
      vertex -33.06321522593498 16.998756729066372 3
      vertex -33.06321522593498 19.998756729066372 3
    endloop
  endfacet
  facet normal 0 0 1
    outer loop
      vertex -34.59607196599245 17.17083491384983 3
      vertex -33.85579980164766 20.078066781163216 3
      vertex -34.2422359213233 20.17646550387144 3
    endloop
  endfacet
  facet normal 0 0 1
    outer loop
      vertex -33.908613450825214 17.052141152322292 3
      vertex -33.461486615240574 20.018633626401424 3
      vertex -33.85579980164766 20.078066781163216 3
    endloop
  endfacet
  facet normal 0 0 1
    outer loop
      vertex -33.611024260520935 17.022362865507603 3
      vertex -33.06321522593498 19.998756729066372 3
      vertex -33.461486615240574 20.018633626401424 3
    endloop
  endfacet
  facet normal 0.6427876027210405 0.7660444489637255 0
    outer loop
      vertex -35.973879516124725 21.222596511244774 3
      vertex -35.74471539258957 21.030304983258247 3
      vertex -35.74471539258957 21.030304983258247 2
    endloop
  endfacet
  facet normal 0.6234898381053261 0.7818314535623354 0
    outer loop
      vertex -35.973879516124725 21.222596511244774 3
      vertex -35.973879516124725 21.222596511244774 2
      vertex -36.05183394253254 21.28476309776306 3
    endloop
  endfacet
  facet normal 0.5837437081712223 0.8119379798793198 0
    outer loop
      vertex -36.290298379957676 21.465392887592316 3
      vertex -36.290298379957676 21.465392887592316 2
      vertex -36.371254339814186 21.52359626442194 3
    endloop
  endfacet
  facet normal 0.5633200591681331 0.826238773562952 0
    outer loop
      vertex -36.371254339814186 21.52359626442194 3
      vertex -36.371254339814186 21.52359626442194 2
      vertex -36.61842615902424 21.692115157842636 3
    endloop
  endfacet
  facet normal 0.6038044055895226 0.7971325108102687 0
    outer loop
      vertex -36.05183394253254 21.28476309776306 3
      vertex -36.05183394253254 21.28476309776306 2
      vertex -36.290298379957676 21.465392887592316 3
    endloop
  endfacet
  facet normal 0.5214352123706895 0.8532908761377529 0
    outer loop
      vertex -35.31649545580149 20.693801634013653 3
      vertex -34.97623114287853 20.48587043583393 3
      vertex -34.97623114287853 20.48587043583393 2
    endloop
  endfacet
  facet normal 0.6038044037724711 0.7971325121866317 0
    outer loop
      vertex -35.634365662932396 20.934578955173492 3
      vertex -35.31649545580149 20.693801634013653 3
      vertex -35.31649545580149 20.693801634013653 2
    endloop
  endfacet
  facet normal 0.6522873654149042 0.7579717626139402 0
    outer loop
      vertex -35.634365662932396 20.934578955173492 3
      vertex -35.634365662932396 20.934578955173492 2
      vertex -35.70995844900608 20.99963179975748 3
    endloop
  endfacet
  facet normal 0.43388373097417887 0.9009688718240638 0
    outer loop
      vertex -34.97623114287853 20.48587043583393 3
      vertex -34.616954408586025 20.312851883471012 3
      vertex -34.616954408586025 20.312851883471012 2
    endloop
  endfacet
  facet normal 0.6616858229866687 0.7497812158613038 0
    outer loop
      vertex -35.70995844900608 20.99963179975748 3
      vertex -35.70995844900608 20.99963179975748 2
      vertex -35.74471539258957 21.030304983258247 3
    endloop
  endfacet
  facet normal 0.49999999720394084 0.8660254053987442 0
    outer loop
      vertex -36.95744712650776 21.90219970792532 3
      vertex -36.95744712650776 21.90219970792532 2
      vertex -37.04379612207413 21.9520533233881 3
    endloop
  endfacet
  facet normal 0.5214352023574569 0.8532908822567121 0
    outer loop
      vertex -36.95744712650776 21.90219970792532 3
      vertex -36.70218266546726 21.74621084332466 3
      vertex -36.70218266546726 21.74621084332466 2
    endloop
  endfacet
  facet normal 0.5425462511474786 0.8400259313651081 0
    outer loop
      vertex -36.70218266546726 21.74621084332466 3
      vertex -36.61842615902424 21.692115157842636 3
      vertex -36.61842615902424 21.692115157842636 2
    endloop
  endfacet
  facet normal 0.47825397703000155 0.8782215742368134 0
    outer loop
      vertex -37.3065185546875 22.09512433409691 3
      vertex -37.04379612207413 21.9520533233881 3
      vertex -37.04379612207413 21.9520533233881 2
    endloop
  endfacet
  facet normal 0 0 1
    outer loop
      vertex -37.8735907971859 18.900421679019928 3
      vertex -35.973879516124725 21.222596511244774 3
      vertex -36.05183394253254 21.28476309776306 3
    endloop
  endfacet
  facet normal 0 0 1
    outer loop
      vertex -37.893061473965645 18.915949031710625 3
      vertex -36.05183394253254 21.28476309776306 3
      vertex -36.290298379957676 21.465392887592316 3
    endloop
  endfacet
  facet normal 0 0 1
    outer loop
      vertex -38.071897372603416 19.05141195654869 3
      vertex -36.290298379957676 21.465392887592316 3
      vertex -36.371254339814186 21.52359626442194 3
    endloop
  endfacet
  facet normal 0 0 1
    outer loop
      vertex -38.09211754798889 19.065949268639088 3
      vertex -36.371254339814186 21.52359626442194 3
      vertex -36.61842615902424 21.692115157842636 3
    endloop
  endfacet
  facet normal 0 0 1
    outer loop
      vertex -38.27748345583677 19.192329607903957 3
      vertex -36.61842615902424 21.692115157842636 3
      vertex -36.70218266546726 21.74621084332466 3
    endloop
  endfacet
  facet normal 0 0 1
    outer loop
      vertex -37.70172968506813 18.75621308386326 3
      vertex -35.74471539258957 21.030304983258247 3
      vertex -35.973879516124725 21.222596511244774 3
    endloop
  endfacet
  facet normal 0 -1 0
    outer loop
      vertex -33.06321522593498 16.998756729066372 3
      vertex -33.06321522593498 16.998756729066372 2
      vertex 40.856643319129944 16.998756729066372 3
    endloop
  endfacet
  facet normal 0 1 0
    outer loop
      vertex -33.06321522593498 19.998756729066372 3
      vertex 40.87534376978874 19.998756729066372 2
      vertex -33.06321522593498 19.998756729066372 2
    endloop
  endfacet
  facet normal 0 0 1
    outer loop
      vertex -33.06321522593498 16.998756729066372 3
      vertex 40.856643319129944 16.998756729066372 3
      vertex -33.06321522593498 19.998756729066372 3
    endloop
  endfacet
  facet normal 0 1 0
    outer loop
      vertex -40.96880775690079 -16.998756729066372 3
      vertex 40.856643319129944 -16.998756729066372 2
      vertex 19.222248365761846 -16.998756729066372 2
    endloop
  endfacet
  facet normal 0 -1 0
    outer loop
      vertex 40.87534376978874 -19.998756729066372 3
      vertex -41.02491416037083 -19.998756729066372 2
      vertex 40.87534376978874 -19.998756729066372 2
    endloop
  endfacet
  facet normal 0 0 1
    outer loop
      vertex -41.02491416037083 -19.998756729066372 3
      vertex 40.87534376978874 -19.998756729066372 3
      vertex 40.856643319129944 -16.998756729066372 3
    endloop
  endfacet
  facet normal 0 1 0
    outer loop
      vertex -40.96880775690079 -16.998756729066372 3
      vertex 40.856643319129944 -16.998756729066372 3
      vertex 40.856643319129944 -16.998756729066372 2
    endloop
  endfacet
  facet normal 0.012466346534725345 -0.9999222920827779 0
    outer loop
      vertex 40.92520289123058 -19.99813511967659 3
      vertex 40.87534376978874 -19.998756729066372 2
      vertex 40.92520289123058 -19.99813511967659 2
    endloop
  endfacet
  facet normal 0.024930710872150697 -0.999689181523642 0
    outer loop
      vertex 41.199197709560394 -19.991302110254765 3
      vertex 40.92520289123058 -19.99813511967659 2
      vertex 41.199197709560394 -19.991302110254765 2
    endloop
  endfacet
  facet normal 0.07473007820758867 -0.9972037983336645 0
    outer loop
      vertex 41.397899843752384 -19.976411446928978 3
      vertex 41.199197709560394 -19.991302110254765 2
      vertex 41.397899843752384 -19.976411446928978 2
    endloop
  endfacet
  facet normal 0.12434367503463077 -0.9922392103111437 0
    outer loop
      vertex 41.595613181591034 -19.951634757220745 3
      vertex 41.397899843752384 -19.976411446928978 2
      vertex 41.595613181591034 -19.951634757220745 2
    endloop
  endfacet
  facet normal 0.1736481783229577 -0.9848077528965328 0
    outer loop
      vertex 41.7918453887105 -19.917033724486828 3
      vertex 41.595613181591034 -19.951634757220745 2
      vertex 41.7918453887105 -19.917033724486828 2
    endloop
  endfacet
  facet normal 0.22252096489709772 -0.9749279051197912 0
    outer loop
      vertex 41.98610907793045 -19.872694298624992 3
      vertex 41.7918453887105 -19.917033724486828 2
      vertex 41.98610907793045 -19.872694298624992 2
    endloop
  endfacet
  facet normal 0.2708404701149581 -0.9626242463951905 0
    outer loop
      vertex 42.17792120575905 -19.818726733326912 3
      vertex 41.98610907793045 -19.872694298624992 2
      vertex 42.17792120575905 -19.818726733326912 2
    endloop
  endfacet
  facet normal 0.3184866360860152 -0.9479273509265435 0
    outer loop
      vertex 42.36680483072996 -19.755265213549137 3
      vertex 42.17792120575905 -19.818726733326912 2
      vertex 42.36680483072996 -19.755265213549137 2
    endloop
  endfacet
  facet normal 0.36534103287797465 -0.9308737453036554 0
    outer loop
      vertex 42.55229017138481 -19.682467579841614 3
      vertex 42.36680483072996 -19.755265213549137 2
      vertex 42.55229017138481 -19.682467579841614 2
    endloop
  endfacet
  facet normal 0.4112870764575361 -0.9115058643470227 0
    outer loop
      vertex 42.73391655087471 -19.600514642894268 3
      vertex 42.55229017138481 -19.682467579841614 2
      vertex 42.73391655087471 -19.600514642894268 2
    endloop
  endfacet
  facet normal 0.45621063059893097 -0.8898718225275626 0
    outer loop
      vertex 42.91123174875975 -19.509610451757908 3
      vertex 42.73391655087471 -19.600514642894268 2
      vertex 42.91123174875975 -19.509610451757908 2
    endloop
  endfacet
  facet normal 0.5000000496735749 -0.8660253751053849 0
    outer loop
      vertex 43.08379581570625 -19.40998052805662 3
      vertex 42.91123174875975 -19.509610451757908 2
      vertex 43.08379581570625 -19.40998052805662 2
    endloop
  endfacet
  facet normal 0.5425462513655318 -0.8400259312242744 0
    outer loop
      vertex 43.25117891281843 -19.301873065531254 3
      vertex 43.08379581570625 -19.40998052805662 2
      vertex 43.25117891281843 -19.301873065531254 2
    endloop
  endfacet
  facet normal 0.5837436738381088 -0.8119380045631488 0
    outer loop
      vertex 43.412965297698975 -19.185556575655937 3
      vertex 43.25117891281843 -19.301873065531254 2
      vertex 43.412965297698975 -19.185556575655937 2
    endloop
  endfacet
  facet normal 0.6234897974797156 -0.7818314859601802 0
    outer loop
      vertex 43.568752720952034 -19.06132025271654 3
      vertex 43.412965297698975 -19.185556575655937 2
      vertex 43.568752720952034 -19.06132025271654 2
    endloop
  endfacet
  facet normal 0.6616858244702383 -0.7497812145520459 0
    outer loop
      vertex 43.71815375238657 -18.92947306483984 3
      vertex 43.568752720952034 -19.06132025271654 2
      vertex 43.71815375238657 -18.92947306483984 2
    endloop
  endfacet
  facet normal 0.6982368474654573 -0.7158668206038745 0
    outer loop
      vertex 43.860797084867954 -18.790342673659325 3
      vertex 43.71815375238657 -18.92947306483984 2
      vertex 43.860797084867954 -18.790342673659325 2
    endloop
  endfacet
  facet normal 0.7330518694688924 -0.6801727403154009 0
    outer loop
      vertex 43.99632798880339 -18.644275099039078 3
      vertex 43.860797084867954 -18.790342673659325 2
      vertex 43.99632798880339 -18.644275099039078 2
    endloop
  endfacet
  facet normal 0.7660444187539653 -0.6427876387236297 0
    outer loop
      vertex 44.12440950423479 -18.491633504629135 3
      vertex 43.99632798880339 -18.644275099039078 2
      vertex 44.12440950423479 -18.491633504629135 2
    endloop
  endfacet
  facet normal 0.7971325220274855 -0.6038043907807398 0
    outer loop
      vertex 44.244723312556744 -18.332797214388847 3
      vertex 44.12440950423479 -18.491633504629135 2
      vertex 44.244723312556744 -18.332797214388847 2
    endloop
  endfacet
  facet normal 0.8262387665059674 -0.5633200695188284 0
    outer loop
      vertex 44.356970235705376 -18.16816122084856 3
      vertex 44.244723312556744 -18.332797214388847 2
      vertex 44.356970235705376 -18.16816122084856 2
    endloop
  endfacet
  facet normal 0.8532908840780183 -0.5214351993770213 0
    outer loop
      vertex 44.460871145129204 -17.998134918510914 3
      vertex 44.356970235705376 -18.16816122084856 2
      vertex 44.460871145129204 -17.998134918510914 2
    endloop
  endfacet
  facet normal 0.8782215654975454 -0.4782539930779884 0
    outer loop
      vertex 44.55616782605648 -17.823140874505043 3
      vertex 44.460871145129204 -17.998134918510914 2
      vertex 44.55616782605648 -17.823140874505043 2
    endloop
  endfacet
  facet normal 0.900968872525244 -0.433883729518163 0
    outer loop
      vertex 44.64262329787016 -17.64361423254013 3
      vertex 44.55616782605648 -17.823140874505043 2
      vertex 44.64262329787016 -17.64361423254013 2
    endloop
  endfacet
  facet normal 0.9214762129453603 -0.3884347937246058 0
    outer loop
      vertex 44.72002263367176 -17.460001312196255 3
      vertex 44.64262329787016 -17.64361423254013 2
      vertex 44.72002263367176 -17.460001312196255 2
    endloop
  endfacet
  facet normal 0.9396926149260665 -0.34202015942545183 0
    outer loop
      vertex 44.78817343711853 -17.272758528590202 3
      vertex 44.72002263367176 -17.460001312196255 2
      vertex 44.78817343711853 -17.272758528590202 2
    endloop
  endfacet
  facet normal -0.012466910754516279 0.9999222850483125 0
    outer loop
      vertex 40.856643319129944 -16.998756729066372 3
      vertex 40.86910529434681 -16.998601354658604 2
      vertex 40.856643319129944 -16.998756729066372 2
    endloop
  endfacet
  facet normal -0.024930687239015904 0.9996891821130157 0
    outer loop
      vertex 40.86910529434681 -16.998601354658604 3
      vertex 41.04961363226175 -16.994099758565426 2
      vertex 40.86910529434681 -16.998601354658604 2
    endloop
  endfacet
  facet normal -0.12434362625866431 0.9922392164235626 0
    outer loop
      vertex 41.09910346567631 -16.99039100855589 3
      vertex 41.14834740757942 -16.984219945967197 2
      vertex 41.09910346567631 -16.99039100855589 2
    endloop
  endfacet
  facet normal -0.07473008775251895 0.997203797618371 0
    outer loop
      vertex 41.04961363226175 -16.994099758565426 3
      vertex 41.09910346567631 -16.99039100855589 2
      vertex 41.04961363226175 -16.994099758565426 2
    endloop
  endfacet
  facet normal -0.1736482010950274 0.984807748881202 0
    outer loop
      vertex 41.14834740757942 -16.984219945967197 3
      vertex 41.19722206890583 -16.97560202330351 2
      vertex 41.14834740757942 -16.984219945967197 2
    endloop
  endfacet
  facet normal -0.22252100501308655 0.9749278959635763 0
    outer loop
      vertex 41.19722206890583 -16.97560202330351 3
      vertex 41.24560660868883 -16.96455856412649 2
      vertex 41.19722206890583 -16.97560202330351 2
    endloop
  endfacet
  facet normal -0.31848663646936287 0.9479273507977455 0
    outer loop
      vertex 41.293380819261074 -16.951116986572742 3
      vertex 41.340425446629524 -16.93531083315611 2
      vertex 41.293380819261074 -16.951116986572742 2
    endloop
  endfacet
  facet normal -0.2708404470775799 0.9626242528769035 0
    outer loop
      vertex 41.24560660868883 -16.96455856412649 3
      vertex 41.293380819261074 -16.951116986572742 2
      vertex 41.24560660868883 -16.96455856412649 2
    endloop
  endfacet
  facet normal -0.41128710702657684 0.9115058505537468 0
    outer loop
      vertex 41.3866233676672 -16.917179487645626 3
      vertex 41.431860737502575 -16.896767608821392 2
      vertex 41.3866233676672 -16.917179487645626 2
    endloop
  endfacet
  facet normal -0.36534098249751673 0.930873765076527 0
    outer loop
      vertex 41.340425446629524 -16.93531083315611 3
      vertex 41.3866233676672 -16.917179487645626 2
      vertex 41.340425446629524 -16.93531083315611 2
    endloop
  endfacet
  facet normal -0.49999998344630925 0.8660254133417162 0
    outer loop
      vertex 41.47602368891239 -16.874126583337784 3
      vertex 41.51900377124548 -16.849312022328377 2
      vertex 41.47602368891239 -16.874126583337784 2
    endloop
  endfacet
  facet normal -0.4562106789975888 0.8898717977150187 0
    outer loop
      vertex 41.431860737502575 -16.896767608821392 3
      vertex 41.47602368891239 -16.874126583337784 2
      vertex 41.431860737502575 -16.896767608821392 2
    endloop
  endfacet
  facet normal -0.5837437422794657 0.8119379553571594 0
    outer loop
      vertex 41.560693331062794 -16.822386048734188 3
      vertex 41.60098893195391 -16.79341547936201 2
      vertex 41.560693331062794 -16.822386048734188 2
    endloop
  endfacet
  facet normal -0.5425462791686833 0.8400259132670951 0
    outer loop
      vertex 41.51900377124548 -16.849312022328377 3
      vertex 41.560693331062794 -16.822386048734188 2
      vertex 41.51900377124548 -16.849312022328377 2
    endloop
  endfacet
  facet normal -0.6234898189678315 0.7818314688239792 0
    outer loop
      vertex 41.60098893195391 -16.79341547936201 3
      vertex 41.63979036360979 -16.7624723687768 2
      vertex 41.60098893195391 -16.79341547936201 2
    endloop
  endfacet
  facet normal -0.6616857860198941 0.749781248484673 0
    outer loop
      vertex 41.63979036360979 -16.7624723687768 3
      vertex 41.677001006901264 -16.729633785784245 2
      vertex 41.63979036360979 -16.7624723687768 2
    endloop
  endfacet
  facet normal -0.698236847641063 0.7158668204325934 0
    outer loop
      vertex 41.677001006901264 -16.729633785784245 3
      vertex 41.71252880245447 -16.694980949163437 2
      vertex 41.677001006901264 -16.729633785784245 2
    endloop
  endfacet
  facet normal -0.7330518721136048 0.680172737465079 0
    outer loop
      vertex 41.71252880245447 -16.694980949163437 3
      vertex 41.74628511816263 -16.65860029309988 2
      vertex 41.71252880245447 -16.694980949163437 2
    endloop
  endfacet
  facet normal -0.7660444140468844 0.6427876443333098 0
    outer loop
      vertex 41.74628511816263 -16.65860029309988 3
      vertex 41.778185807168484 -16.620582535862923 2
      vertex 41.74628511816263 -16.65860029309988 2
    endloop
  endfacet
  facet normal -0.7971325332637386 0.603804375946825 0
    outer loop
      vertex 41.778185807168484 -16.620582535862923 3
      vertex 41.80815190821886 -16.581021785736084 2
      vertex 41.778185807168484 -16.620582535862923 2
    endloop
  endfacet
  facet normal -0.8262387703599642 0.5633200638660534 0
    outer loop
      vertex 41.80815190821886 -16.581021785736084 3
      vertex 41.8361089900136 -16.540016278624535 2
      vertex 41.80815190821886 -16.581021785736084 2
    endloop
  endfacet
  facet normal -0.8532908512452899 0.521435253105396 0
    outer loop
      vertex 41.8361089900136 -16.540016278624535 3
      vertex 41.861987106502056 -16.497668623924255 2
      vertex 41.8361089900136 -16.540016278624535 2
    endloop
  endfacet
  facet normal -0.8782215961892399 0.47825393671858446 0
    outer loop
      vertex 41.861987106502056 -16.497668623924255 3
      vertex 41.885722413659096 -16.454083286225796 2
      vertex 41.861987106502056 -16.497668623924255 2
    endloop
  endfacet
  facet normal -0.9009688543991021 0.4338837671574836 0
    outer loop
      vertex 41.885722413659096 -16.454083286225796 3
      vertex 41.90725553035736 -16.409369312226772 2
      vertex 41.885722413659096 -16.454083286225796 2
    endloop
  endfacet
  facet normal -0.9214762223351303 0.38843477144943866 0
    outer loop
      vertex 41.90725553035736 -16.409369312226772 3
      vertex 41.92653313279152 -16.363637432456017 2
      vertex 41.90725553035736 -16.409369312226772 2
    endloop
  endfacet
  facet normal -0.9396925899827165 0.34202022795673076 0
    outer loop
      vertex 41.92653313279152 -16.363637432456017 3
      vertex 41.943507201969624 -16.317001573741436 2
      vertex 41.92653313279152 -16.363637432456017 2
    endloop
  endfacet
  facet normal -0.9555728083339462 0.2947551661511217 0
    outer loop
      vertex 41.943507201969624 -16.317001573741436 3
      vertex 41.95813558995724 -16.269577503204346 2
      vertex 41.943507201969624 -16.317001573741436 2
    endloop
  endfacet
  facet normal -0.9690772995991699 0.24675734518263248 0
    outer loop
      vertex 41.95813558995724 -16.269577503204346 3
      vertex 41.97038186341524 -16.22148334980011 2
      vertex 41.95813558995724 -16.269577503204346 2
    endloop
  endfacet
  facet normal -0.9801724824210402 0.19814617004770965 0
    outer loop
      vertex 41.97038186341524 -16.22148334980011 3
      vertex 41.9802156239748 -16.172838546335697 2
      vertex 41.97038186341524 -16.22148334980011 2
    endloop
  endfacet
  facet normal -0.9888308358878017 0.14904220206851218 0
    outer loop
      vertex 41.9802156239748 -16.172838546335697 3
      vertex 41.98761244863272 -16.12376379966736 2
      vertex 41.9802156239748 -16.172838546335697 2
    endloop
  endfacet
  facet normal -0.9950307728595397 0.0995678716381295 0
    outer loop
      vertex 41.98761244863272 -16.12376379966736 3
      vertex 41.992553889751434 -16.074381545186043 2
      vertex 41.98761244863272 -16.12376379966736 2
    endloop
  endfacet
  facet normal -0.9987569201455572 0.04984590716760157 0
    outer loop
      vertex 41.992553889751434 -16.074381545186043 3
      vertex 41.99937912076712 -15.937625147402287 2
      vertex 41.992553889751434 -16.074381545186043 2
    endloop
  endfacet
  facet normal -0.9996891788733719 0.024930817144313402 0
    outer loop
      vertex 41.99937912076712 -15.937625147402287 3
      vertex 42 -15.912728801369667 2
      vertex 41.99937912076712 -15.937625147402287 2
    endloop
  endfacet
  facet normal 0.9555728033236471 -0.2947551823941123 0
    outer loop
      vertex 44.84690619260073 -17.082351617515087 3
      vertex 44.78817343711853 -17.272758528590202 2
      vertex 44.84690619260073 -17.082351617515087 2
    endloop
  endfacet
  facet normal 0.969077289642777 -0.24675738428385316 0
    outer loop
      vertex 44.89607497304678 -16.88925365358591 3
      vertex 44.84690619260073 -17.082351617515087 2
      vertex 44.89607497304678 -16.88925365358591 2
    endloop
  endfacet
  facet normal 0.9801724905321151 -0.19814612992453542 0
    outer loop
      vertex 44.93555746227503 -16.69394502043724 3
      vertex 44.89607497304678 -16.88925365358591 2
      vertex 44.93555746227503 -16.69394502043724 2
    endloop
  endfacet
  facet normal 0.9888308248272704 -0.14904227545035698 0
    outer loop
      vertex 44.965255565941334 -16.496910989284515 3
      vertex 44.93555746227503 -16.69394502043724 2
      vertex 44.965255565941334 -16.496910989284515 2
    endloop
  endfacet
  facet normal 0.9950307742352167 -0.09956785789031111 0
    outer loop
      vertex 44.98509541898966 -16.29864154011011 3
      vertex 44.965255565941334 -16.496910989284515 2
      vertex 44.98509541898966 -16.29864154011011 2
    endloop
  endfacet
  facet normal 0.9987569211259214 -0.04984588752414771 0
    outer loop
      vertex 44.997514218091965 -16.049807339906693 3
      vertex 44.98509541898966 -16.29864154011011 2
      vertex 44.997514218091965 -16.049807339906693 2
    endloop
  endfacet
  facet normal 0.9996891811048515 -0.02493072766509818 0
    outer loop
      vertex 45 -15.95013077557087 3
      vertex 44.997514218091965 -16.049807339906693 2
      vertex 45 -15.95013077557087 2
    endloop
  endfacet
  facet normal 0.012466346534725345 -0.9999222920827779 0
    outer loop
      vertex 40.92520289123058 -19.99813511967659 3
      vertex 40.87534376978874 -19.998756729066372 3
      vertex 40.87534376978874 -19.998756729066372 2
    endloop
  endfacet
  facet normal 0.024930710872150697 -0.999689181523642 0
    outer loop
      vertex 40.92520289123058 -19.99813511967659 3
      vertex 40.92520289123058 -19.99813511967659 2
      vertex 41.199197709560394 -19.991302110254765 3
    endloop
  endfacet
  facet normal 0.07473007820758867 -0.9972037983336645 0
    outer loop
      vertex 41.199197709560394 -19.991302110254765 3
      vertex 41.199197709560394 -19.991302110254765 2
      vertex 41.397899843752384 -19.976411446928978 3
    endloop
  endfacet
  facet normal 0.12434367503463077 -0.9922392103111437 0
    outer loop
      vertex 41.397899843752384 -19.976411446928978 3
      vertex 41.397899843752384 -19.976411446928978 2
      vertex 41.595613181591034 -19.951634757220745 3
    endloop
  endfacet
  facet normal 0.1736481783229577 -0.9848077528965328 0
    outer loop
      vertex 41.595613181591034 -19.951634757220745 3
      vertex 41.595613181591034 -19.951634757220745 2
      vertex 41.7918453887105 -19.917033724486828 3
    endloop
  endfacet
  facet normal 0.22252096489709772 -0.9749279051197912 0
    outer loop
      vertex 41.7918453887105 -19.917033724486828 3
      vertex 41.7918453887105 -19.917033724486828 2
      vertex 41.98610907793045 -19.872694298624992 3
    endloop
  endfacet
  facet normal 0.2708404701149581 -0.9626242463951905 0
    outer loop
      vertex 41.98610907793045 -19.872694298624992 3
      vertex 41.98610907793045 -19.872694298624992 2
      vertex 42.17792120575905 -19.818726733326912 3
    endloop
  endfacet
  facet normal 0.3184866360860152 -0.9479273509265435 0
    outer loop
      vertex 42.17792120575905 -19.818726733326912 3
      vertex 42.17792120575905 -19.818726733326912 2
      vertex 42.36680483072996 -19.755265213549137 3
    endloop
  endfacet
  facet normal 0.36534103287797465 -0.9308737453036554 0
    outer loop
      vertex 42.36680483072996 -19.755265213549137 3
      vertex 42.36680483072996 -19.755265213549137 2
      vertex 42.55229017138481 -19.682467579841614 3
    endloop
  endfacet
  facet normal 0.4112870764575361 -0.9115058643470227 0
    outer loop
      vertex 42.55229017138481 -19.682467579841614 3
      vertex 42.55229017138481 -19.682467579841614 2
      vertex 42.73391655087471 -19.600514642894268 3
    endloop
  endfacet
  facet normal 0.45621063059893097 -0.8898718225275626 0
    outer loop
      vertex 42.73391655087471 -19.600514642894268 3
      vertex 42.73391655087471 -19.600514642894268 2
      vertex 42.91123174875975 -19.509610451757908 3
    endloop
  endfacet
  facet normal 0.5000000496735749 -0.8660253751053849 0
    outer loop
      vertex 42.91123174875975 -19.509610451757908 3
      vertex 42.91123174875975 -19.509610451757908 2
      vertex 43.08379581570625 -19.40998052805662 3
    endloop
  endfacet
  facet normal 0.5425462513655318 -0.8400259312242744 0
    outer loop
      vertex 43.08379581570625 -19.40998052805662 3
      vertex 43.08379581570625 -19.40998052805662 2
      vertex 43.25117891281843 -19.301873065531254 3
    endloop
  endfacet
  facet normal 0.5837436738381088 -0.8119380045631488 0
    outer loop
      vertex 43.25117891281843 -19.301873065531254 3
      vertex 43.25117891281843 -19.301873065531254 2
      vertex 43.412965297698975 -19.185556575655937 3
    endloop
  endfacet
  facet normal 0.6234897974797156 -0.7818314859601802 0
    outer loop
      vertex 43.412965297698975 -19.185556575655937 3
      vertex 43.412965297698975 -19.185556575655937 2
      vertex 43.568752720952034 -19.06132025271654 3
    endloop
  endfacet
  facet normal 0.6616858244702383 -0.7497812145520459 0
    outer loop
      vertex 43.568752720952034 -19.06132025271654 3
      vertex 43.568752720952034 -19.06132025271654 2
      vertex 43.71815375238657 -18.92947306483984 3
    endloop
  endfacet
  facet normal 0.6982368474654573 -0.7158668206038745 0
    outer loop
      vertex 43.71815375238657 -18.92947306483984 3
      vertex 43.71815375238657 -18.92947306483984 2
      vertex 43.860797084867954 -18.790342673659325 3
    endloop
  endfacet
  facet normal 0.7330518694688924 -0.6801727403154009 0
    outer loop
      vertex 43.860797084867954 -18.790342673659325 3
      vertex 43.860797084867954 -18.790342673659325 2
      vertex 43.99632798880339 -18.644275099039078 3
    endloop
  endfacet
  facet normal 0.7660444187539653 -0.6427876387236297 0
    outer loop
      vertex 43.99632798880339 -18.644275099039078 3
      vertex 43.99632798880339 -18.644275099039078 2
      vertex 44.12440950423479 -18.491633504629135 3
    endloop
  endfacet
  facet normal 0.7971325220274855 -0.6038043907807398 0
    outer loop
      vertex 44.12440950423479 -18.491633504629135 3
      vertex 44.12440950423479 -18.491633504629135 2
      vertex 44.244723312556744 -18.332797214388847 3
    endloop
  endfacet
  facet normal 0.8262387665059674 -0.5633200695188284 0
    outer loop
      vertex 44.244723312556744 -18.332797214388847 3
      vertex 44.244723312556744 -18.332797214388847 2
      vertex 44.356970235705376 -18.16816122084856 3
    endloop
  endfacet
  facet normal 0.8532908840780183 -0.5214351993770213 0
    outer loop
      vertex 44.356970235705376 -18.16816122084856 3
      vertex 44.356970235705376 -18.16816122084856 2
      vertex 44.460871145129204 -17.998134918510914 3
    endloop
  endfacet
  facet normal 0.8782215654975454 -0.4782539930779884 0
    outer loop
      vertex 44.460871145129204 -17.998134918510914 3
      vertex 44.460871145129204 -17.998134918510914 2
      vertex 44.55616782605648 -17.823140874505043 3
    endloop
  endfacet
  facet normal 0.900968872525244 -0.433883729518163 0
    outer loop
      vertex 44.55616782605648 -17.823140874505043 3
      vertex 44.55616782605648 -17.823140874505043 2
      vertex 44.64262329787016 -17.64361423254013 3
    endloop
  endfacet
  facet normal 0.9214762129453603 -0.3884347937246058 0
    outer loop
      vertex 44.64262329787016 -17.64361423254013 3
      vertex 44.64262329787016 -17.64361423254013 2
      vertex 44.72002263367176 -17.460001312196255 3
    endloop
  endfacet
  facet normal 0.9396926149260665 -0.34202015942545183 0
    outer loop
      vertex 44.72002263367176 -17.460001312196255 3
      vertex 44.72002263367176 -17.460001312196255 2
      vertex 44.78817343711853 -17.272758528590202 3
    endloop
  endfacet
  facet normal 0 0 1
    outer loop
      vertex 40.92520289123058 -19.99813511967659 3
      vertex 40.86910529434681 -16.998601354658604 3
      vertex 40.87534376978874 -19.998756729066372 3
    endloop
  endfacet
  facet normal 0 0 1
    outer loop
      vertex 40.92520289123058 -19.99813511967659 3
      vertex 41.199197709560394 -19.991302110254765 3
      vertex 41.04961363226175 -16.994099758565426 3
    endloop
  endfacet
  facet normal 0 0 1
    outer loop
      vertex 41.199197709560394 -19.991302110254765 3
      vertex 41.397899843752384 -19.976411446928978 3
      vertex 41.09910346567631 -16.99039100855589 3
    endloop
  endfacet
  facet normal 0 0 1
    outer loop
      vertex 41.397899843752384 -19.976411446928978 3
      vertex 41.595613181591034 -19.951634757220745 3
      vertex 41.14834740757942 -16.984219945967197 3
    endloop
  endfacet
  facet normal 0 0 1
    outer loop
      vertex 41.595613181591034 -19.951634757220745 3
      vertex 41.7918453887105 -19.917033724486828 3
      vertex 41.19722206890583 -16.97560202330351 3
    endloop
  endfacet
  facet normal 0 0 1
    outer loop
      vertex 41.7918453887105 -19.917033724486828 3
      vertex 41.98610907793045 -19.872694298624992 3
      vertex 41.24560660868883 -16.96455856412649 3
    endloop
  endfacet
  facet normal 0 0 1
    outer loop
      vertex 41.98610907793045 -19.872694298624992 3
      vertex 42.17792120575905 -19.818726733326912 3
      vertex 41.293380819261074 -16.951116986572742 3
    endloop
  endfacet
  facet normal 0 0 1
    outer loop
      vertex 42.17792120575905 -19.818726733326912 3
      vertex 42.36680483072996 -19.755265213549137 3
      vertex 41.340425446629524 -16.93531083315611 3
    endloop
  endfacet
  facet normal 0 0 1
    outer loop
      vertex 40.87534376978874 -19.998756729066372 3
      vertex 40.86910529434681 -16.998601354658604 3
      vertex 40.856643319129944 -16.998756729066372 3
    endloop
  endfacet
  facet normal 0 0 1
    outer loop
      vertex 40.92520289123058 -19.99813511967659 3
      vertex 41.04961363226175 -16.994099758565426 3
      vertex 40.86910529434681 -16.998601354658604 3
    endloop
  endfacet
  facet normal 0 0 1
    outer loop
      vertex 41.199197709560394 -19.991302110254765 3
      vertex 41.09910346567631 -16.99039100855589 3
      vertex 41.04961363226175 -16.994099758565426 3
    endloop
  endfacet
  facet normal 0 0 1
    outer loop
      vertex 41.397899843752384 -19.976411446928978 3
      vertex 41.14834740757942 -16.984219945967197 3
      vertex 41.09910346567631 -16.99039100855589 3
    endloop
  endfacet
  facet normal 0 0 1
    outer loop
      vertex 41.595613181591034 -19.951634757220745 3
      vertex 41.19722206890583 -16.97560202330351 3
      vertex 41.14834740757942 -16.984219945967197 3
    endloop
  endfacet
  facet normal 0 0 1
    outer loop
      vertex 41.7918453887105 -19.917033724486828 3
      vertex 41.24560660868883 -16.96455856412649 3
      vertex 41.19722206890583 -16.97560202330351 3
    endloop
  endfacet
  facet normal 0 0 1
    outer loop
      vertex 41.98610907793045 -19.872694298624992 3
      vertex 41.293380819261074 -16.951116986572742 3
      vertex 41.24560660868883 -16.96455856412649 3
    endloop
  endfacet
  facet normal 0 0 1
    outer loop
      vertex 42.17792120575905 -19.818726733326912 3
      vertex 41.340425446629524 -16.93531083315611 3
      vertex 41.293380819261074 -16.951116986572742 3
    endloop
  endfacet
  facet normal 0 0 1
    outer loop
      vertex 42.36680483072996 -19.755265213549137 3
      vertex 41.3866233676672 -16.917179487645626 3
      vertex 41.340425446629524 -16.93531083315611 3
    endloop
  endfacet
  facet normal 0 0 1
    outer loop
      vertex 42.55229017138481 -19.682467579841614 3
      vertex 41.431860737502575 -16.896767608821392 3
      vertex 41.3866233676672 -16.917179487645626 3
    endloop
  endfacet
  facet normal 0 0 1
    outer loop
      vertex 42.73391655087471 -19.600514642894268 3
      vertex 41.47602368891239 -16.874126583337784 3
      vertex 41.431860737502575 -16.896767608821392 3
    endloop
  endfacet
  facet normal 0 0 1
    outer loop
      vertex 42.91123174875975 -19.509610451757908 3
      vertex 41.51900377124548 -16.849312022328377 3
      vertex 41.47602368891239 -16.874126583337784 3
    endloop
  endfacet
  facet normal 0 0 1
    outer loop
      vertex 43.08379581570625 -19.40998052805662 3
      vertex 41.560693331062794 -16.822386048734188 3
      vertex 41.51900377124548 -16.849312022328377 3
    endloop
  endfacet
  facet normal 0 0 1
    outer loop
      vertex 42.36680483072996 -19.755265213549137 3
      vertex 42.55229017138481 -19.682467579841614 3
      vertex 41.3866233676672 -16.917179487645626 3
    endloop
  endfacet
  facet normal 0 0 1
    outer loop
      vertex 42.55229017138481 -19.682467579841614 3
      vertex 42.73391655087471 -19.600514642894268 3
      vertex 41.431860737502575 -16.896767608821392 3
    endloop
  endfacet
  facet normal 0 0 1
    outer loop
      vertex 42.73391655087471 -19.600514642894268 3
      vertex 42.91123174875975 -19.509610451757908 3
      vertex 41.47602368891239 -16.874126583337784 3
    endloop
  endfacet
  facet normal 0 0 1
    outer loop
      vertex 42.91123174875975 -19.509610451757908 3
      vertex 43.08379581570625 -19.40998052805662 3
      vertex 41.51900377124548 -16.849312022328377 3
    endloop
  endfacet
  facet normal 0 0 1
    outer loop
      vertex 43.08379581570625 -19.40998052805662 3
      vertex 43.25117891281843 -19.301873065531254 3
      vertex 41.560693331062794 -16.822386048734188 3
    endloop
  endfacet
  facet normal 0 0 1
    outer loop
      vertex 43.25117891281843 -19.301873065531254 3
      vertex 43.412965297698975 -19.185556575655937 3
      vertex 41.60098893195391 -16.79341547936201 3
    endloop
  endfacet
  facet normal 0 0 1
    outer loop
      vertex 43.412965297698975 -19.185556575655937 3
      vertex 43.568752720952034 -19.06132025271654 3
      vertex 41.63979036360979 -16.7624723687768 3
    endloop
  endfacet
  facet normal 0 0 1
    outer loop
      vertex 43.568752720952034 -19.06132025271654 3
      vertex 43.71815375238657 -18.92947306483984 3
      vertex 41.677001006901264 -16.729633785784245 3
    endloop
  endfacet
  facet normal 0 0 1
    outer loop
      vertex 43.71815375238657 -18.92947306483984 3
      vertex 43.860797084867954 -18.790342673659325 3
      vertex 41.71252880245447 -16.694980949163437 3
    endloop
  endfacet
  facet normal 0 0 1
    outer loop
      vertex 43.860797084867954 -18.790342673659325 3
      vertex 43.99632798880339 -18.644275099039078 3
      vertex 41.74628511816263 -16.65860029309988 3
    endloop
  endfacet
  facet normal 0 0 1
    outer loop
      vertex 43.25117891281843 -19.301873065531254 3
      vertex 41.60098893195391 -16.79341547936201 3
      vertex 41.560693331062794 -16.822386048734188 3
    endloop
  endfacet
  facet normal 0 0 1
    outer loop
      vertex 43.412965297698975 -19.185556575655937 3
      vertex 41.63979036360979 -16.7624723687768 3
      vertex 41.60098893195391 -16.79341547936201 3
    endloop
  endfacet
  facet normal 0 0 1
    outer loop
      vertex 43.568752720952034 -19.06132025271654 3
      vertex 41.677001006901264 -16.729633785784245 3
      vertex 41.63979036360979 -16.7624723687768 3
    endloop
  endfacet
  facet normal 0 0 1
    outer loop
      vertex 43.71815375238657 -18.92947306483984 3
      vertex 41.71252880245447 -16.694980949163437 3
      vertex 41.677001006901264 -16.729633785784245 3
    endloop
  endfacet
  facet normal 0 0 1
    outer loop
      vertex 43.860797084867954 -18.790342673659325 3
      vertex 41.74628511816263 -16.65860029309988 3
      vertex 41.71252880245447 -16.694980949163437 3
    endloop
  endfacet
  facet normal 0 0 1
    outer loop
      vertex 43.99632798880339 -18.644275099039078 3
      vertex 44.12440950423479 -18.491633504629135 3
      vertex 41.778185807168484 -16.620582535862923 3
    endloop
  endfacet
  facet normal 0 0 1
    outer loop
      vertex 44.12440950423479 -18.491633504629135 3
      vertex 44.244723312556744 -18.332797214388847 3
      vertex 41.80815190821886 -16.581021785736084 3
    endloop
  endfacet
  facet normal 0 0 1
    outer loop
      vertex 44.244723312556744 -18.332797214388847 3
      vertex 44.356970235705376 -18.16816122084856 3
      vertex 41.8361089900136 -16.540016278624535 3
    endloop
  endfacet
  facet normal 0 0 1
    outer loop
      vertex 44.356970235705376 -18.16816122084856 3
      vertex 44.460871145129204 -17.998134918510914 3
      vertex 41.861987106502056 -16.497668623924255 3
    endloop
  endfacet
  facet normal 0 0 1
    outer loop
      vertex 44.460871145129204 -17.998134918510914 3
      vertex 44.55616782605648 -17.823140874505043 3
      vertex 41.885722413659096 -16.454083286225796 3
    endloop
  endfacet
  facet normal -0.012466910754516279 0.9999222850483125 0
    outer loop
      vertex 40.86910529434681 -16.998601354658604 3
      vertex 40.86910529434681 -16.998601354658604 2
      vertex 40.856643319129944 -16.998756729066372 3
    endloop
  endfacet
  facet normal -0.024930687239015904 0.9996891821130157 0
    outer loop
      vertex 40.86910529434681 -16.998601354658604 3
      vertex 41.04961363226175 -16.994099758565426 3
      vertex 41.04961363226175 -16.994099758565426 2
    endloop
  endfacet
  facet normal -0.12434362625866431 0.9922392164235626 0
    outer loop
      vertex 41.09910346567631 -16.99039100855589 3
      vertex 41.14834740757942 -16.984219945967197 3
      vertex 41.14834740757942 -16.984219945967197 2
    endloop
  endfacet
  facet normal -0.07473008775251895 0.997203797618371 0
    outer loop
      vertex 41.04961363226175 -16.994099758565426 3
      vertex 41.09910346567631 -16.99039100855589 3
      vertex 41.09910346567631 -16.99039100855589 2
    endloop
  endfacet
  facet normal -0.1736482010950274 0.984807748881202 0
    outer loop
      vertex 41.19722206890583 -16.97560202330351 3
      vertex 41.19722206890583 -16.97560202330351 2
      vertex 41.14834740757942 -16.984219945967197 3
    endloop
  endfacet
  facet normal -0.22252100501308655 0.9749278959635763 0
    outer loop
      vertex 41.19722206890583 -16.97560202330351 3
      vertex 41.24560660868883 -16.96455856412649 3
      vertex 41.24560660868883 -16.96455856412649 2
    endloop
  endfacet
  facet normal -0.31848663646936287 0.9479273507977455 0
    outer loop
      vertex 41.293380819261074 -16.951116986572742 3
      vertex 41.340425446629524 -16.93531083315611 3
      vertex 41.340425446629524 -16.93531083315611 2
    endloop
  endfacet
  facet normal -0.2708404470775799 0.9626242528769035 0
    outer loop
      vertex 41.293380819261074 -16.951116986572742 3
      vertex 41.293380819261074 -16.951116986572742 2
      vertex 41.24560660868883 -16.96455856412649 3
    endloop
  endfacet
  facet normal -0.41128710702657684 0.9115058505537468 0
    outer loop
      vertex 41.3866233676672 -16.917179487645626 3
      vertex 41.431860737502575 -16.896767608821392 3
      vertex 41.431860737502575 -16.896767608821392 2
    endloop
  endfacet
  facet normal -0.36534098249751673 0.930873765076527 0
    outer loop
      vertex 41.340425446629524 -16.93531083315611 3
      vertex 41.3866233676672 -16.917179487645626 3
      vertex 41.3866233676672 -16.917179487645626 2
    endloop
  endfacet
  facet normal -0.49999998344630925 0.8660254133417162 0
    outer loop
      vertex 41.47602368891239 -16.874126583337784 3
      vertex 41.51900377124548 -16.849312022328377 3
      vertex 41.51900377124548 -16.849312022328377 2
    endloop
  endfacet
  facet normal -0.4562106789975888 0.8898717977150187 0
    outer loop
      vertex 41.431860737502575 -16.896767608821392 3
      vertex 41.47602368891239 -16.874126583337784 3
      vertex 41.47602368891239 -16.874126583337784 2
    endloop
  endfacet
  facet normal -0.5425462791686833 0.8400259132670951 0
    outer loop
      vertex 41.560693331062794 -16.822386048734188 3
      vertex 41.560693331062794 -16.822386048734188 2
      vertex 41.51900377124548 -16.849312022328377 3
    endloop
  endfacet
  facet normal -0.5837437422794657 0.8119379553571594 0
    outer loop
      vertex 41.560693331062794 -16.822386048734188 3
      vertex 41.60098893195391 -16.79341547936201 3
      vertex 41.60098893195391 -16.79341547936201 2
    endloop
  endfacet
  facet normal -0.6234898189678315 0.7818314688239792 0
    outer loop
      vertex 41.60098893195391 -16.79341547936201 3
      vertex 41.63979036360979 -16.7624723687768 3
      vertex 41.63979036360979 -16.7624723687768 2
    endloop
  endfacet
  facet normal -0.6616857860198941 0.749781248484673 0
    outer loop
      vertex 41.677001006901264 -16.729633785784245 3
      vertex 41.677001006901264 -16.729633785784245 2
      vertex 41.63979036360979 -16.7624723687768 3
    endloop
  endfacet
  facet normal -0.698236847641063 0.7158668204325934 0
    outer loop
      vertex 41.677001006901264 -16.729633785784245 3
      vertex 41.71252880245447 -16.694980949163437 3
      vertex 41.71252880245447 -16.694980949163437 2
    endloop
  endfacet
  facet normal -0.7330518721136048 0.680172737465079 0
    outer loop
      vertex 41.71252880245447 -16.694980949163437 3
      vertex 41.74628511816263 -16.65860029309988 3
      vertex 41.74628511816263 -16.65860029309988 2
    endloop
  endfacet
  facet normal -0.7660444140468844 0.6427876443333098 0
    outer loop
      vertex 41.74628511816263 -16.65860029309988 3
      vertex 41.778185807168484 -16.620582535862923 3
      vertex 41.778185807168484 -16.620582535862923 2
    endloop
  endfacet
  facet normal -0.7971325332637386 0.603804375946825 0
    outer loop
      vertex 41.778185807168484 -16.620582535862923 3
      vertex 41.80815190821886 -16.581021785736084 3
      vertex 41.80815190821886 -16.581021785736084 2
    endloop
  endfacet
  facet normal -0.8262387703599642 0.5633200638660534 0
    outer loop
      vertex 41.80815190821886 -16.581021785736084 3
      vertex 41.8361089900136 -16.540016278624535 3
      vertex 41.8361089900136 -16.540016278624535 2
    endloop
  endfacet
  facet normal -0.8532908512452899 0.521435253105396 0
    outer loop
      vertex 41.8361089900136 -16.540016278624535 3
      vertex 41.861987106502056 -16.497668623924255 3
      vertex 41.861987106502056 -16.497668623924255 2
    endloop
  endfacet
  facet normal -0.8782215961892399 0.47825393671858446 0
    outer loop
      vertex 41.861987106502056 -16.497668623924255 3
      vertex 41.885722413659096 -16.454083286225796 3
      vertex 41.885722413659096 -16.454083286225796 2
    endloop
  endfacet
  facet normal -0.9009688543991021 0.4338837671574836 0
    outer loop
      vertex 41.885722413659096 -16.454083286225796 3
      vertex 41.90725553035736 -16.409369312226772 3
      vertex 41.90725553035736 -16.409369312226772 2
    endloop
  endfacet
  facet normal -0.9214762223351303 0.38843477144943866 0
    outer loop
      vertex 41.90725553035736 -16.409369312226772 3
      vertex 41.92653313279152 -16.363637432456017 3
      vertex 41.92653313279152 -16.363637432456017 2
    endloop
  endfacet
  facet normal -0.9396925899827165 0.34202022795673076 0
    outer loop
      vertex 41.92653313279152 -16.363637432456017 3
      vertex 41.943507201969624 -16.317001573741436 3
      vertex 41.943507201969624 -16.317001573741436 2
    endloop
  endfacet
  facet normal -0.9555728083339462 0.2947551661511217 0
    outer loop
      vertex 41.943507201969624 -16.317001573741436 3
      vertex 41.95813558995724 -16.269577503204346 3
      vertex 41.95813558995724 -16.269577503204346 2
    endloop
  endfacet
  facet normal -0.9690772995991699 0.24675734518263248 0
    outer loop
      vertex 41.95813558995724 -16.269577503204346 3
      vertex 41.97038186341524 -16.22148334980011 3
      vertex 41.97038186341524 -16.22148334980011 2
    endloop
  endfacet
  facet normal -0.9801724824210402 0.19814617004770965 0
    outer loop
      vertex 41.97038186341524 -16.22148334980011 3
      vertex 41.9802156239748 -16.172838546335697 3
      vertex 41.9802156239748 -16.172838546335697 2
    endloop
  endfacet
  facet normal -0.9888308358878017 0.14904220206851218 0
    outer loop
      vertex 41.9802156239748 -16.172838546335697 3
      vertex 41.98761244863272 -16.12376379966736 3
      vertex 41.98761244863272 -16.12376379966736 2
    endloop
  endfacet
  facet normal -0.9950307728595397 0.0995678716381295 0
    outer loop
      vertex 41.98761244863272 -16.12376379966736 3
      vertex 41.992553889751434 -16.074381545186043 3
      vertex 41.992553889751434 -16.074381545186043 2
    endloop
  endfacet
  facet normal -0.9987569201455572 0.04984590716760157 0
    outer loop
      vertex 41.992553889751434 -16.074381545186043 3
      vertex 41.99937912076712 -15.937625147402287 3
      vertex 41.99937912076712 -15.937625147402287 2
    endloop
  endfacet
  facet normal -0.9996891788733719 0.024930817144313402 0
    outer loop
      vertex 41.99937912076712 -15.937625147402287 3
      vertex 42 -15.912728801369667 3
      vertex 42 -15.912728801369667 2
    endloop
  endfacet
  facet normal 0.9555728033236471 -0.2947551823941123 0
    outer loop
      vertex 44.78817343711853 -17.272758528590202 3
      vertex 44.78817343711853 -17.272758528590202 2
      vertex 44.84690619260073 -17.082351617515087 3
    endloop
  endfacet
  facet normal 0.969077289642777 -0.24675738428385316 0
    outer loop
      vertex 44.84690619260073 -17.082351617515087 3
      vertex 44.84690619260073 -17.082351617515087 2
      vertex 44.89607497304678 -16.88925365358591 3
    endloop
  endfacet
  facet normal 0.9801724905321151 -0.19814612992453542 0
    outer loop
      vertex 44.89607497304678 -16.88925365358591 3
      vertex 44.89607497304678 -16.88925365358591 2
      vertex 44.93555746227503 -16.69394502043724 3
    endloop
  endfacet
  facet normal 0.9888308248272704 -0.14904227545035698 0
    outer loop
      vertex 44.93555746227503 -16.69394502043724 3
      vertex 44.93555746227503 -16.69394502043724 2
      vertex 44.965255565941334 -16.496910989284515 3
    endloop
  endfacet
  facet normal 0.9950307742352167 -0.09956785789031111 0
    outer loop
      vertex 44.965255565941334 -16.496910989284515 3
      vertex 44.965255565941334 -16.496910989284515 2
      vertex 44.98509541898966 -16.29864154011011 3
    endloop
  endfacet
  facet normal 0.9987569211259214 -0.04984588752414771 0
    outer loop
      vertex 44.98509541898966 -16.29864154011011 3
      vertex 44.98509541898966 -16.29864154011011 2
      vertex 44.997514218091965 -16.049807339906693 3
    endloop
  endfacet
  facet normal 0.9996891811048515 -0.02493072766509818 0
    outer loop
      vertex 44.997514218091965 -16.049807339906693 3
      vertex 44.997514218091965 -16.049807339906693 2
      vertex 45 -15.95013077557087 3
    endloop
  endfacet
  facet normal 0 0 1
    outer loop
      vertex 43.99632798880339 -18.644275099039078 3
      vertex 41.778185807168484 -16.620582535862923 3
      vertex 41.74628511816263 -16.65860029309988 3
    endloop
  endfacet
  facet normal 0 0 1
    outer loop
      vertex 44.12440950423479 -18.491633504629135 3
      vertex 41.80815190821886 -16.581021785736084 3
      vertex 41.778185807168484 -16.620582535862923 3
    endloop
  endfacet
  facet normal 0 0 1
    outer loop
      vertex 44.244723312556744 -18.332797214388847 3
      vertex 41.8361089900136 -16.540016278624535 3
      vertex 41.80815190821886 -16.581021785736084 3
    endloop
  endfacet
  facet normal 0 0 1
    outer loop
      vertex 44.356970235705376 -18.16816122084856 3
      vertex 41.861987106502056 -16.497668623924255 3
      vertex 41.8361089900136 -16.540016278624535 3
    endloop
  endfacet
  facet normal 0 0 1
    outer loop
      vertex 44.460871145129204 -17.998134918510914 3
      vertex 41.885722413659096 -16.454083286225796 3
      vertex 41.861987106502056 -16.497668623924255 3
    endloop
  endfacet
  facet normal 0 0 1
    outer loop
      vertex 44.55616782605648 -17.823140874505043 3
      vertex 41.90725553035736 -16.409369312226772 3
      vertex 41.885722413659096 -16.454083286225796 3
    endloop
  endfacet
  facet normal 0 0 1
    outer loop
      vertex 44.64262329787016 -17.64361423254013 3
      vertex 41.92653313279152 -16.363637432456017 3
      vertex 41.90725553035736 -16.409369312226772 3
    endloop
  endfacet
  facet normal 0 0 1
    outer loop
      vertex 44.72002263367176 -17.460001312196255 3
      vertex 41.943507201969624 -16.317001573741436 3
      vertex 41.92653313279152 -16.363637432456017 3
    endloop
  endfacet
  facet normal 0 0 1
    outer loop
      vertex 41.943507201969624 -16.317001573741436 3
      vertex 44.78817343711853 -17.272758528590202 3
      vertex 41.95813558995724 -16.269577503204346 3
    endloop
  endfacet
  facet normal 0 0 1
    outer loop
      vertex 41.95813558995724 -16.269577503204346 3
      vertex 44.84690619260073 -17.082351617515087 3
      vertex 41.97038186341524 -16.22148334980011 3
    endloop
  endfacet
  facet normal 0 0 1
    outer loop
      vertex 41.97038186341524 -16.22148334980011 3
      vertex 44.89607497304678 -16.88925365358591 3
      vertex 41.9802156239748 -16.172838546335697 3
    endloop
  endfacet
  facet normal 0 0 1
    outer loop
      vertex 41.9802156239748 -16.172838546335697 3
      vertex 44.93555746227503 -16.69394502043724 3
      vertex 41.98761244863272 -16.12376379966736 3
    endloop
  endfacet
  facet normal 0 0 1
    outer loop
      vertex 41.98761244863272 -16.12376379966736 3
      vertex 44.965255565941334 -16.496910989284515 3
      vertex 41.992553889751434 -16.074381545186043 3
    endloop
  endfacet
  facet normal 0 0 1
    outer loop
      vertex 41.992553889751434 -16.074381545186043 3
      vertex 44.98509541898966 -16.29864154011011 3
      vertex 41.99937912076712 -15.937625147402287 3
    endloop
  endfacet
  facet normal 0 0 1
    outer loop
      vertex 44.55616782605648 -17.823140874505043 3
      vertex 44.64262329787016 -17.64361423254013 3
      vertex 41.90725553035736 -16.409369312226772 3
    endloop
  endfacet
  facet normal 0 0 1
    outer loop
      vertex 44.64262329787016 -17.64361423254013 3
      vertex 44.72002263367176 -17.460001312196255 3
      vertex 41.92653313279152 -16.363637432456017 3
    endloop
  endfacet
  facet normal 0 0 1
    outer loop
      vertex 44.72002263367176 -17.460001312196255 3
      vertex 44.78817343711853 -17.272758528590202 3
      vertex 41.943507201969624 -16.317001573741436 3
    endloop
  endfacet
  facet normal 0 0 1
    outer loop
      vertex 41.95813558995724 -16.269577503204346 3
      vertex 44.78817343711853 -17.272758528590202 3
      vertex 44.84690619260073 -17.082351617515087 3
    endloop
  endfacet
  facet normal 0 0 1
    outer loop
      vertex 41.97038186341524 -16.22148334980011 3
      vertex 44.84690619260073 -17.082351617515087 3
      vertex 44.89607497304678 -16.88925365358591 3
    endloop
  endfacet
  facet normal 0 0 1
    outer loop
      vertex 41.9802156239748 -16.172838546335697 3
      vertex 44.89607497304678 -16.88925365358591 3
      vertex 44.93555746227503 -16.69394502043724 3
    endloop
  endfacet
  facet normal 0 0 1
    outer loop
      vertex 41.98761244863272 -16.12376379966736 3
      vertex 44.93555746227503 -16.69394502043724 3
      vertex 44.965255565941334 -16.496910989284515 3
    endloop
  endfacet
  facet normal 0 0 1
    outer loop
      vertex 41.992553889751434 -16.074381545186043 3
      vertex 44.965255565941334 -16.496910989284515 3
      vertex 44.98509541898966 -16.29864154011011 3
    endloop
  endfacet
  facet normal 0 0 1
    outer loop
      vertex 41.99937912076712 -15.937625147402287 3
      vertex 44.98509541898966 -16.29864154011011 3
      vertex 44.997514218091965 -16.049807339906693 3
    endloop
  endfacet
  facet normal 0 0 1
    outer loop
      vertex 42 -15.912728801369667 3
      vertex 44.997514218091965 -16.049807339906693 3
      vertex 45 -15.95013077557087 3
    endloop
  endfacet
  facet normal 0 0 1
    outer loop
      vertex 41.99937912076712 -15.937625147402287 3
      vertex 44.997514218091965 -16.049807339906693 3
      vertex 42 -15.912728801369667 3
    endloop
  endfacet
  facet normal -1 0 0
    outer loop
      vertex 42 -15.912728801369667 3
      vertex 42 15.91272871941328 2
      vertex 42 -15.912728801369667 2
    endloop
  endfacet
  facet normal 1 0 0
    outer loop
      vertex 45 -15.95013077557087 3
      vertex 45 -15.95013077557087 2
      vertex 45 15.95013077557087 3
    endloop
  endfacet
  facet normal 0 0 1
    outer loop
      vertex 42 -15.912728801369667 3
      vertex 45 -15.95013077557087 3
      vertex 42 15.91272871941328 3
    endloop
  endfacet
  facet normal 0 -1 0
    outer loop
      vertex 40.856643319129944 16.998756729066372 3
      vertex -33.06321522593498 16.998756729066372 2
      vertex 40.856643319129944 16.998756729066372 2
    endloop
  endfacet
  facet normal 0 1 0
    outer loop
      vertex -33.06321522593498 19.998756729066372 3
      vertex 40.87534376978874 19.998756729066372 3
      vertex 40.87534376978874 19.998756729066372 2
    endloop
  endfacet
  facet normal 0 0 1
    outer loop
      vertex -33.06321522593498 19.998756729066372 3
      vertex 40.856643319129944 16.998756729066372 3
      vertex 40.87534376978874 19.998756729066372 3
    endloop
  endfacet
  facet normal 1 0 0
    outer loop
      vertex 45 15.95013077557087 3
      vertex 45 -15.95013077557087 2
      vertex 45 15.95013077557087 2
    endloop
  endfacet
  facet normal -1 0 0
    outer loop
      vertex 42 -15.912728801369667 3
      vertex 42 15.91272871941328 3
      vertex 42 15.91272871941328 2
    endloop
  endfacet
  facet normal 0 0 1
    outer loop
      vertex 45 -15.95013077557087 3
      vertex 45 15.95013077557087 3
      vertex 42 15.91272871941328 3
    endloop
  endfacet
  facet normal -0.999689180732848 -0.024930742581943607 0
    outer loop
      vertex 42 15.91272871941328 3
      vertex 41.99937912076712 15.937625139951706 2
      vertex 42 15.91272871941328 2
    endloop
  endfacet
  facet normal -0.9987569213623131 -0.049845882787592166 0
    outer loop
      vertex 41.99937912076712 15.937625139951706 3
      vertex 41.992553889751434 16.074381604790688 2
      vertex 41.99937912076712 15.937625139951706 2
    endloop
  endfacet
  facet normal -0.9950307743284859 -0.09956785695822598 0
    outer loop
      vertex 41.992553889751434 16.074381604790688 3
      vertex 41.98761246353388 16.123763717710972 2
      vertex 41.992553889751434 16.074381604790688 2
    endloop
  endfacet
  facet normal -0.9888308107490518 -0.1490423688531986 0
    outer loop
      vertex 41.98761246353388 16.123763717710972 3
      vertex 41.98021560907364 16.172838605940342 2
      vertex 41.98761246353388 16.123763717710972 2
    endloop
  endfacet
  facet normal -0.980172493581367 -0.19814611484075306 0
    outer loop
      vertex 41.98021560907364 16.172838605940342 3
      vertex 41.97038186341524 16.22148334980011 2
      vertex 41.98021560907364 16.172838605940342 2
    endloop
  endfacet
  facet normal -0.9690772995991699 -0.24675734518263248 0
    outer loop
      vertex 41.97038186341524 16.22148334980011 3
      vertex 41.95813558995724 16.269577503204346 2
      vertex 41.97038186341524 16.22148334980011 2
    endloop
  endfacet
  facet normal -0.3184865879303141 -0.9479273671059963 0
    outer loop
      vertex 41.34042540937662 16.93531084805727 3
      vertex 41.293380707502365 16.951117023825645 2
      vertex 41.34042540937662 16.93531084805727 2
    endloop
  endfacet
  facet normal -0.9555728083339462 -0.2947551661511217 0
    outer loop
      vertex 41.95813558995724 16.269577503204346 3
      vertex 41.943507201969624 16.317001573741436 2
      vertex 41.95813558995724 16.269577503204346 2
    endloop
  endfacet
  facet normal -0.9396925899827165 -0.34202022795673076 0
    outer loop
      vertex 41.943507201969624 16.317001573741436 3
      vertex 41.92653313279152 16.363637432456017 2
      vertex 41.943507201969624 16.317001573741436 2
    endloop
  endfacet
  facet normal -0.9214762107631038 -0.38843479890152977 0
    outer loop
      vertex 41.92653313279152 16.363637432456017 3
      vertex 41.90725556015968 16.409369237720966 2
      vertex 41.92653313279152 16.363637432456017 2
    endloop
  endfacet
  facet normal -0.9009688849712898 -0.43388370367368095 0
    outer loop
      vertex 41.90725556015968 16.409369237720966 3
      vertex 41.88572235405445 16.454083405435085 2
      vertex 41.90725556015968 16.409369237720966 2
    endloop
  endfacet
  facet normal -0.8782215867862455 -0.47825395398537884 0
    outer loop
      vertex 41.88572235405445 16.454083405435085 3
      vertex 41.86198719590902 16.497668467462063 2
      vertex 41.88572235405445 16.454083405435085 2
    endloop
  endfacet
  facet normal -0.853290836347715 -0.5214352774841928 0
    outer loop
      vertex 41.86198719590902 16.497668467462063 3
      vertex 41.836108922958374 16.540016375482082 2
      vertex 41.86198719590902 16.497668467462063 2
    endloop
  endfacet
  facet normal -0.8262388180449685 -0.5633199939249923 0
    outer loop
      vertex 41.836108922958374 16.540016375482082 3
      vertex 41.808151952922344 16.58102172613144 2
      vertex 41.836108922958374 16.540016375482082 2
    endloop
  endfacet
  facet normal -0.7971324674839821 -0.6038044627881598 0
    outer loop
      vertex 41.808151952922344 16.58102172613144 3
      vertex 41.77818577736616 16.620582565665245 2
      vertex 41.808151952922344 16.58102172613144 2
    endloop
  endfacet
  facet normal -0.6616857708181607 -0.7497812619002802 0
    outer loop
      vertex 41.67700106650591 16.72963373363018 3
      vertex 41.6397902444005 16.762472473084927 2
      vertex 41.67700106650591 16.72963373363018 2
    endloop
  endfacet
  facet normal -0.6234898305973385 -0.7818314595497562 0
    outer loop
      vertex 41.6397902444005 16.762472473084927 3
      vertex 41.600989028811455 16.793415412306786 2
      vertex 41.6397902444005 16.762472473084927 2
    endloop
  endfacet
  facet normal -0.5000000497032242 -0.8660253750882668 0
    outer loop
      vertex 41.51900377124548 16.849312022328377 3
      vertex 41.47602389007807 16.874126471579075 2
      vertex 41.51900377124548 16.849312022328377 2
    endloop
  endfacet
  facet normal -0.41128709332705166 -0.9115058567352078 0
    outer loop
      vertex 41.43186058104038 16.896767683327198 3
      vertex 41.386623457074165 16.917179450392723 2
      vertex 41.43186058104038 16.896767683327198 2
    endloop
  endfacet
  facet normal -0.36534102516556954 -0.9308737483305514 0
    outer loop
      vertex 41.386623457074165 16.917179450392723 3
      vertex 41.34042540937662 16.93531084805727 2
      vertex 41.386623457074165 16.917179450392723 2
    endloop
  endfacet
  facet normal -0.45621072557907544 -0.8898717738340808 0
    outer loop
      vertex 41.47602389007807 16.874126471579075 3
      vertex 41.43186058104038 16.896767683327198 2
      vertex 41.47602389007807 16.874126471579075 2
    endloop
  endfacet
  facet normal -0.5837436180903949 -0.8119380446430227 0
    outer loop
      vertex 41.600989028811455 16.793415412306786 3
      vertex 41.56069324910641 16.822386100888252 2
      vertex 41.600989028811455 16.793415412306786 2
    endloop
  endfacet
  facet normal -0.5425462902446189 -0.840025906113497 0
    outer loop
      vertex 41.56069324910641 16.822386100888252 3
      vertex 41.51900377124548 16.849312022328377 2
      vertex 41.56069324910641 16.822386100888252 2
    endloop
  endfacet
  facet normal -0.7660444548446719 -0.6427875957124012 0
    outer loop
      vertex 41.77818577736616 16.620582565665245 3
      vertex 41.746285036206245 16.658600389957428 2
      vertex 41.77818577736616 16.620582565665245 2
    endloop
  endfacet
  facet normal -0.733051910651567 -0.6801726959310311 0
    outer loop
      vertex 41.746285036206245 16.658600389957428 3
      vertex 41.7125288695097 16.694980889558792 2
      vertex 41.746285036206245 16.658600389957428 2
    endloop
  endfacet
  facet normal -0.6982368495357517 -0.715866818584566 0
    outer loop
      vertex 41.7125288695097 16.694980889558792 3
      vertex 41.67700106650591 16.72963373363018 2
      vertex 41.7125288695097 16.694980889558792 2
    endloop
  endfacet
  facet normal -0.012466910754516279 -0.9999222850483125 0
    outer loop
      vertex 40.86910529434681 16.998601354658604 3
      vertex 40.856643319129944 16.998756729066372 2
      vertex 40.86910529434681 16.998601354658604 2
    endloop
  endfacet
  facet normal -0.024930687239015904 -0.9996891821130157 0
    outer loop
      vertex 41.04961363226175 16.994099758565426 3
      vertex 40.86910529434681 16.998601354658604 2
      vertex 41.04961363226175 16.994099758565426 2
    endloop
  endfacet
  facet normal -0.0747300989401344 -0.9972037967799751 0
    outer loop
      vertex 41.09910345822573 16.99039100855589 3
      vertex 41.04961363226175 16.994099758565426 2
      vertex 41.09910345822573 16.99039100855589 2
    endloop
  endfacet
  facet normal -0.12434364552867669 -0.9922392140087182 0
    outer loop
      vertex 41.14834727346897 16.98421996086836 3
      vertex 41.09910345822573 16.99039100855589 2
      vertex 41.14834727346897 16.98421996086836 2
    endloop
  endfacet
  facet normal -0.17364832173178132 -0.984807727609677 0
    outer loop
      vertex 41.1972221955657 16.975601986050606 3
      vertex 41.14834727346897 16.98421996086836 2
      vertex 41.1972221955657 16.975601986050606 2
    endloop
  endfacet
  facet normal -0.22252090730723398 -0.9749279182643019 0
    outer loop
      vertex 41.24560675770044 16.96455852687359 3
      vertex 41.1972221955657 16.975601986050606 2
      vertex 41.24560675770044 16.96455852687359 2
    endloop
  endfacet
  facet normal -0.27084042585891066 -0.9626242588469106 0
    outer loop
      vertex 41.293380707502365 16.951117023825645 3
      vertex 41.24560675770044 16.96455852687359 2
      vertex 41.293380707502365 16.951117023825645 2
    endloop
  endfacet
  facet normal 0.9996891806404086 0.02493074628864178 0
    outer loop
      vertex 44.997514218091965 16.049807265400887 3
      vertex 45 15.95013077557087 2
      vertex 44.997514218091965 16.049807265400887 2
    endloop
  endfacet
  facet normal 0.9987569214203863 0.04984588162398462 0
    outer loop
      vertex 44.98509541153908 16.29864164441824 3
      vertex 44.997514218091965 16.049807265400887 2
      vertex 44.98509541153908 16.29864164441824 2
    endloop
  endfacet
  facet normal 0.995030775710737 0.09956784314470793 0
    outer loop
      vertex 44.965255580842495 16.496910899877548 3
      vertex 44.98509541153908 16.29864164441824 2
      vertex 44.965255580842495 16.496910899877548 2
    endloop
  endfacet
  facet normal 0.9888308237731349 0.14904228244408904 0
    outer loop
      vertex 44.93555746227503 16.69394502043724 3
      vertex 44.965255580842495 16.496910899877548 2
      vertex 44.93555746227503 16.69394502043724 2
    endloop
  endfacet
  facet normal 0.9801724905321151 0.19814612992453542 0
    outer loop
      vertex 44.89607497304678 16.88925365358591 3
      vertex 44.93555746227503 16.69394502043724 2
      vertex 44.89607497304678 16.88925365358591 2
    endloop
  endfacet
  facet normal 0.969077289642777 0.24675738428385316 0
    outer loop
      vertex 44.84690619260073 17.082351617515087 3
      vertex 44.89607497304678 16.88925365358591 2
      vertex 44.84690619260073 17.082351617515087 2
    endloop
  endfacet
  facet normal 0.9555728033236471 0.2947551823941123 0
    outer loop
      vertex 44.78817343711853 17.272758528590202 3
      vertex 44.84690619260073 17.082351617515087 2
      vertex 44.78817343711853 17.272758528590202 2
    endloop
  endfacet
  facet normal 0.9396926149260665 0.34202015942545183 0
    outer loop
      vertex 44.72002263367176 17.460001312196255 3
      vertex 44.78817343711853 17.272758528590202 2
      vertex 44.72002263367176 17.460001312196255 2
    endloop
  endfacet
  facet normal 0.9214762129453603 0.3884347937246058 0
    outer loop
      vertex 44.64262329787016 17.64361423254013 3
      vertex 44.72002263367176 17.460001312196255 2
      vertex 44.64262329787016 17.64361423254013 2
    endloop
  endfacet
  facet normal -0.999689180732848 -0.024930742581943607 0
    outer loop
      vertex 41.99937912076712 15.937625139951706 3
      vertex 41.99937912076712 15.937625139951706 2
      vertex 42 15.91272871941328 3
    endloop
  endfacet
  facet normal -0.9987569213623131 -0.049845882787592166 0
    outer loop
      vertex 41.99937912076712 15.937625139951706 3
      vertex 41.992553889751434 16.074381604790688 3
      vertex 41.992553889751434 16.074381604790688 2
    endloop
  endfacet
  facet normal -0.9950307743284859 -0.09956785695822598 0
    outer loop
      vertex 41.992553889751434 16.074381604790688 3
      vertex 41.98761246353388 16.123763717710972 3
      vertex 41.98761246353388 16.123763717710972 2
    endloop
  endfacet
  facet normal -0.9888308107490518 -0.1490423688531986 0
    outer loop
      vertex 41.98761246353388 16.123763717710972 3
      vertex 41.98021560907364 16.172838605940342 3
      vertex 41.98021560907364 16.172838605940342 2
    endloop
  endfacet
  facet normal -0.9690772995991699 -0.24675734518263248 0
    outer loop
      vertex 41.97038186341524 16.22148334980011 3
      vertex 41.95813558995724 16.269577503204346 3
      vertex 41.95813558995724 16.269577503204346 2
    endloop
  endfacet
  facet normal -0.980172493581367 -0.19814611484075306 0
    outer loop
      vertex 41.98021560907364 16.172838605940342 3
      vertex 41.97038186341524 16.22148334980011 3
      vertex 41.97038186341524 16.22148334980011 2
    endloop
  endfacet
  facet normal -0.3184865879303141 -0.9479273671059963 0
    outer loop
      vertex 41.293380707502365 16.951117023825645 3
      vertex 41.293380707502365 16.951117023825645 2
      vertex 41.34042540937662 16.93531084805727 3
    endloop
  endfacet
  facet normal -0.9555728083339462 -0.2947551661511217 0
    outer loop
      vertex 41.95813558995724 16.269577503204346 3
      vertex 41.943507201969624 16.317001573741436 3
      vertex 41.943507201969624 16.317001573741436 2
    endloop
  endfacet
  facet normal -0.9396925899827165 -0.34202022795673076 0
    outer loop
      vertex 41.943507201969624 16.317001573741436 3
      vertex 41.92653313279152 16.363637432456017 3
      vertex 41.92653313279152 16.363637432456017 2
    endloop
  endfacet
  facet normal -0.9214762107631038 -0.38843479890152977 0
    outer loop
      vertex 41.92653313279152 16.363637432456017 3
      vertex 41.90725556015968 16.409369237720966 3
      vertex 41.90725556015968 16.409369237720966 2
    endloop
  endfacet
  facet normal -0.9009688849712898 -0.43388370367368095 0
    outer loop
      vertex 41.90725556015968 16.409369237720966 3
      vertex 41.88572235405445 16.454083405435085 3
      vertex 41.88572235405445 16.454083405435085 2
    endloop
  endfacet
  facet normal -0.8782215867862455 -0.47825395398537884 0
    outer loop
      vertex 41.86198719590902 16.497668467462063 3
      vertex 41.86198719590902 16.497668467462063 2
      vertex 41.88572235405445 16.454083405435085 3
    endloop
  endfacet
  facet normal -0.853290836347715 -0.5214352774841928 0
    outer loop
      vertex 41.86198719590902 16.497668467462063 3
      vertex 41.836108922958374 16.540016375482082 3
      vertex 41.836108922958374 16.540016375482082 2
    endloop
  endfacet
  facet normal -0.8262388180449685 -0.5633199939249923 0
    outer loop
      vertex 41.836108922958374 16.540016375482082 3
      vertex 41.808151952922344 16.58102172613144 3
      vertex 41.808151952922344 16.58102172613144 2
    endloop
  endfacet
  facet normal -0.7971324674839821 -0.6038044627881598 0
    outer loop
      vertex 41.808151952922344 16.58102172613144 3
      vertex 41.77818577736616 16.620582565665245 3
      vertex 41.77818577736616 16.620582565665245 2
    endloop
  endfacet
  facet normal -0.6982368495357517 -0.715866818584566 0
    outer loop
      vertex 41.67700106650591 16.72963373363018 3
      vertex 41.67700106650591 16.72963373363018 2
      vertex 41.7125288695097 16.694980889558792 3
    endloop
  endfacet
  facet normal -0.6234898305973385 -0.7818314595497562 0
    outer loop
      vertex 41.6397902444005 16.762472473084927 3
      vertex 41.600989028811455 16.793415412306786 3
      vertex 41.600989028811455 16.793415412306786 2
    endloop
  endfacet
  facet normal -0.6616857708181607 -0.7497812619002802 0
    outer loop
      vertex 41.67700106650591 16.72963373363018 3
      vertex 41.6397902444005 16.762472473084927 3
      vertex 41.6397902444005 16.762472473084927 2
    endloop
  endfacet
  facet normal -0.5000000497032242 -0.8660253750882668 0
    outer loop
      vertex 41.47602389007807 16.874126471579075 3
      vertex 41.47602389007807 16.874126471579075 2
      vertex 41.51900377124548 16.849312022328377 3
    endloop
  endfacet
  facet normal -0.36534102516556954 -0.9308737483305514 0
    outer loop
      vertex 41.34042540937662 16.93531084805727 3
      vertex 41.34042540937662 16.93531084805727 2
      vertex 41.386623457074165 16.917179450392723 3
    endloop
  endfacet
  facet normal -0.41128709332705166 -0.9115058567352078 0
    outer loop
      vertex 41.386623457074165 16.917179450392723 3
      vertex 41.386623457074165 16.917179450392723 2
      vertex 41.43186058104038 16.896767683327198 3
    endloop
  endfacet
  facet normal -0.45621072557907544 -0.8898717738340808 0
    outer loop
      vertex 41.43186058104038 16.896767683327198 3
      vertex 41.43186058104038 16.896767683327198 2
      vertex 41.47602389007807 16.874126471579075 3
    endloop
  endfacet
  facet normal -0.5837436180903949 -0.8119380446430227 0
    outer loop
      vertex 41.56069324910641 16.822386100888252 3
      vertex 41.56069324910641 16.822386100888252 2
      vertex 41.600989028811455 16.793415412306786 3
    endloop
  endfacet
  facet normal -0.5425462902446189 -0.840025906113497 0
    outer loop
      vertex 41.56069324910641 16.822386100888252 3
      vertex 41.51900377124548 16.849312022328377 3
      vertex 41.51900377124548 16.849312022328377 2
    endloop
  endfacet
  facet normal -0.7660444548446719 -0.6427875957124012 0
    outer loop
      vertex 41.77818577736616 16.620582565665245 3
      vertex 41.746285036206245 16.658600389957428 3
      vertex 41.746285036206245 16.658600389957428 2
    endloop
  endfacet
  facet normal -0.733051910651567 -0.6801726959310311 0
    outer loop
      vertex 41.7125288695097 16.694980889558792 3
      vertex 41.7125288695097 16.694980889558792 2
      vertex 41.746285036206245 16.658600389957428 3
    endloop
  endfacet
  facet normal -0.012466910754516279 -0.9999222850483125 0
    outer loop
      vertex 40.856643319129944 16.998756729066372 3
      vertex 40.856643319129944 16.998756729066372 2
      vertex 40.86910529434681 16.998601354658604 3
    endloop
  endfacet
  facet normal -0.024930687239015904 -0.9996891821130157 0
    outer loop
      vertex 40.86910529434681 16.998601354658604 3
      vertex 40.86910529434681 16.998601354658604 2
      vertex 41.04961363226175 16.994099758565426 3
    endloop
  endfacet
  facet normal -0.0747300989401344 -0.9972037967799751 0
    outer loop
      vertex 41.04961363226175 16.994099758565426 3
      vertex 41.04961363226175 16.994099758565426 2
      vertex 41.09910345822573 16.99039100855589 3
    endloop
  endfacet
  facet normal -0.12434364552867669 -0.9922392140087182 0
    outer loop
      vertex 41.09910345822573 16.99039100855589 3
      vertex 41.09910345822573 16.99039100855589 2
      vertex 41.14834727346897 16.98421996086836 3
    endloop
  endfacet
  facet normal -0.17364832173178132 -0.984807727609677 0
    outer loop
      vertex 41.14834727346897 16.98421996086836 3
      vertex 41.14834727346897 16.98421996086836 2
      vertex 41.1972221955657 16.975601986050606 3
    endloop
  endfacet
  facet normal -0.22252090730723398 -0.9749279182643019 0
    outer loop
      vertex 41.1972221955657 16.975601986050606 3
      vertex 41.1972221955657 16.975601986050606 2
      vertex 41.24560675770044 16.96455852687359 3
    endloop
  endfacet
  facet normal -0.27084042585891066 -0.9626242588469106 0
    outer loop
      vertex 41.293380707502365 16.951117023825645 3
      vertex 41.24560675770044 16.96455852687359 3
      vertex 41.24560675770044 16.96455852687359 2
    endloop
  endfacet
  facet normal 0.9996891806404086 0.02493074628864178 0
    outer loop
      vertex 45 15.95013077557087 3
      vertex 45 15.95013077557087 2
      vertex 44.997514218091965 16.049807265400887 3
    endloop
  endfacet
  facet normal 0.9987569214203863 0.04984588162398462 0
    outer loop
      vertex 44.997514218091965 16.049807265400887 3
      vertex 44.997514218091965 16.049807265400887 2
      vertex 44.98509541153908 16.29864164441824 3
    endloop
  endfacet
  facet normal 0.995030775710737 0.09956784314470793 0
    outer loop
      vertex 44.98509541153908 16.29864164441824 3
      vertex 44.98509541153908 16.29864164441824 2
      vertex 44.965255580842495 16.496910899877548 3
    endloop
  endfacet
  facet normal 0.9888308237731349 0.14904228244408904 0
    outer loop
      vertex 44.965255580842495 16.496910899877548 3
      vertex 44.965255580842495 16.496910899877548 2
      vertex 44.93555746227503 16.69394502043724 3
    endloop
  endfacet
  facet normal 0.9801724905321151 0.19814612992453542 0
    outer loop
      vertex 44.93555746227503 16.69394502043724 3
      vertex 44.93555746227503 16.69394502043724 2
      vertex 44.89607497304678 16.88925365358591 3
    endloop
  endfacet
  facet normal 0.969077289642777 0.24675738428385316 0
    outer loop
      vertex 44.89607497304678 16.88925365358591 3
      vertex 44.89607497304678 16.88925365358591 2
      vertex 44.84690619260073 17.082351617515087 3
    endloop
  endfacet
  facet normal 0.9555728033236471 0.2947551823941123 0
    outer loop
      vertex 44.84690619260073 17.082351617515087 3
      vertex 44.84690619260073 17.082351617515087 2
      vertex 44.78817343711853 17.272758528590202 3
    endloop
  endfacet
  facet normal 0.9396926149260665 0.34202015942545183 0
    outer loop
      vertex 44.78817343711853 17.272758528590202 3
      vertex 44.78817343711853 17.272758528590202 2
      vertex 44.72002263367176 17.460001312196255 3
    endloop
  endfacet
  facet normal 0.9214762129453603 0.3884347937246058 0
    outer loop
      vertex 44.72002263367176 17.460001312196255 3
      vertex 44.72002263367176 17.460001312196255 2
      vertex 44.64262329787016 17.64361423254013 3
    endloop
  endfacet
  facet normal 0 0 1
    outer loop
      vertex 41.99937912076712 15.937625139951706 3
      vertex 42 15.91272871941328 3
      vertex 44.997514218091965 16.049807265400887 3
    endloop
  endfacet
  facet normal 0 0 1
    outer loop
      vertex 41.99937912076712 15.937625139951706 3
      vertex 44.98509541153908 16.29864164441824 3
      vertex 41.992553889751434 16.074381604790688 3
    endloop
  endfacet
  facet normal 0 0 1
    outer loop
      vertex 41.992553889751434 16.074381604790688 3
      vertex 44.965255580842495 16.496910899877548 3
      vertex 41.98761246353388 16.123763717710972 3
    endloop
  endfacet
  facet normal 0 0 1
    outer loop
      vertex 42 15.91272871941328 3
      vertex 45 15.95013077557087 3
      vertex 44.997514218091965 16.049807265400887 3
    endloop
  endfacet
  facet normal 0 0 1
    outer loop
      vertex 41.99937912076712 15.937625139951706 3
      vertex 44.997514218091965 16.049807265400887 3
      vertex 44.98509541153908 16.29864164441824 3
    endloop
  endfacet
  facet normal 0 0 1
    outer loop
      vertex 41.90725556015968 16.409369237720966 3
      vertex 44.55616784095764 17.82314083725214 3
      vertex 41.88572235405445 16.454083405435085 3
    endloop
  endfacet
  facet normal 0 0 1
    outer loop
      vertex 41.98761246353388 16.123763717710972 3
      vertex 44.93555746227503 16.69394502043724 3
      vertex 41.98021560907364 16.172838605940342 3
    endloop
  endfacet
  facet normal 0 0 1
    outer loop
      vertex 41.98021560907364 16.172838605940342 3
      vertex 44.89607497304678 16.88925365358591 3
      vertex 41.97038186341524 16.22148334980011 3
    endloop
  endfacet
  facet normal 0 0 1
    outer loop
      vertex 41.97038186341524 16.22148334980011 3
      vertex 44.84690619260073 17.082351617515087 3
      vertex 41.95813558995724 16.269577503204346 3
    endloop
  endfacet
  facet normal 0 0 1
    outer loop
      vertex 41.95813558995724 16.269577503204346 3
      vertex 44.78817343711853 17.272758528590202 3
      vertex 41.943507201969624 16.317001573741436 3
    endloop
  endfacet
  facet normal 0 0 1
    outer loop
      vertex 41.943507201969624 16.317001573741436 3
      vertex 44.72002263367176 17.460001312196255 3
      vertex 41.92653313279152 16.363637432456017 3
    endloop
  endfacet
  facet normal 0 0 1
    outer loop
      vertex 41.92653313279152 16.363637432456017 3
      vertex 44.64262329787016 17.64361423254013 3
      vertex 41.90725556015968 16.409369237720966 3
    endloop
  endfacet
  facet normal 0 0 1
    outer loop
      vertex 41.86198719590902 16.497668467462063 3
      vertex 41.88572235405445 16.454083405435085 3
      vertex 44.460871152579784 17.998134911060333 3
    endloop
  endfacet
  facet normal 0 0 1
    outer loop
      vertex 41.86198719590902 16.497668467462063 3
      vertex 44.356970235705376 18.16816122084856 3
      vertex 41.836108922958374 16.540016375482082 3
    endloop
  endfacet
  facet normal 0 0 1
    outer loop
      vertex 41.808151952922344 16.58102172613144 3
      vertex 44.12440948188305 18.491633526980877 3
      vertex 41.77818577736616 16.620582565665245 3
    endloop
  endfacet
  facet normal 0 0 1
    outer loop
      vertex 41.836108922958374 16.540016375482082 3
      vertex 44.244723312556744 18.332797214388847 3
      vertex 41.808151952922344 16.58102172613144 3
    endloop
  endfacet
  facet normal 0 0 1
    outer loop
      vertex 41.67700106650591 16.72963373363018 3
      vertex 41.7125288695097 16.694980889558792 3
      vertex 43.71815375238657 18.92947306483984 3
    endloop
  endfacet
  facet normal 0 0 1
    outer loop
      vertex 41.6397902444005 16.762472473084927 3
      vertex 43.41296548396349 19.185556441545486 3
      vertex 41.600989028811455 16.793415412306786 3
    endloop
  endfacet
  facet normal 0 0 1
    outer loop
      vertex 41.67700106650591 16.72963373363018 3
      vertex 43.56875263899565 19.061320327222347 3
      vertex 41.6397902444005 16.762472473084927 3
    endloop
  endfacet
  facet normal 0 0 1
    outer loop
      vertex 41.77818577736616 16.620582565665245 3
      vertex 43.99632801860571 18.644275076687336 3
      vertex 41.746285036206245 16.658600389957428 3
    endloop
  endfacet
  facet normal 0 0 1
    outer loop
      vertex 41.7125288695097 16.694980889558792 3
      vertex 41.746285036206245 16.658600389957428 3
      vertex 43.860797107219696 18.790342658758163 3
    endloop
  endfacet
  facet normal 0 0 1
    outer loop
      vertex 41.992553889751434 16.074381604790688 3
      vertex 44.98509541153908 16.29864164441824 3
      vertex 44.965255580842495 16.496910899877548 3
    endloop
  endfacet
  facet normal 0 0 1
    outer loop
      vertex 41.98761246353388 16.123763717710972 3
      vertex 44.965255580842495 16.496910899877548 3
      vertex 44.93555746227503 16.69394502043724 3
    endloop
  endfacet
  facet normal 0 0 1
    outer loop
      vertex 41.98021560907364 16.172838605940342 3
      vertex 44.93555746227503 16.69394502043724 3
      vertex 44.89607497304678 16.88925365358591 3
    endloop
  endfacet
  facet normal 0 0 1
    outer loop
      vertex 41.95813558995724 16.269577503204346 3
      vertex 44.84690619260073 17.082351617515087 3
      vertex 44.78817343711853 17.272758528590202 3
    endloop
  endfacet
  facet normal 0 0 1
    outer loop
      vertex 41.97038186341524 16.22148334980011 3
      vertex 44.89607497304678 16.88925365358591 3
      vertex 44.84690619260073 17.082351617515087 3
    endloop
  endfacet
  facet normal 0 0 1
    outer loop
      vertex 41.943507201969624 16.317001573741436 3
      vertex 44.78817343711853 17.272758528590202 3
      vertex 44.72002263367176 17.460001312196255 3
    endloop
  endfacet
  facet normal 0 0 1
    outer loop
      vertex 41.92653313279152 16.363637432456017 3
      vertex 44.72002263367176 17.460001312196255 3
      vertex 44.64262329787016 17.64361423254013 3
    endloop
  endfacet
  facet normal 0 0 1
    outer loop
      vertex 41.90725556015968 16.409369237720966 3
      vertex 44.64262329787016 17.64361423254013 3
      vertex 44.55616784095764 17.82314083725214 3
    endloop
  endfacet
  facet normal 0 0 1
    outer loop
      vertex 41.88572235405445 16.454083405435085 3
      vertex 44.55616784095764 17.82314083725214 3
      vertex 44.460871152579784 17.998134911060333 3
    endloop
  endfacet
  facet normal 0 0 1
    outer loop
      vertex 41.86198719590902 16.497668467462063 3
      vertex 44.460871152579784 17.998134911060333 3
      vertex 44.356970235705376 18.16816122084856 3
    endloop
  endfacet
  facet normal 0.012466346534725345 0.9999222920827779 0
    outer loop
      vertex 40.87534376978874 19.998756729066372 3
      vertex 40.92520289123058 19.99813511967659 2
      vertex 40.87534376978874 19.998756729066372 2
    endloop
  endfacet
  facet normal 0.024930710872150697 0.999689181523642 0
    outer loop
      vertex 40.92520289123058 19.99813511967659 3
      vertex 41.199197709560394 19.991302110254765 2
      vertex 40.92520289123058 19.99813511967659 2
    endloop
  endfacet
  facet normal 0.07473007820758867 0.9972037983336645 0
    outer loop
      vertex 41.199197709560394 19.991302110254765 3
      vertex 41.397899843752384 19.976411446928978 2
      vertex 41.199197709560394 19.991302110254765 2
    endloop
  endfacet
  facet normal 0.12434369348778765 0.9922392079986636 0
    outer loop
      vertex 41.397899843752384 19.976411446928978 3
      vertex 41.59561315178871 19.951634757220745 2
      vertex 41.397899843752384 19.976411446928978 2
    endloop
  endfacet
  facet normal 0.1736481954924522 0.9848077498690875 0
    outer loop
      vertex 41.59561315178871 19.951634757220745 3
      vertex 41.79184550791979 19.917033694684505 2
      vertex 41.59561315178871 19.951634757220745 2
    endloop
  endfacet
  facet normal 0.22252096373016644 0.9749279053861356 0
    outer loop
      vertex 41.79184550791979 19.917033694684505 3
      vertex 41.98610910028219 19.87269429117441 2
      vertex 41.79184550791979 19.917033694684505 2
    endloop
  endfacet
  facet normal 0.27084046471218665 0.9626242479152947 0
    outer loop
      vertex 41.98610910028219 19.87269429117441 3
      vertex 42.17792120575905 19.818726733326912 2
      vertex 41.98610910028219 19.87269429117441 2
    endloop
  endfacet
  facet normal 0.900968866563419 0.4338837418980205 0
    outer loop
      vertex 44.55616784095764 17.82314083725214 3
      vertex 44.64262329787016 17.64361423254013 2
      vertex 44.55616784095764 17.82314083725214 2
    endloop
  endfacet
  facet normal 0.8782215840023091 0.4782539590975438 0
    outer loop
      vertex 44.460871152579784 17.998134911060333 3
      vertex 44.55616784095764 17.82314083725214 2
      vertex 44.460871152579784 17.998134911060333 2
    endloop
  endfacet
  facet normal 0.8532908776077736 0.5214352099651072 0
    outer loop
      vertex 44.356970235705376 18.16816122084856 3
      vertex 44.460871152579784 17.998134911060333 2
      vertex 44.356970235705376 18.16816122084856 2
    endloop
  endfacet
  facet normal 0.8262387665059674 0.5633200695188284 0
    outer loop
      vertex 44.244723312556744 18.332797214388847 3
      vertex 44.356970235705376 18.16816122084856 2
      vertex 44.244723312556744 18.332797214388847 2
    endloop
  endfacet
  facet normal 0.7971325089331512 0.6038044080676618 0
    outer loop
      vertex 44.12440948188305 18.491633526980877 3
      vertex 44.244723312556744 18.332797214388847 2
      vertex 44.12440948188305 18.491633526980877 2
    endloop
  endfacet
  facet normal 0.7660444549402614 0.642787595598482 0
    outer loop
      vertex 43.99632801860571 18.644275076687336 3
      vertex 44.12440948188305 18.491633526980877 2
      vertex 43.99632801860571 18.644275076687336 2
    endloop
  endfacet
  facet normal 0.6982368297194174 0.7158668379128743 0
    outer loop
      vertex 43.71815375238657 18.92947306483984 3
      vertex 43.860797107219696 18.790342658758163 2
      vertex 43.71815375238657 18.92947306483984 2
    endloop
  endfacet
  facet normal 0.7330518681240406 0.6801727417648067 0
    outer loop
      vertex 43.860797107219696 18.790342658758163 3
      vertex 43.99632801860571 18.644275076687336 2
      vertex 43.860797107219696 18.790342658758163 2
    endloop
  endfacet
  facet normal 0.4562106793130544 0.8898717975532888 0
    outer loop
      vertex 42.73391655087471 19.600514642894268 3
      vertex 42.911231957376 19.50961033254862 2
      vertex 42.73391655087471 19.600514642894268 2
    endloop
  endfacet
  facet normal 0.5837436667516833 0.8119380096579416 0
    outer loop
      vertex 43.25117886811495 19.301873095333576 3
      vertex 43.41296548396349 19.185556441545486 2
      vertex 43.25117886811495 19.301873095333576 2
    endloop
  endfacet
  facet normal 0.6234898136854862 0.7818314730365091 0
    outer loop
      vertex 43.41296548396349 19.185556441545486 3
      vertex 43.56875263899565 19.061320327222347 2
      vertex 43.41296548396349 19.185556441545486 2
    endloop
  endfacet
  facet normal 0.54254626235556 0.8400259241261615 0
    outer loop
      vertex 43.08379574120045 19.409980580210686 3
      vertex 43.25117886811495 19.301873095333576 2
      vertex 43.08379574120045 19.409980580210686 2
    endloop
  endfacet
  facet normal 0.5000000199281952 0.8660253922788895 0
    outer loop
      vertex 42.911231957376 19.50961033254862 3
      vertex 43.08379574120045 19.409980580210686 2
      vertex 42.911231957376 19.50961033254862 2
    endloop
  endfacet
  facet normal 0.3184866360860152 0.9479273509265435 0
    outer loop
      vertex 42.17792120575905 19.818726733326912 3
      vertex 42.36680483072996 19.755265213549137 2
      vertex 42.17792120575905 19.818726733326912 2
    endloop
  endfacet
  facet normal 0.36534103984597355 0.9308737425689172 0
    outer loop
      vertex 42.36680483072996 19.755265213549137 3
      vertex 42.55229018628597 19.682467572391033 2
      vertex 42.36680483072996 19.755265213549137 2
    endloop
  endfacet
  facet normal 0.4112870734265299 0.9115058657146645 0
    outer loop
      vertex 42.55229018628597 19.682467572391033 3
      vertex 42.73391655087471 19.600514642894268 2
      vertex 42.55229018628597 19.682467572391033 2
    endloop
  endfacet
  facet normal 0.6616858306174871 0.7497812091270668 0
    outer loop
      vertex 43.56875263899565 19.061320327222347 3
      vertex 43.71815375238657 18.92947306483984 2
      vertex 43.56875263899565 19.061320327222347 2
    endloop
  endfacet
  facet normal 0.012466346534725345 0.9999222920827779 0
    outer loop
      vertex 40.92520289123058 19.99813511967659 3
      vertex 40.92520289123058 19.99813511967659 2
      vertex 40.87534376978874 19.998756729066372 3
    endloop
  endfacet
  facet normal 0.024930710872150697 0.999689181523642 0
    outer loop
      vertex 40.92520289123058 19.99813511967659 3
      vertex 41.199197709560394 19.991302110254765 3
      vertex 41.199197709560394 19.991302110254765 2
    endloop
  endfacet
  facet normal 0.12434369348778765 0.9922392079986636 0
    outer loop
      vertex 41.59561315178871 19.951634757220745 3
      vertex 41.59561315178871 19.951634757220745 2
      vertex 41.397899843752384 19.976411446928978 3
    endloop
  endfacet
  facet normal 0.1736481954924522 0.9848077498690875 0
    outer loop
      vertex 41.59561315178871 19.951634757220745 3
      vertex 41.79184550791979 19.917033694684505 3
      vertex 41.79184550791979 19.917033694684505 2
    endloop
  endfacet
  facet normal 0.22252096373016644 0.9749279053861356 0
    outer loop
      vertex 41.79184550791979 19.917033694684505 3
      vertex 41.98610910028219 19.87269429117441 3
      vertex 41.98610910028219 19.87269429117441 2
    endloop
  endfacet
  facet normal 0.07473007820758867 0.9972037983336645 0
    outer loop
      vertex 41.199197709560394 19.991302110254765 3
      vertex 41.397899843752384 19.976411446928978 3
      vertex 41.397899843752384 19.976411446928978 2
    endloop
  endfacet
  facet normal 0.900968866563419 0.4338837418980205 0
    outer loop
      vertex 44.55616784095764 17.82314083725214 3
      vertex 44.64262329787016 17.64361423254013 3
      vertex 44.64262329787016 17.64361423254013 2
    endloop
  endfacet
  facet normal 0.8782215840023091 0.4782539590975438 0
    outer loop
      vertex 44.55616784095764 17.82314083725214 3
      vertex 44.55616784095764 17.82314083725214 2
      vertex 44.460871152579784 17.998134911060333 3
    endloop
  endfacet
  facet normal 0.8532908776077736 0.5214352099651072 0
    outer loop
      vertex 44.460871152579784 17.998134911060333 3
      vertex 44.460871152579784 17.998134911060333 2
      vertex 44.356970235705376 18.16816122084856 3
    endloop
  endfacet
  facet normal 0.8262387665059674 0.5633200695188284 0
    outer loop
      vertex 44.356970235705376 18.16816122084856 3
      vertex 44.356970235705376 18.16816122084856 2
      vertex 44.244723312556744 18.332797214388847 3
    endloop
  endfacet
  facet normal 0.7971325089331512 0.6038044080676618 0
    outer loop
      vertex 44.244723312556744 18.332797214388847 3
      vertex 44.244723312556744 18.332797214388847 2
      vertex 44.12440948188305 18.491633526980877 3
    endloop
  endfacet
  facet normal 0.7660444549402614 0.642787595598482 0
    outer loop
      vertex 44.12440948188305 18.491633526980877 3
      vertex 44.12440948188305 18.491633526980877 2
      vertex 43.99632801860571 18.644275076687336 3
    endloop
  endfacet
  facet normal 0.6982368297194174 0.7158668379128743 0
    outer loop
      vertex 43.860797107219696 18.790342658758163 3
      vertex 43.860797107219696 18.790342658758163 2
      vertex 43.71815375238657 18.92947306483984 3
    endloop
  endfacet
  facet normal 0.7330518681240406 0.6801727417648067 0
    outer loop
      vertex 43.860797107219696 18.790342658758163 3
      vertex 43.99632801860571 18.644275076687336 3
      vertex 43.99632801860571 18.644275076687336 2
    endloop
  endfacet
  facet normal 0.4112870734265299 0.9115058657146645 0
    outer loop
      vertex 42.73391655087471 19.600514642894268 3
      vertex 42.73391655087471 19.600514642894268 2
      vertex 42.55229018628597 19.682467572391033 3
    endloop
  endfacet
  facet normal 0.6234898136854862 0.7818314730365091 0
    outer loop
      vertex 43.41296548396349 19.185556441545486 3
      vertex 43.56875263899565 19.061320327222347 3
      vertex 43.56875263899565 19.061320327222347 2
    endloop
  endfacet
  facet normal 0.5837436667516833 0.8119380096579416 0
    outer loop
      vertex 43.25117886811495 19.301873095333576 3
      vertex 43.41296548396349 19.185556441545486 3
      vertex 43.41296548396349 19.185556441545486 2
    endloop
  endfacet
  facet normal 0.5000000199281952 0.8660253922788895 0
    outer loop
      vertex 43.08379574120045 19.409980580210686 3
      vertex 43.08379574120045 19.409980580210686 2
      vertex 42.911231957376 19.50961033254862 3
    endloop
  endfacet
  facet normal 0.4562106793130544 0.8898717975532888 0
    outer loop
      vertex 42.73391655087471 19.600514642894268 3
      vertex 42.911231957376 19.50961033254862 3
      vertex 42.911231957376 19.50961033254862 2
    endloop
  endfacet
  facet normal 0.54254626235556 0.8400259241261615 0
    outer loop
      vertex 43.25117886811495 19.301873095333576 3
      vertex 43.25117886811495 19.301873095333576 2
      vertex 43.08379574120045 19.409980580210686 3
    endloop
  endfacet
  facet normal 0.3184866360860152 0.9479273509265435 0
    outer loop
      vertex 42.36680483072996 19.755265213549137 3
      vertex 42.36680483072996 19.755265213549137 2
      vertex 42.17792120575905 19.818726733326912 3
    endloop
  endfacet
  facet normal 0.27084046471218665 0.9626242479152947 0
    outer loop
      vertex 41.98610910028219 19.87269429117441 3
      vertex 42.17792120575905 19.818726733326912 3
      vertex 42.17792120575905 19.818726733326912 2
    endloop
  endfacet
  facet normal 0.36534103984597355 0.9308737425689172 0
    outer loop
      vertex 42.36680483072996 19.755265213549137 3
      vertex 42.55229018628597 19.682467572391033 3
      vertex 42.55229018628597 19.682467572391033 2
    endloop
  endfacet
  facet normal 0.6616858306174871 0.7497812091270668 0
    outer loop
      vertex 43.71815375238657 18.92947306483984 3
      vertex 43.71815375238657 18.92947306483984 2
      vertex 43.56875263899565 19.061320327222347 3
    endloop
  endfacet
  facet normal 0 0 1
    outer loop
      vertex 40.856643319129944 16.998756729066372 3
      vertex 40.86910529434681 16.998601354658604 3
      vertex 40.87534376978874 19.998756729066372 3
    endloop
  endfacet
  facet normal 0 0 1
    outer loop
      vertex 40.86910529434681 16.998601354658604 3
      vertex 41.04961363226175 16.994099758565426 3
      vertex 40.92520289123058 19.99813511967659 3
    endloop
  endfacet
  facet normal 0 0 1
    outer loop
      vertex 41.04961363226175 16.994099758565426 3
      vertex 41.09910345822573 16.99039100855589 3
      vertex 41.199197709560394 19.991302110254765 3
    endloop
  endfacet
  facet normal 0 0 1
    outer loop
      vertex 41.09910345822573 16.99039100855589 3
      vertex 41.14834727346897 16.98421996086836 3
      vertex 41.397899843752384 19.976411446928978 3
    endloop
  endfacet
  facet normal 0 0 1
    outer loop
      vertex 41.14834727346897 16.98421996086836 3
      vertex 41.1972221955657 16.975601986050606 3
      vertex 41.59561315178871 19.951634757220745 3
    endloop
  endfacet
  facet normal 0 0 1
    outer loop
      vertex 41.1972221955657 16.975601986050606 3
      vertex 41.24560675770044 16.96455852687359 3
      vertex 41.79184550791979 19.917033694684505 3
    endloop
  endfacet
  facet normal 0 0 1
    outer loop
      vertex 41.293380707502365 16.951117023825645 3
      vertex 41.98610910028219 19.87269429117441 3
      vertex 41.24560675770044 16.96455852687359 3
    endloop
  endfacet
  facet normal 0 0 1
    outer loop
      vertex 41.293380707502365 16.951117023825645 3
      vertex 41.34042540937662 16.93531084805727 3
      vertex 42.17792120575905 19.818726733326912 3
    endloop
  endfacet
  facet normal 0 0 1
    outer loop
      vertex 41.56069324910641 16.822386100888252 3
      vertex 43.08379574120045 19.409980580210686 3
      vertex 41.51900377124548 16.849312022328377 3
    endloop
  endfacet
  facet normal 0 0 1
    outer loop
      vertex 41.47602389007807 16.874126471579075 3
      vertex 41.51900377124548 16.849312022328377 3
      vertex 42.911231957376 19.50961033254862 3
    endloop
  endfacet
  facet normal 0 0 1
    outer loop
      vertex 41.43186058104038 16.896767683327198 3
      vertex 41.47602389007807 16.874126471579075 3
      vertex 42.73391655087471 19.600514642894268 3
    endloop
  endfacet
  facet normal 0 0 1
    outer loop
      vertex 41.34042540937662 16.93531084805727 3
      vertex 41.386623457074165 16.917179450392723 3
      vertex 42.36680483072996 19.755265213549137 3
    endloop
  endfacet
  facet normal 0 0 1
    outer loop
      vertex 41.386623457074165 16.917179450392723 3
      vertex 41.43186058104038 16.896767683327198 3
      vertex 42.55229018628597 19.682467572391033 3
    endloop
  endfacet
  facet normal 0 0 1
    outer loop
      vertex 41.1972221955657 16.975601986050606 3
      vertex 41.79184550791979 19.917033694684505 3
      vertex 41.59561315178871 19.951634757220745 3
    endloop
  endfacet
  facet normal 0 0 1
    outer loop
      vertex 41.24560675770044 16.96455852687359 3
      vertex 41.98610910028219 19.87269429117441 3
      vertex 41.79184550791979 19.917033694684505 3
    endloop
  endfacet
  facet normal 0 0 1
    outer loop
      vertex 41.293380707502365 16.951117023825645 3
      vertex 42.17792120575905 19.818726733326912 3
      vertex 41.98610910028219 19.87269429117441 3
    endloop
  endfacet
  facet normal 0 0 1
    outer loop
      vertex 41.34042540937662 16.93531084805727 3
      vertex 42.36680483072996 19.755265213549137 3
      vertex 42.17792120575905 19.818726733326912 3
    endloop
  endfacet
  facet normal 0 0 1
    outer loop
      vertex 40.86910529434681 16.998601354658604 3
      vertex 40.92520289123058 19.99813511967659 3
      vertex 40.87534376978874 19.998756729066372 3
    endloop
  endfacet
  facet normal 0 0 1
    outer loop
      vertex 41.04961363226175 16.994099758565426 3
      vertex 41.199197709560394 19.991302110254765 3
      vertex 40.92520289123058 19.99813511967659 3
    endloop
  endfacet
  facet normal 0 0 1
    outer loop
      vertex 41.09910345822573 16.99039100855589 3
      vertex 41.397899843752384 19.976411446928978 3
      vertex 41.199197709560394 19.991302110254765 3
    endloop
  endfacet
  facet normal 0 0 1
    outer loop
      vertex 41.14834727346897 16.98421996086836 3
      vertex 41.59561315178871 19.951634757220745 3
      vertex 41.397899843752384 19.976411446928978 3
    endloop
  endfacet
  facet normal 0 0 1
    outer loop
      vertex 41.56069324910641 16.822386100888252 3
      vertex 41.600989028811455 16.793415412306786 3
      vertex 43.25117886811495 19.301873095333576 3
    endloop
  endfacet
  facet normal 0 0 1
    outer loop
      vertex 41.836108922958374 16.540016375482082 3
      vertex 44.356970235705376 18.16816122084856 3
      vertex 44.244723312556744 18.332797214388847 3
    endloop
  endfacet
  facet normal 0 0 1
    outer loop
      vertex 41.77818577736616 16.620582565665245 3
      vertex 44.12440948188305 18.491633526980877 3
      vertex 43.99632801860571 18.644275076687336 3
    endloop
  endfacet
  facet normal 0 0 1
    outer loop
      vertex 41.808151952922344 16.58102172613144 3
      vertex 44.244723312556744 18.332797214388847 3
      vertex 44.12440948188305 18.491633526980877 3
    endloop
  endfacet
  facet normal 0 0 1
    outer loop
      vertex 41.7125288695097 16.694980889558792 3
      vertex 43.860797107219696 18.790342658758163 3
      vertex 43.71815375238657 18.92947306483984 3
    endloop
  endfacet
  facet normal 0 0 1
    outer loop
      vertex 41.67700106650591 16.72963373363018 3
      vertex 43.71815375238657 18.92947306483984 3
      vertex 43.56875263899565 19.061320327222347 3
    endloop
  endfacet
  facet normal 0 0 1
    outer loop
      vertex 41.746285036206245 16.658600389957428 3
      vertex 43.99632801860571 18.644275076687336 3
      vertex 43.860797107219696 18.790342658758163 3
    endloop
  endfacet
  facet normal 0 0 1
    outer loop
      vertex 41.600989028811455 16.793415412306786 3
      vertex 43.41296548396349 19.185556441545486 3
      vertex 43.25117886811495 19.301873095333576 3
    endloop
  endfacet
  facet normal 0 0 1
    outer loop
      vertex 41.51900377124548 16.849312022328377 3
      vertex 43.08379574120045 19.409980580210686 3
      vertex 42.911231957376 19.50961033254862 3
    endloop
  endfacet
  facet normal 0 0 1
    outer loop
      vertex 41.56069324910641 16.822386100888252 3
      vertex 43.25117886811495 19.301873095333576 3
      vertex 43.08379574120045 19.409980580210686 3
    endloop
  endfacet
  facet normal 0 0 1
    outer loop
      vertex 41.386623457074165 16.917179450392723 3
      vertex 42.55229018628597 19.682467572391033 3
      vertex 42.36680483072996 19.755265213549137 3
    endloop
  endfacet
  facet normal 0 0 1
    outer loop
      vertex 41.43186058104038 16.896767683327198 3
      vertex 42.73391655087471 19.600514642894268 3
      vertex 42.55229018628597 19.682467572391033 3
    endloop
  endfacet
  facet normal 0 0 1
    outer loop
      vertex 41.47602389007807 16.874126471579075 3
      vertex 42.911231957376 19.50961033254862 3
      vertex 42.73391655087471 19.600514642894268 3
    endloop
  endfacet
  facet normal 0 0 1
    outer loop
      vertex 41.6397902444005 16.762472473084927 3
      vertex 43.56875263899565 19.061320327222347 3
      vertex 43.41296548396349 19.185556441545486 3
    endloop
  endfacet
endsolid OpenSCAD_Model
